
     =--------------------------------------------------------------------------------=
                      :::    :::           ::::::::         :::       ::: 
                     :+:   :+:           :+:    :+:        :+:       :+:  
                    +:+  +:+            +:+               +:+       +:+   
                   +#++:++             +#+               +#+  +:+  +#+    
                  +#+  +#+            +#+               +#+ +#+#+ +#+     
                 #+#   #+#           #+#    #+#         #+#+# #+#+#       
                ###    ###           ########           ###   ###         

       Koopmans functional implementation based on DFPT; please cite this program as

        N.Colonna, R. De Gennaro, E. Linscott, and N. Marzari, JCTC 18, 5435 (2022) 

                                                                                    

       If you use the non-collinear mode (with/without spin-orbit coupling) please cite

        A. Marrazzo and N. Colonna, Phys. Rev. Research 6, 033085 (2024)  
     =--------------------------------------------------------------------------------=

     Program KCW v.7.4 starts on 14Apr2025 at 16:17:46 
        Git branch: Coulomb_me
        Last git commit: 140e689901782c8134db5a3b00019569d766bac2-dirty
        Last git commit date: Fri Mar 21 16:08:22 2025 +0100
        Last git commit subject: forgot to brodcast input vars

     This program is part of the open-source Quantum ESPRESSO suite
     for quantum simulation of materials; please cite
         "P. Giannozzi et al., J. Phys.:Condens. Matter 21 395502 (2009);
         "P. Giannozzi et al., J. Phys.:Condens. Matter 29 465901 (2017);
         "P. Giannozzi et al., J. Chem. Phys. 152 154105 (2020);
          URL http://www.quantum-espresso.org", 
     in publications or presentations arising from this work. More details at
     http://www.quantum-espresso.org/quote

     Parallel version (MPI), running on     4 processors

     MPI processes distributed on     1 nodes
     R & G space division:  proc/nbgrp/npool/nimage =       4
     50328 MiB available memory on the printing compute node when the environment starts
 

     KCW INPUT SUMMARY 
     ============================================

      CONTROL 
       # title               =       W2K Silicon
       # out_dir             =/home/colonna_n/CO
       # prefix              =                Si
       # calculation         =            screen
       # kcw_iverbosity      =                 2
       # kcw_at_ks           =                 F
       # MP grid             =     2     2     2
       # spin_component      =                 1
       # homo_only           =                 F
       # read_unitary_matrix =                 T
       # check_ks            =                 T
       # l_vcut              =                 T
       # assume_isolated     =              none
       # io_sp               =                 F
       # io_real_space       =                 F
       # get_coulomb         =                 T
       # irr_bz              =                 F
           # use_wct         =                 F

      WANNIER 
       # seedname            =                Si
       # num_wann_occ        =                 4
       # num_wann_emp        =                 4
       # have_empty          =                 T
       # has_disentangle     =                 T
       # l_unique_manifold   =                 T

      SCREEN 
       # lrpa                =                 T
       # tr2                 =        0.1000E-17
       # niter               =                33
       # nmix                =                 4
       # eps_inf             =        0.1000E+01
       # check_spread        =                 F
     ============================================

     INFO: Reading pwscf data

     Reading xml data from directory:

     /home/colonna_n/CODES/q-e-kcw/tempdir/Si.save/

     IMPORTANT: XC functional enforced from input :
     Exchange-correlation= PW
                           (   1   4   0   0   0   0   0)
     Any further DFT definition will be discarded
     Please, verify this is what you really want

 
     Parallelization info
     --------------------
     sticks:   dense  smooth     PW     G-vecs:    dense   smooth      PW
     Min          73      73     22                  821      821     152
     Max          74      74     23                  823      823     153
     Sum         295     295     91                 3287     3287     609
 
     Using Slab Decomposition
 
     Reading collected, re-writing distributed wavefunctions

     INFO: Buffer for KS wfcs, OPENED

     INFO: Optimal Matrix READ

     INFO: total number of Wannier functions    8

     INFO: Unitary matrix, READ from file

     INFO: Buffer for WF rho, OPENED

     INFO: Dielectric tensor = NOT SPECIFIED
           NO Correction for the Screened Coulomb

     INFO: Coulomb q+G=0 treatment:
     INFO: Divergence            gb      
     INFO: q-grid dimension         2   2   2
     INFO: cell volume               270.256360799503
     INFO: Gamma Extrapolation       F
     INFO: extrapolation q->0 term not estimated
     INFO: Bare Coulomb q+G=0           -9.65859E+02
     INFO: Screened Coulomb q+G=0          0.000000000000
           Isotropic estimate              0.000000000000
     INFO: uPi(q+G=0) estimation           0.446732590576
     INFO: rPi(q+G=0) estimation           0.000000000000

     INFO: READING Wannier-orbital Densities ...

        ==============================================================================
        iq =     1
        The  Wannier density at  q =    0.0000000   0.0000000   0.0000000  [Cart ]
        The  Wannier density at  q =    0.0000000   0.0000000   0.0000000  [Cryst]
        ==============================================================================


        ==============================================================================
        iq =     2
        The  Wannier density at  q =   -0.5000000   0.5000000  -0.5000000  [Cart ]
        The  Wannier density at  q =    0.0000000   0.0000000   0.5000000  [Cryst]
        ==============================================================================


        ==============================================================================
        iq =     3
        The  Wannier density at  q =    0.5000000   0.5000000   0.5000000  [Cart ]
        The  Wannier density at  q =    0.0000000   0.5000000   0.0000000  [Cryst]
        ==============================================================================


        ==============================================================================
        iq =     4
        The  Wannier density at  q =    0.0000000   1.0000000   0.0000000  [Cart ]
        The  Wannier density at  q =    0.0000000   0.5000000   0.5000000  [Cryst]
        ==============================================================================


        ==============================================================================
        iq =     5
        The  Wannier density at  q =   -0.5000000  -0.5000000   0.5000000  [Cart ]
        The  Wannier density at  q =    0.5000000   0.0000000   0.0000000  [Cryst]
        ==============================================================================


        ==============================================================================
        iq =     6
        The  Wannier density at  q =   -1.0000000   0.0000000   0.0000000  [Cart ]
        The  Wannier density at  q =    0.5000000   0.0000000   0.5000000  [Cryst]
        ==============================================================================


        ==============================================================================
        iq =     7
        The  Wannier density at  q =    0.0000000   0.0000000   1.0000000  [Cart ]
        The  Wannier density at  q =    0.5000000   0.5000000   0.0000000  [Cryst]
        ==============================================================================


        ==============================================================================
        iq =     8
        The  Wannier density at  q =   -0.5000000   0.5000000   0.5000000  [Cart ]
        The  Wannier density at  q =    0.5000000   0.5000000   0.5000000  [Cryst]
        ==============================================================================

     INFO: total number of wannier to compute    8 from     1 to     8

     INFO: PREPARING THE KCW CALCULATION ... DONE




     INFO: LR CALCULATION ...

     INFO: total number of primitive cell    8


     ==============================================================================
     Calculation of q =    0.0000000   0.0000000   0.0000000  [Cart ]
     Calculation of q =    0.0000000   0.0000000   0.0000000  [Cryst]
     ==============================================================================

        INFO: prepare_q DONE

        INFO: rhowan_q(r) RETRIEVED

        INFO: kcw_q initialization DONE


        Start LR calculation for the wannier #  1   iq =  1   spin =  1

        SYM : iwann=     1 iq =     1 weight =   0.12500000

      iter #   1 total cpu time :     0.1 secs   av.it.:  13.1
      thresh= 1.000E-06 alpha_mix =  0.700 |ddv_scf|^2 =  2.695E-07

      iter #   2 total cpu time :     0.2 secs   av.it.:  13.0
      thresh= 1.000E-06 alpha_mix =  0.700 |ddv_scf|^2 =  1.521E-07

      iter #   3 total cpu time :     0.2 secs   av.it.:  12.1
      thresh= 1.000E-06 alpha_mix =  0.700 |ddv_scf|^2 =  1.863E-09

      iter #   4 total cpu time :     0.3 secs   av.it.:  11.3
      thresh= 4.316E-07 alpha_mix =  0.700 |ddv_scf|^2 =  2.849E-11

      iter #   5 total cpu time :     0.3 secs   av.it.:  11.4
      thresh= 5.337E-08 alpha_mix =  0.700 |ddv_scf|^2 =  1.098E-13

      iter #   6 total cpu time :     0.3 secs   av.it.:  11.4
      thresh= 3.313E-09 alpha_mix =  0.700 |ddv_scf|^2 =  1.529E-15

      iter #   7 total cpu time :     0.4 secs   av.it.:  11.4
      thresh= 3.911E-10 alpha_mix =  0.700 |ddv_scf|^2 =  2.695E-17

      iter #   8 total cpu time :     0.4 secs   av.it.:  11.2
      thresh= 5.191E-11 alpha_mix =  0.700 |ddv_scf|^2 =  5.288E-19
 (TO COMPARE with output) iq =            1 rvect=           0           0
           0 pi_q_unrelax= (0.481472913593866,-7.232144651221505E-019)
 (0.481472913593866,-7.232144651221505E-019) pi_q_relax = 
 (1.755505504983058E-002,-4.449746971145375E-012)
 (1.755505504983058E-002,-4.449746971145375E-012)
 (TO COMPARE with output) iq =            1 rvect=           0           0
           0 pi_q_unrelax= (0.481472913593866,-7.232144651221505E-019)
 (0.481472913593866,-7.232144651221505E-019) pi_q_relax = 
 (1.755505504983058E-002,-4.449746971145375E-012)
 (1.755505504983058E-002,-4.449746971145375E-012)
 (TO COMPARE with output) iq =            1 rvect=           0           0
           0 pi_q_unrelax= (0.481472913593866,-7.232144651221505E-019)
 (0.481472913593866,-7.232144651221505E-019) pi_q_relax = 
 (1.755505504983058E-002,-4.449746971145375E-012)
 (1.755505504983058E-002,-4.449746971145375E-012)
 (TO COMPARE with output) iq =            1 rvect=           0           0
           0 pi_q_unrelax= (0.481472913593866,-7.232144651221505E-019)
 (0.481472913593866,-7.232144651221505E-019) pi_q_relax = 
 (1.755505504983058E-002,-4.449746971145375E-012)
 (1.755505504983058E-002,-4.449746971145375E-012)

       INFO: Result without q+G=0      rPi*           0.01755506   uPi*           0.03474033
       INFO: The q+G=0 contribution   rPi(q+G=0)     0.00000000   uPi(q+G=0)     0.44673259

        iq =   1   iwann =   1   rPi_q =     0.01755506    -0.00000000   uPi_q =     0.48147291     0.00000000   SH_q =     0.24073646     0.00000000

        Start LR calculation for the wannier #  2   iq =  1   spin =  1

        SYM : iwann=     2 iq =     1 weight =   0.12500000

      iter #   1 total cpu time :     0.5 secs   av.it.:  13.1
      thresh= 1.000E-06 alpha_mix =  0.700 |ddv_scf|^2 =  2.695E-07

      iter #   2 total cpu time :     0.5 secs   av.it.:  12.9
      thresh= 1.000E-06 alpha_mix =  0.700 |ddv_scf|^2 =  1.521E-07

      iter #   3 total cpu time :     0.6 secs   av.it.:  12.1
      thresh= 1.000E-06 alpha_mix =  0.700 |ddv_scf|^2 =  1.863E-09

      iter #   4 total cpu time :     0.6 secs   av.it.:  11.4
      thresh= 4.316E-07 alpha_mix =  0.700 |ddv_scf|^2 =  2.849E-11

      iter #   5 total cpu time :     0.6 secs   av.it.:  11.6
      thresh= 5.337E-08 alpha_mix =  0.700 |ddv_scf|^2 =  1.098E-13

      iter #   6 total cpu time :     0.7 secs   av.it.:  11.4
      thresh= 3.314E-09 alpha_mix =  0.700 |ddv_scf|^2 =  1.530E-15

      iter #   7 total cpu time :     0.7 secs   av.it.:  11.4
      thresh= 3.911E-10 alpha_mix =  0.700 |ddv_scf|^2 =  2.695E-17

      iter #   8 total cpu time :     0.8 secs   av.it.:  11.2
      thresh= 5.192E-11 alpha_mix =  0.700 |ddv_scf|^2 =  5.290E-19
 (TO COMPARE with output) iq =            1 rvect=           0           0
           0 pi_q_unrelax= (0.481472910121886,7.953079560197662E-019)
 (0.481472910121886,7.953079560197662E-019) pi_q_relax = 
 (1.755505338590599E-002,-1.988915633899784E-012)
 (1.755505338590599E-002,-1.988915633899784E-012)
 (TO COMPARE with output) iq =            1 rvect=           0           0
           0 pi_q_unrelax= (0.481472910121886,7.953079560197662E-019)
 (0.481472910121886,7.953079560197662E-019) pi_q_relax = 
 (1.755505338590599E-002,-1.988915633899784E-012)
 (1.755505338590599E-002,-1.988915633899784E-012)
 (TO COMPARE with output) iq =            1 rvect=           0           0
           0 pi_q_unrelax= (0.481472910121886,7.953079560197662E-019)
 (0.481472910121886,7.953079560197662E-019) pi_q_relax = 
 (1.755505338590599E-002,-1.988915633899784E-012)
 (1.755505338590599E-002,-1.988915633899784E-012)
 (TO COMPARE with output) iq =            1 rvect=           0           0
           0 pi_q_unrelax= (0.481472910121886,7.953079560197662E-019)
 (0.481472910121886,7.953079560197662E-019) pi_q_relax = 
 (1.755505338590599E-002,-1.988915633899784E-012)
 (1.755505338590599E-002,-1.988915633899784E-012)

       INFO: Result without q+G=0      rPi*           0.01755505   uPi*           0.03474032
       INFO: The q+G=0 contribution   rPi(q+G=0)     0.00000000   uPi(q+G=0)     0.44673259

        iq =   1   iwann =   2   rPi_q =     0.01755505    -0.00000000   uPi_q =     0.48147291    -0.00000000   SH_q =     0.24073646     0.00000000

        Start LR calculation for the wannier #  3   iq =  1   spin =  1

        SYM : iwann=     3 iq =     1 weight =   0.12500000

      iter #   1 total cpu time :     0.8 secs   av.it.:  13.1
      thresh= 1.000E-06 alpha_mix =  0.700 |ddv_scf|^2 =  2.695E-07

      iter #   2 total cpu time :     0.9 secs   av.it.:  12.9
      thresh= 1.000E-06 alpha_mix =  0.700 |ddv_scf|^2 =  1.521E-07

      iter #   3 total cpu time :     0.9 secs   av.it.:  12.1
      thresh= 1.000E-06 alpha_mix =  0.700 |ddv_scf|^2 =  1.863E-09

      iter #   4 total cpu time :     1.0 secs   av.it.:  11.2
      thresh= 4.316E-07 alpha_mix =  0.700 |ddv_scf|^2 =  2.849E-11

      iter #   5 total cpu time :     1.0 secs   av.it.:  11.6
      thresh= 5.337E-08 alpha_mix =  0.700 |ddv_scf|^2 =  1.098E-13

      iter #   6 total cpu time :     1.1 secs   av.it.:  11.3
      thresh= 3.314E-09 alpha_mix =  0.700 |ddv_scf|^2 =  1.530E-15

      iter #   7 total cpu time :     1.1 secs   av.it.:  11.3
      thresh= 3.911E-10 alpha_mix =  0.700 |ddv_scf|^2 =  2.695E-17

      iter #   8 total cpu time :     1.1 secs   av.it.:  11.2
      thresh= 5.192E-11 alpha_mix =  0.700 |ddv_scf|^2 =  5.289E-19
 (TO COMPARE with output) iq =            1 rvect=           0           0
           0 pi_q_unrelax= (0.481472918926407,1.614365687354394E-019)
 (0.481472918926407,1.614365687354394E-019) pi_q_relax = 
 (1.755505754689367E-002,9.539556113957888E-013)
 (1.755505754689367E-002,9.539556113957888E-013)
 (TO COMPARE with output) iq =            1 rvect=           0           0
           0 pi_q_unrelax= (0.481472918926407,1.614365687354394E-019)
 (0.481472918926407,1.614365687354394E-019) pi_q_relax = 
 (1.755505754689367E-002,9.539556113957888E-013)
 (1.755505754689367E-002,9.539556113957888E-013)
 (TO COMPARE with output) iq =            1 rvect=           0           0
           0 pi_q_unrelax= (0.481472918926407,1.614365687354394E-019)
 (0.481472918926407,1.614365687354394E-019) pi_q_relax = 
 (1.755505754689367E-002,9.539556113957888E-013)
 (1.755505754689367E-002,9.539556113957888E-013)
 (TO COMPARE with output) iq =            1 rvect=           0           0
           0 pi_q_unrelax= (0.481472918926407,1.614365687354394E-019)
 (0.481472918926407,1.614365687354394E-019) pi_q_relax = 
 (1.755505754689367E-002,9.539556113957888E-013)
 (1.755505754689367E-002,9.539556113957888E-013)

       INFO: Result without q+G=0      rPi*           0.01755506   uPi*           0.03474033
       INFO: The q+G=0 contribution   rPi(q+G=0)     0.00000000   uPi(q+G=0)     0.44673259

        iq =   1   iwann =   3   rPi_q =     0.01755506     0.00000000   uPi_q =     0.48147292    -0.00000000   SH_q =     0.24073646     0.00000000

        Start LR calculation for the wannier #  4   iq =  1   spin =  1

        SYM : iwann=     4 iq =     1 weight =   0.12500000

      iter #   1 total cpu time :     1.2 secs   av.it.:  13.1
      thresh= 1.000E-06 alpha_mix =  0.700 |ddv_scf|^2 =  2.695E-07

      iter #   2 total cpu time :     1.2 secs   av.it.:  12.8
      thresh= 1.000E-06 alpha_mix =  0.700 |ddv_scf|^2 =  1.521E-07

      iter #   3 total cpu time :     1.3 secs   av.it.:  12.1
      thresh= 1.000E-06 alpha_mix =  0.700 |ddv_scf|^2 =  1.863E-09

      iter #   4 total cpu time :     1.3 secs   av.it.:  11.3
      thresh= 4.316E-07 alpha_mix =  0.700 |ddv_scf|^2 =  2.849E-11

      iter #   5 total cpu time :     1.4 secs   av.it.:  11.4
      thresh= 5.337E-08 alpha_mix =  0.700 |ddv_scf|^2 =  1.098E-13

      iter #   6 total cpu time :     1.4 secs   av.it.:  11.4
      thresh= 3.313E-09 alpha_mix =  0.700 |ddv_scf|^2 =  1.529E-15

      iter #   7 total cpu time :     1.4 secs   av.it.:  11.4
      thresh= 3.911E-10 alpha_mix =  0.700 |ddv_scf|^2 =  2.695E-17

      iter #   8 total cpu time :     1.5 secs   av.it.:  11.2
      thresh= 5.191E-11 alpha_mix =  0.700 |ddv_scf|^2 =  5.288E-19
 (TO COMPARE with output) iq =            1 rvect=           0           0
           0 pi_q_unrelax= (0.481472914171247,1.698288674677883E-019)
 (0.481472914171247,1.698288674677883E-019) pi_q_relax = 
 (1.755505525986684E-002,1.949025747103461E-012)
 (1.755505525986684E-002,1.949025747103461E-012)
 (TO COMPARE with output) iq =            1 rvect=           0           0
           0 pi_q_unrelax= (0.481472914171247,1.698288674677883E-019)
 (0.481472914171247,1.698288674677883E-019) pi_q_relax = 
 (1.755505525986684E-002,1.949025747103461E-012)
 (1.755505525986684E-002,1.949025747103461E-012)
 (TO COMPARE with output) iq =            1 rvect=           0           0
           0 pi_q_unrelax= (0.481472914171247,1.698288674677883E-019)
 (0.481472914171247,1.698288674677883E-019) pi_q_relax = 
 (1.755505525986684E-002,1.949025747103461E-012)
 (1.755505525986684E-002,1.949025747103461E-012)
 (TO COMPARE with output) iq =            1 rvect=           0           0
           0 pi_q_unrelax= (0.481472914171247,1.698288674677883E-019)
 (0.481472914171247,1.698288674677883E-019) pi_q_relax = 
 (1.755505525986684E-002,1.949025747103461E-012)
 (1.755505525986684E-002,1.949025747103461E-012)

       INFO: Result without q+G=0      rPi*           0.01755506   uPi*           0.03474033
       INFO: The q+G=0 contribution   rPi(q+G=0)     0.00000000   uPi(q+G=0)     0.44673259

        iq =   1   iwann =   4   rPi_q =     0.01755506     0.00000000   uPi_q =     0.48147291     0.00000000   SH_q =     0.24073646     0.00000000

        Start LR calculation for the wannier #  5   iq =  1   spin =  1

        SYM : iwann=     5 iq =     1 weight =   0.12500000

      iter #   1 total cpu time :     1.5 secs   av.it.:  13.1
      thresh= 1.000E-06 alpha_mix =  0.700 |ddv_scf|^2 =  2.695E-07

      iter #   2 total cpu time :     1.6 secs   av.it.:  12.9
      thresh= 1.000E-06 alpha_mix =  0.700 |ddv_scf|^2 =  1.521E-07

      iter #   3 total cpu time :     1.6 secs   av.it.:  12.1
      thresh= 1.000E-06 alpha_mix =  0.700 |ddv_scf|^2 =  1.863E-09

      iter #   4 total cpu time :     1.7 secs   av.it.:  11.3
      thresh= 4.316E-07 alpha_mix =  0.700 |ddv_scf|^2 =  2.849E-11

      iter #   5 total cpu time :     1.7 secs   av.it.:  11.8
      thresh= 5.337E-08 alpha_mix =  0.700 |ddv_scf|^2 =  1.098E-13

      iter #   6 total cpu time :     1.8 secs   av.it.:  11.3
      thresh= 3.314E-09 alpha_mix =  0.700 |ddv_scf|^2 =  1.530E-15

      iter #   7 total cpu time :     1.8 secs   av.it.:  11.4
      thresh= 3.911E-10 alpha_mix =  0.700 |ddv_scf|^2 =  2.696E-17

      iter #   8 total cpu time :     1.8 secs   av.it.:  11.2
      thresh= 5.192E-11 alpha_mix =  0.700 |ddv_scf|^2 =  5.289E-19
 (TO COMPARE with output) iq =            1 rvect=           0           0
           0 pi_q_unrelax= (0.481472909152998,-5.874428740772503E-019)
 (0.481472909152998,-5.874428740772503E-019) pi_q_relax = 
 (1.755505285431849E-002,5.093333229310735E-012)
 (1.755505285431849E-002,5.093333229310735E-012)
 (TO COMPARE with output) iq =            1 rvect=           0           0
           0 pi_q_unrelax= (0.481472909152998,-5.874428740772503E-019)
 (0.481472909152998,-5.874428740772503E-019) pi_q_relax = 
 (1.755505285431849E-002,5.093333229310735E-012)
 (1.755505285431849E-002,5.093333229310735E-012)
 (TO COMPARE with output) iq =            1 rvect=           0           0
           0 pi_q_unrelax= (0.481472909152998,-5.874428740772503E-019)
 (0.481472909152998,-5.874428740772503E-019) pi_q_relax = 
 (1.755505285431849E-002,5.093333229310735E-012)
 (1.755505285431849E-002,5.093333229310735E-012)
 (TO COMPARE with output) iq =            1 rvect=           0           0
           0 pi_q_unrelax= (0.481472909152998,-5.874428740772503E-019)
 (0.481472909152998,-5.874428740772503E-019) pi_q_relax = 
 (1.755505285431849E-002,5.093333229310735E-012)
 (1.755505285431849E-002,5.093333229310735E-012)

       INFO: Result without q+G=0      rPi*           0.01755505   uPi*           0.03474032
       INFO: The q+G=0 contribution   rPi(q+G=0)     0.00000000   uPi(q+G=0)     0.44673259

        iq =   1   iwann =   5   rPi_q =     0.01755505     0.00000000   uPi_q =     0.48147291     0.00000000   SH_q =     0.24073645     0.00000000

        Start LR calculation for the wannier #  6   iq =  1   spin =  1

        SYM : iwann=     6 iq =     1 weight =   0.12500000

      iter #   1 total cpu time :     1.9 secs   av.it.:  13.1
      thresh= 1.000E-06 alpha_mix =  0.700 |ddv_scf|^2 =  2.695E-07

      iter #   2 total cpu time :     2.0 secs   av.it.:  12.9
      thresh= 1.000E-06 alpha_mix =  0.700 |ddv_scf|^2 =  1.521E-07

      iter #   3 total cpu time :     2.0 secs   av.it.:  12.1
      thresh= 1.000E-06 alpha_mix =  0.700 |ddv_scf|^2 =  1.863E-09

      iter #   4 total cpu time :     2.0 secs   av.it.:  11.4
      thresh= 4.316E-07 alpha_mix =  0.700 |ddv_scf|^2 =  2.849E-11

      iter #   5 total cpu time :     2.1 secs   av.it.:  11.6
      thresh= 5.337E-08 alpha_mix =  0.700 |ddv_scf|^2 =  1.098E-13

      iter #   6 total cpu time :     2.1 secs   av.it.:  11.4
      thresh= 3.314E-09 alpha_mix =  0.700 |ddv_scf|^2 =  1.530E-15

      iter #   7 total cpu time :     2.2 secs   av.it.:  11.4
      thresh= 3.911E-10 alpha_mix =  0.700 |ddv_scf|^2 =  2.695E-17

      iter #   8 total cpu time :     2.2 secs   av.it.:  11.2
      thresh= 5.192E-11 alpha_mix =  0.700 |ddv_scf|^2 =  5.290E-19
 (TO COMPARE with output) iq =            1 rvect=           0           0
           0 pi_q_unrelax= (0.481472907749034,-3.676699440985140E-020)
 (0.481472907749034,-3.676699440985140E-020) pi_q_relax = 
 (1.755505232693066E-002,4.417313589638363E-012)
 (1.755505232693066E-002,4.417313589638363E-012)
 (TO COMPARE with output) iq =            1 rvect=           0           0
           0 pi_q_unrelax= (0.481472907749034,-3.676699440985140E-020)
 (0.481472907749034,-3.676699440985140E-020) pi_q_relax = 
 (1.755505232693066E-002,4.417313589638363E-012)
 (1.755505232693066E-002,4.417313589638363E-012)
 (TO COMPARE with output) iq =            1 rvect=           0           0
           0 pi_q_unrelax= (0.481472907749034,-3.676699440985140E-020)
 (0.481472907749034,-3.676699440985140E-020) pi_q_relax = 
 (1.755505232693066E-002,4.417313589638363E-012)
 (1.755505232693066E-002,4.417313589638363E-012)
 (TO COMPARE with output) iq =            1 rvect=           0           0
           0 pi_q_unrelax= (0.481472907749034,-3.676699440985140E-020)
 (0.481472907749034,-3.676699440985140E-020) pi_q_relax = 
 (1.755505232693066E-002,4.417313589638363E-012)
 (1.755505232693066E-002,4.417313589638363E-012)

       INFO: Result without q+G=0      rPi*           0.01755505   uPi*           0.03474032
       INFO: The q+G=0 contribution   rPi(q+G=0)     0.00000000   uPi(q+G=0)     0.44673259

        iq =   1   iwann =   6   rPi_q =     0.01755505     0.00000000   uPi_q =     0.48147291    -0.00000000   SH_q =     0.24073645     0.00000000

        Start LR calculation for the wannier #  7   iq =  1   spin =  1

        SYM : iwann=     7 iq =     1 weight =   0.12500000

      iter #   1 total cpu time :     2.3 secs   av.it.:  13.1
      thresh= 1.000E-06 alpha_mix =  0.700 |ddv_scf|^2 =  2.695E-07

      iter #   2 total cpu time :     2.3 secs   av.it.:  12.9
      thresh= 1.000E-06 alpha_mix =  0.700 |ddv_scf|^2 =  1.521E-07

      iter #   3 total cpu time :     2.4 secs   av.it.:  12.1
      thresh= 1.000E-06 alpha_mix =  0.700 |ddv_scf|^2 =  1.863E-09

      iter #   4 total cpu time :     2.4 secs   av.it.:  11.3
      thresh= 4.316E-07 alpha_mix =  0.700 |ddv_scf|^2 =  2.849E-11

      iter #   5 total cpu time :     2.5 secs   av.it.:  11.8
      thresh= 5.337E-08 alpha_mix =  0.700 |ddv_scf|^2 =  1.098E-13

      iter #   6 total cpu time :     2.5 secs   av.it.:  11.3
      thresh= 3.314E-09 alpha_mix =  0.700 |ddv_scf|^2 =  1.530E-15

      iter #   7 total cpu time :     2.5 secs   av.it.:  11.4
      thresh= 3.911E-10 alpha_mix =  0.700 |ddv_scf|^2 =  2.695E-17

      iter #   8 total cpu time :     2.6 secs   av.it.:  11.2
      thresh= 5.192E-11 alpha_mix =  0.700 |ddv_scf|^2 =  5.289E-19
 (TO COMPARE with output) iq =            1 rvect=           0           0
           0 pi_q_unrelax= (0.481472912245703,7.237035058597276E-020)
 (0.481472912245703,7.237035058597276E-020) pi_q_relax = 
 (1.755505442093451E-002,-1.239422724984301E-012)
 (1.755505442093451E-002,-1.239422724984301E-012)
 (TO COMPARE with output) iq =            1 rvect=           0           0
           0 pi_q_unrelax= (0.481472912245703,7.237035058597276E-020)
 (0.481472912245703,7.237035058597276E-020) pi_q_relax = 
 (1.755505442093451E-002,-1.239422724984301E-012)
 (1.755505442093451E-002,-1.239422724984301E-012)
 (TO COMPARE with output) iq =            1 rvect=           0           0
           0 pi_q_unrelax= (0.481472912245703,7.237035058597276E-020)
 (0.481472912245703,7.237035058597276E-020) pi_q_relax = 
 (1.755505442093451E-002,-1.239422724984301E-012)
 (1.755505442093451E-002,-1.239422724984301E-012)
 (TO COMPARE with output) iq =            1 rvect=           0           0
           0 pi_q_unrelax= (0.481472912245703,7.237035058597276E-020)
 (0.481472912245703,7.237035058597276E-020) pi_q_relax = 
 (1.755505442093451E-002,-1.239422724984301E-012)
 (1.755505442093451E-002,-1.239422724984301E-012)

       INFO: Result without q+G=0      rPi*           0.01755505   uPi*           0.03474033
       INFO: The q+G=0 contribution   rPi(q+G=0)     0.00000000   uPi(q+G=0)     0.44673259

        iq =   1   iwann =   7   rPi_q =     0.01755505    -0.00000000   uPi_q =     0.48147291     0.00000000   SH_q =     0.24073646    -0.00000000

        Start LR calculation for the wannier #  8   iq =  1   spin =  1

        SYM : iwann=     8 iq =     1 weight =   0.12500000

      iter #   1 total cpu time :     2.6 secs   av.it.:  13.1
      thresh= 1.000E-06 alpha_mix =  0.700 |ddv_scf|^2 =  2.695E-07

      iter #   2 total cpu time :     2.7 secs   av.it.:  12.9
      thresh= 1.000E-06 alpha_mix =  0.700 |ddv_scf|^2 =  1.521E-07

      iter #   3 total cpu time :     2.7 secs   av.it.:  12.1
      thresh= 1.000E-06 alpha_mix =  0.700 |ddv_scf|^2 =  1.863E-09

      iter #   4 total cpu time :     2.8 secs   av.it.:  11.2
      thresh= 4.316E-07 alpha_mix =  0.700 |ddv_scf|^2 =  2.849E-11

      iter #   5 total cpu time :     2.8 secs   av.it.:  11.6
      thresh= 5.337E-08 alpha_mix =  0.700 |ddv_scf|^2 =  1.098E-13

      iter #   6 total cpu time :     2.8 secs   av.it.:  11.3
      thresh= 3.314E-09 alpha_mix =  0.700 |ddv_scf|^2 =  1.530E-15

      iter #   7 total cpu time :     2.9 secs   av.it.:  11.3
      thresh= 3.911E-10 alpha_mix =  0.700 |ddv_scf|^2 =  2.695E-17

      iter #   8 total cpu time :     2.9 secs   av.it.:  11.2
      thresh= 5.192E-11 alpha_mix =  0.700 |ddv_scf|^2 =  5.289E-19
 (TO COMPARE with output) iq =            1 rvect=           0           0
           0 pi_q_unrelax= (0.481472914646897,9.281641595907397E-020)
 (0.481472914646897,9.281641595907397E-020) pi_q_relax = 
 (1.755505547039072E-002,-5.006533135447421E-012)
 (1.755505547039072E-002,-5.006533135447421E-012)
 (TO COMPARE with output) iq =            1 rvect=           0           0
           0 pi_q_unrelax= (0.481472914646897,9.281641595907397E-020)
 (0.481472914646897,9.281641595907397E-020) pi_q_relax = 
 (1.755505547039072E-002,-5.006533135447421E-012)
 (1.755505547039072E-002,-5.006533135447421E-012)
 (TO COMPARE with output) iq =            1 rvect=           0           0
           0 pi_q_unrelax= (0.481472914646897,9.281641595907397E-020)
 (0.481472914646897,9.281641595907397E-020) pi_q_relax = 
 (1.755505547039072E-002,-5.006533135447421E-012)
 (1.755505547039072E-002,-5.006533135447421E-012)
 (TO COMPARE with output) iq =            1 rvect=           0           0
           0 pi_q_unrelax= (0.481472914646897,9.281641595907397E-020)
 (0.481472914646897,9.281641595907397E-020) pi_q_relax = 
 (1.755505547039072E-002,-5.006533135447421E-012)
 (1.755505547039072E-002,-5.006533135447421E-012)

       INFO: Result without q+G=0      rPi*           0.01755506   uPi*           0.03474033
       INFO: The q+G=0 contribution   rPi(q+G=0)     0.00000000   uPi(q+G=0)     0.44673259

        iq =   1   iwann =   8   rPi_q =     0.01755506    -0.00000000   uPi_q =     0.48147291    -0.00000000   SH_q =     0.24073646    -0.00000000

        INFO: nbnd REDIFINED   20 -->     7


     ==============================================================================
     Calculation of q =   -0.5000000   0.5000000  -0.5000000  [Cart ]
     Calculation of q =    0.0000000   0.0000000   0.5000000  [Cryst]
     ==============================================================================

        INFO: prepare_q DONE

        INFO: rhowan_q(r) RETRIEVED

     Subspace diagonalization in iterative solution of the eigenvalue problem:
     a serial algorithm will be used

 
     Parallelization info
     --------------------
     sticks:   dense  smooth     PW     G-vecs:    dense   smooth      PW
     Min          73      73     27                  821      821     186
     Max          74      74     28                  823      823     189
     Sum         295     295    109                 3287     3287     749
 
     Using Slab Decomposition
 

     Title: 
     W2K Silicon                                                                


     bravais-lattice index     =            2
     lattice parameter (alat)  =      10.2631  a.u.
     unit-cell volume          =     270.2564 (a.u.)^3
     number of atoms/cell      =            2
     number of atomic types    =            1
     number of electrons       =         8.00 (up:   4.00, down:   4.00)
     number of Kohn-Sham states=            7
     kinetic-energy cutoff     =      20.0000  Ry
     charge density cutoff     =      80.0000  Ry
     Exchange-correlation= PW
                           (   1   4   0   0   0   0   0)

     celldm(1)=  10.263102  celldm(2)=   0.000000  celldm(3)=   0.000000
     celldm(4)=   0.000000  celldm(5)=   0.000000  celldm(6)=   0.000000

     crystal axes: (cart. coord. in units of alat)
               a(1) = (  -0.500000   0.000000   0.500000 )  
               a(2) = (   0.000000   0.500000   0.500000 )  
               a(3) = (  -0.500000   0.500000   0.000000 )  

     reciprocal axes: (cart. coord. in units 2 pi/alat)
               b(1) = ( -1.000000 -1.000000  1.000000 )  
               b(2) = (  1.000000  1.000000  1.000000 )  
               b(3) = ( -1.000000  1.000000 -1.000000 )  


     PseudoPot. # 1 for Si read from file:
     /home/colonna_n/CODES/q-e-kcw/pseudo/Si.upf
     MD5 check sum: 9e2d726316af3d4752eea8ab0afbb951
     Pseudo is Norm-conserving + core correction, Zval =  4.0
     Generated using ONCVPSP code by D. R. Hamann
     Using radial grid of 1510 points,  6 beta functions with: 
                l(1) =   0
                l(2) =   0
                l(3) =   1
                l(4) =   1
                l(5) =   2
                l(6) =   2

     atomic species   valence    mass     pseudopotential
     Si                4.00    28.08500     Si( 1.00)

     Starting magnetic structure 
     atomic species   magnetization
     Si              0.000

     48 Sym. Ops., with inversion, found



   Cartesian axes

     site n.     atom                  positions (alat units)
         1        Si     tau(   1) = (   0.0000000   0.0000000   0.0000000  )
         2        Si     tau(   2) = (  -0.2500000   0.2500000   0.2500000  )

     number of k points=    16
                       cart. coord. in units 2pi/alat
        k(    1) = (   0.0000000   0.0000000   0.0000000), wk =   0.1250000
        k(    2) = (  -0.5000000   0.5000000  -0.5000000), wk =   0.0000000
        k(    3) = (  -0.5000000   0.5000000  -0.5000000), wk =   0.1250000
        k(    4) = (  -1.0000000   1.0000000  -1.0000000), wk =   0.0000000
        k(    5) = (   0.5000000   0.5000000   0.5000000), wk =   0.1250000
        k(    6) = (   0.0000000   1.0000000   0.0000000), wk =   0.0000000
        k(    7) = (   0.0000000   1.0000000   0.0000000), wk =   0.1250000
        k(    8) = (  -0.5000000   1.5000000  -0.5000000), wk =   0.0000000
        k(    9) = (  -0.5000000  -0.5000000   0.5000000), wk =   0.1250000
        k(   10) = (  -1.0000000  -0.0000000   0.0000000), wk =   0.0000000
        k(   11) = (  -1.0000000   0.0000000   0.0000000), wk =   0.1250000
        k(   12) = (  -1.5000000   0.5000000  -0.5000000), wk =   0.0000000
        k(   13) = (   0.0000000   0.0000000   1.0000000), wk =   0.1250000
        k(   14) = (  -0.5000000   0.5000000   0.5000000), wk =   0.0000000
        k(   15) = (  -0.5000000   0.5000000   0.5000000), wk =   0.1250000
        k(   16) = (  -1.0000000   1.0000000   0.0000000), wk =   0.0000000

     Dense  grid:     3287 G-vectors     FFT dimensions: (  24,  24,  24)

     Estimated max dynamical RAM per process >       1.44 MB

     Estimated total dynamical RAM >       5.76 MB

     The potential is recalculated from file :
     /home/colonna_n/CODES/q-e-kcw/tempdir/kcw/q2/Si.save/charge-density

     Starting wfcs are    8 atomic wfcs

     Band Structure Calculation
     Davidson diagonalization with overlap

     ethr =  1.25E-10,  avg # of iterations = 10.6

     total cpu time spent up to now is       -1.0 secs

     End of band structure calculation

 ------ SPIN UP ------------


          k = 0.0000 0.0000 0.0000 (   411 PWs)   bands (ev):

    -5.8914   6.0879   6.0879   6.0879   8.6004   8.6004   8.6004

          k =-0.5000 0.5000-0.5000 (   410 PWs)   bands (ev):

    -3.5529  -0.9269   4.8803   4.8803   7.5023   9.3832   9.3832

          k =-0.5000 0.5000-0.5000 (   410 PWs)   bands (ev):

    -3.5529  -0.9269   4.8803   4.8803   7.5023   9.3832   9.3832

          k =-1.0000 1.0000-1.0000 (   411 PWs)   bands (ev):

    -5.8914   6.0879   6.0879   6.0879   8.6004   8.6004   8.6004

          k = 0.5000 0.5000 0.5000 (   410 PWs)   bands (ev):

    -3.5529  -0.9269   4.8803   4.8803   7.5023   9.3832   9.3832

          k = 0.0000 1.0000 0.0000 (   412 PWs)   bands (ev):

    -1.7480  -1.7480   3.2158   3.2158   6.6815   6.6815  16.0531

          k = 0.0000 1.0000 0.0000 (   412 PWs)   bands (ev):

    -1.7480  -1.7480   3.2158   3.2158   6.6815   6.6815  16.0531

          k =-0.5000 1.5000-0.5000 (   410 PWs)   bands (ev):

    -3.5529  -0.9269   4.8803   4.8803   7.5023   9.3832   9.3832

          k =-0.5000-0.5000 0.5000 (   410 PWs)   bands (ev):

    -3.5529  -0.9269   4.8803   4.8803   7.5023   9.3832   9.3832

          k =-1.0000-0.0000 0.0000 (   412 PWs)   bands (ev):

    -1.7480  -1.7480   3.2158   3.2158   6.6815   6.6815  16.0531

          k =-1.0000 0.0000 0.0000 (   412 PWs)   bands (ev):

    -1.7480  -1.7480   3.2158   3.2158   6.6815   6.6815  16.0531

          k =-1.5000 0.5000-0.5000 (   410 PWs)   bands (ev):

    -3.5529  -0.9269   4.8803   4.8803   7.5023   9.3832   9.3832

          k = 0.0000 0.0000 1.0000 (   412 PWs)   bands (ev):

    -1.7480  -1.7480   3.2158   3.2158   6.6815   6.6815  16.0531

          k =-0.5000 0.5000 0.5000 (   410 PWs)   bands (ev):

    -3.5529  -0.9269   4.8803   4.8803   7.5023   9.3832   9.3832

          k =-0.5000 0.5000 0.5000 (   410 PWs)   bands (ev):

    -3.5529  -0.9269   4.8803   4.8803   7.5023   9.3832   9.3832

          k =-1.0000 1.0000 0.0000 (   412 PWs)   bands (ev):

    -1.7480  -1.7480   3.2158   3.2158   6.6815   6.6815  16.0531

 ------ SPIN DOWN ----------


          k = 0.0000 0.0000 0.0000 (   411 PWs)   bands (ev):

    -5.8914   6.0879   6.0879   6.0879   8.6004   8.6004   8.6004

          k =-0.5000 0.5000-0.5000 (   410 PWs)   bands (ev):

    -3.5529  -0.9269   4.8803   4.8803   7.5023   9.3832   9.3832

          k =-0.5000 0.5000-0.5000 (   410 PWs)   bands (ev):

    -3.5529  -0.9269   4.8803   4.8803   7.5023   9.3832   9.3832

          k =-1.0000 1.0000-1.0000 (   411 PWs)   bands (ev):

    -5.8914   6.0879   6.0879   6.0879   8.6004   8.6004   8.6004

          k = 0.5000 0.5000 0.5000 (   410 PWs)   bands (ev):

    -3.5529  -0.9269   4.8803   4.8803   7.5023   9.3832   9.3832

          k = 0.0000 1.0000 0.0000 (   412 PWs)   bands (ev):

    -1.7480  -1.7480   3.2158   3.2158   6.6815   6.6815  16.0531

          k = 0.0000 1.0000 0.0000 (   412 PWs)   bands (ev):

    -1.7480  -1.7480   3.2158   3.2158   6.6815   6.6815  16.0531

          k =-0.5000 1.5000-0.5000 (   410 PWs)   bands (ev):

    -3.5529  -0.9269   4.8803   4.8803   7.5023   9.3832   9.3832

          k =-0.5000-0.5000 0.5000 (   410 PWs)   bands (ev):

    -3.5529  -0.9269   4.8803   4.8803   7.5023   9.3832   9.3832

          k =-1.0000-0.0000 0.0000 (   412 PWs)   bands (ev):

    -1.7480  -1.7480   3.2158   3.2158   6.6815   6.6815  16.0531

          k =-1.0000 0.0000 0.0000 (   412 PWs)   bands (ev):

    -1.7480  -1.7480   3.2158   3.2158   6.6815   6.6815  16.0531

          k =-1.5000 0.5000-0.5000 (   410 PWs)   bands (ev):

    -3.5529  -0.9269   4.8803   4.8803   7.5023   9.3832   9.3832

          k = 0.0000 0.0000 1.0000 (   412 PWs)   bands (ev):

    -1.7480  -1.7480   3.2158   3.2158   6.6815   6.6815  16.0531

          k =-0.5000 0.5000 0.5000 (   410 PWs)   bands (ev):

    -3.5529  -0.9269   4.8803   4.8803   7.5023   9.3832   9.3832

          k =-0.5000 0.5000 0.5000 (   410 PWs)   bands (ev):

    -3.5529  -0.9269   4.8803   4.8803   7.5023   9.3832   9.3832

          k =-1.0000 1.0000 0.0000 (   412 PWs)   bands (ev):

    -1.7480  -1.7480   3.2158   3.2158   6.6815   6.6815  16.0531

     highest occupied, lowest unoccupied level (ev):     6.0879    6.6815

     Writing all to output data dir /home/colonna_n/CODES/q-e-kcw/tempdir/kcw/q2/Si.save/ :
     XML data file, pseudopotentials, collected wavefunctions

        INFO: NSCF calculation DONE

        INFO: kcw_q initialization DONE


        Start LR calculation for the wannier #  1   iq =  2   spin =  1

        SYM : iwann=     1 iq =     2 weight =   0.12500000

      iter #   1 total cpu time :     3.2 secs   av.it.:  13.9
      thresh= 1.000E-06 alpha_mix =  0.700 |ddv_scf|^2 =  9.947E-06

      iter #   2 total cpu time :     3.4 secs   av.it.:  13.9
      thresh= 1.000E-06 alpha_mix =  0.700 |ddv_scf|^2 =  4.868E-05

      iter #   3 total cpu time :     3.5 secs   av.it.:  13.4
      thresh= 1.000E-06 alpha_mix =  0.700 |ddv_scf|^2 =  6.673E-07

      iter #   4 total cpu time :     3.5 secs   av.it.:  12.4
      thresh= 1.000E-06 alpha_mix =  0.700 |ddv_scf|^2 =  1.366E-09

      iter #   5 total cpu time :     3.6 secs   av.it.:  11.7
      thresh= 3.695E-07 alpha_mix =  0.700 |ddv_scf|^2 =  6.886E-11

      iter #   6 total cpu time :     3.6 secs   av.it.:  11.5
      thresh= 8.298E-08 alpha_mix =  0.700 |ddv_scf|^2 =  1.027E-12

      iter #   7 total cpu time :     3.6 secs   av.it.:  11.8
      thresh= 1.013E-08 alpha_mix =  0.700 |ddv_scf|^2 =  1.505E-14

      iter #   8 total cpu time :     3.7 secs   av.it.:  11.9
      thresh= 1.227E-09 alpha_mix =  0.700 |ddv_scf|^2 =  2.993E-15

      iter #   9 total cpu time :     3.7 secs   av.it.:  11.8
      thresh= 5.471E-10 alpha_mix =  0.700 |ddv_scf|^2 =  5.712E-16

      iter #  10 total cpu time :     3.8 secs   av.it.:  11.2
      thresh= 2.390E-10 alpha_mix =  0.700 |ddv_scf|^2 =  1.039E-15

      iter #  11 total cpu time :     3.8 secs   av.it.:  10.8
      thresh= 3.224E-10 alpha_mix =  0.700 |ddv_scf|^2 =  1.499E-18

      iter #  12 total cpu time :     3.9 secs   av.it.:  11.9
      thresh= 1.225E-11 alpha_mix =  0.700 |ddv_scf|^2 =  5.712E-19
 (TO COMPARE with output) iq =            2 rvect=           0           0
           0 pi_q_unrelax= (8.381322367122977E-002,-6.398979058859826E-019)
 (8.381322367122977E-002,-6.398979058859826E-019) pi_q_relax = 
 (3.071468810608984E-002,-6.167295429873876E-010)
 (3.071468810608984E-002,-6.167295429873876E-010)
 (TO COMPARE with output) iq =            2 rvect=           0           0
           0 pi_q_unrelax= (8.381322367122977E-002,-6.398979058859826E-019)
 (8.381322367122977E-002,-6.398979058859826E-019) pi_q_relax = 
 (3.071468810608984E-002,-6.167295429873876E-010)
 (3.071468810608984E-002,-6.167295429873876E-010)
 (TO COMPARE with output) iq =            2 rvect=           0           0
           0 pi_q_unrelax= (8.381322367122977E-002,-6.398979058859826E-019)
 (8.381322367122977E-002,-6.398979058859826E-019) pi_q_relax = 
 (3.071468810608984E-002,-6.167295429873876E-010)
 (3.071468810608984E-002,-6.167295429873876E-010)
 (TO COMPARE with output) iq =            2 rvect=           0           0
           0 pi_q_unrelax= (8.381322367122977E-002,-6.398979058859826E-019)
 (8.381322367122977E-002,-6.398979058859826E-019) pi_q_relax = 
 (3.071468810608984E-002,-6.167295429873876E-010)
 (3.071468810608984E-002,-6.167295429873876E-010)

        iq =   2   iwann =   1   rPi_q =     0.03071469    -0.00000000   uPi_q =     0.08381322     0.00000000   SH_q =     0.04190661     0.00000000

        Start LR calculation for the wannier #  2   iq =  2   spin =  1

        SYM : iwann=     2 iq =     2 weight =   0.12500000

      iter #   1 total cpu time :     3.9 secs   av.it.:  13.9
      thresh= 1.000E-06 alpha_mix =  0.700 |ddv_scf|^2 =  9.947E-06

      iter #   2 total cpu time :     4.0 secs   av.it.:  13.9
      thresh= 1.000E-06 alpha_mix =  0.700 |ddv_scf|^2 =  4.868E-05

      iter #   3 total cpu time :     4.0 secs   av.it.:  13.4
      thresh= 1.000E-06 alpha_mix =  0.700 |ddv_scf|^2 =  6.673E-07

      iter #   4 total cpu time :     4.1 secs   av.it.:  12.5
      thresh= 1.000E-06 alpha_mix =  0.700 |ddv_scf|^2 =  1.366E-09

      iter #   5 total cpu time :     4.1 secs   av.it.:  11.7
      thresh= 3.695E-07 alpha_mix =  0.700 |ddv_scf|^2 =  6.886E-11

      iter #   6 total cpu time :     4.2 secs   av.it.:  11.6
      thresh= 8.298E-08 alpha_mix =  0.700 |ddv_scf|^2 =  1.027E-12

      iter #   7 total cpu time :     4.2 secs   av.it.:  11.6
      thresh= 1.013E-08 alpha_mix =  0.700 |ddv_scf|^2 =  1.505E-14

      iter #   8 total cpu time :     4.3 secs   av.it.:  11.9
      thresh= 1.227E-09 alpha_mix =  0.700 |ddv_scf|^2 =  2.993E-15

      iter #   9 total cpu time :     4.3 secs   av.it.:  11.8
      thresh= 5.470E-10 alpha_mix =  0.700 |ddv_scf|^2 =  5.708E-16

      iter #  10 total cpu time :     4.3 secs   av.it.:  11.2
      thresh= 2.389E-10 alpha_mix =  0.700 |ddv_scf|^2 =  1.039E-15

      iter #  11 total cpu time :     4.4 secs   av.it.:  10.8
      thresh= 3.223E-10 alpha_mix =  0.700 |ddv_scf|^2 =  1.497E-18

      iter #  12 total cpu time :     4.4 secs   av.it.:  11.8
      thresh= 1.223E-11 alpha_mix =  0.700 |ddv_scf|^2 =  5.697E-19
 (TO COMPARE with output) iq =            2 rvect=           0           0
           0 pi_q_unrelax= (8.381320989386047E-002,8.478978901181436E-019)
 (8.381320989386047E-002,8.478978901181436E-019) pi_q_relax = 
 (3.071467503607996E-002,-1.714077769388279E-010)
 (3.071467503607996E-002,-1.714077769388279E-010)
 (TO COMPARE with output) iq =            2 rvect=           0           0
           0 pi_q_unrelax= (8.381320989386047E-002,8.478978901181436E-019)
 (8.381320989386047E-002,8.478978901181436E-019) pi_q_relax = 
 (3.071467503607996E-002,-1.714077769388279E-010)
 (3.071467503607996E-002,-1.714077769388279E-010)
 (TO COMPARE with output) iq =            2 rvect=           0           0
           0 pi_q_unrelax= (8.381320989386047E-002,8.478978901181436E-019)
 (8.381320989386047E-002,8.478978901181436E-019) pi_q_relax = 
 (3.071467503607996E-002,-1.714077769388279E-010)
 (3.071467503607996E-002,-1.714077769388279E-010)
 (TO COMPARE with output) iq =            2 rvect=           0           0
           0 pi_q_unrelax= (8.381320989386047E-002,8.478978901181436E-019)
 (8.381320989386047E-002,8.478978901181436E-019) pi_q_relax = 
 (3.071467503607996E-002,-1.714077769388279E-010)
 (3.071467503607996E-002,-1.714077769388279E-010)

        iq =   2   iwann =   2   rPi_q =     0.03071468    -0.00000000   uPi_q =     0.08381321     0.00000000   SH_q =     0.04190660     0.00000000

        Start LR calculation for the wannier #  3   iq =  2   spin =  1

        SYM : iwann=     3 iq =     2 weight =   0.12500000

      iter #   1 total cpu time :     4.5 secs   av.it.:  13.5
      thresh= 1.000E-06 alpha_mix =  0.700 |ddv_scf|^2 =  6.308E-06

      iter #   2 total cpu time :     4.5 secs   av.it.:  13.6
      thresh= 1.000E-06 alpha_mix =  0.700 |ddv_scf|^2 =  2.338E-05

      iter #   3 total cpu time :     4.6 secs   av.it.:  13.1
      thresh= 1.000E-06 alpha_mix =  0.700 |ddv_scf|^2 =  9.680E-07

      iter #   4 total cpu time :     4.6 secs   av.it.:  12.1
      thresh= 1.000E-06 alpha_mix =  0.700 |ddv_scf|^2 =  1.203E-09

      iter #   5 total cpu time :     4.7 secs   av.it.:  10.8
      thresh= 3.468E-07 alpha_mix =  0.700 |ddv_scf|^2 =  8.881E-11

      iter #   6 total cpu time :     4.7 secs   av.it.:  10.9
      thresh= 9.424E-08 alpha_mix =  0.700 |ddv_scf|^2 =  1.070E-12

      iter #   7 total cpu time :     4.8 secs   av.it.:  11.1
      thresh= 1.035E-08 alpha_mix =  0.700 |ddv_scf|^2 =  1.558E-14

      iter #   8 total cpu time :     4.8 secs   av.it.:  10.8
      thresh= 1.248E-09 alpha_mix =  0.700 |ddv_scf|^2 =  6.502E-17

      iter #   9 total cpu time :     4.9 secs   av.it.:  10.8
      thresh= 8.064E-11 alpha_mix =  0.700 |ddv_scf|^2 =  9.101E-18

      iter #  10 total cpu time :     4.9 secs   av.it.:  10.8
      thresh= 3.017E-11 alpha_mix =  0.700 |ddv_scf|^2 =  8.774E-19
 (TO COMPARE with output) iq =            2 rvect=           0           0
           0 pi_q_unrelax= (8.282781521244252E-002,6.625582132566778E-019)
 (8.282781521244252E-002,6.625582132566778E-019) pi_q_relax = 
 (3.435445271128919E-002,1.251932264282801E-008)
 (3.435445271128919E-002,1.251932264282801E-008)
 (TO COMPARE with output) iq =            2 rvect=           0           0
           0 pi_q_unrelax= (8.282781521244252E-002,6.625582132566778E-019)
 (8.282781521244252E-002,6.625582132566778E-019) pi_q_relax = 
 (3.435445271128919E-002,1.251932264282801E-008)
 (3.435445271128919E-002,1.251932264282801E-008)
 (TO COMPARE with output) iq =            2 rvect=           0           0
           0 pi_q_unrelax= (8.282781521244252E-002,6.625582132566778E-019)
 (8.282781521244252E-002,6.625582132566778E-019) pi_q_relax = 
 (3.435445271128919E-002,1.251932264282801E-008)
 (3.435445271128919E-002,1.251932264282801E-008)
 (TO COMPARE with output) iq =            2 rvect=           0           0
           0 pi_q_unrelax= (8.282781521244252E-002,6.625582132566778E-019)
 (8.282781521244252E-002,6.625582132566778E-019) pi_q_relax = 
 (3.435445271128919E-002,1.251932264282801E-008)
 (3.435445271128919E-002,1.251932264282801E-008)

        iq =   2   iwann =   3   rPi_q =     0.03435445     0.00000001   uPi_q =     0.08282782     0.00000000   SH_q =     0.04141391     0.00000000

        Start LR calculation for the wannier #  4   iq =  2   spin =  1

        SYM : iwann=     4 iq =     2 weight =   0.12500000

      iter #   1 total cpu time :     5.0 secs   av.it.:  13.9
      thresh= 1.000E-06 alpha_mix =  0.700 |ddv_scf|^2 =  9.947E-06

      iter #   2 total cpu time :     5.0 secs   av.it.:  13.9
      thresh= 1.000E-06 alpha_mix =  0.700 |ddv_scf|^2 =  4.868E-05

      iter #   3 total cpu time :     5.1 secs   av.it.:  13.4
      thresh= 1.000E-06 alpha_mix =  0.700 |ddv_scf|^2 =  6.673E-07

      iter #   4 total cpu time :     5.1 secs   av.it.:  12.4
      thresh= 1.000E-06 alpha_mix =  0.700 |ddv_scf|^2 =  1.366E-09

      iter #   5 total cpu time :     5.2 secs   av.it.:  11.7
      thresh= 3.695E-07 alpha_mix =  0.700 |ddv_scf|^2 =  6.886E-11

      iter #   6 total cpu time :     5.2 secs   av.it.:  11.6
      thresh= 8.298E-08 alpha_mix =  0.700 |ddv_scf|^2 =  1.027E-12

      iter #   7 total cpu time :     5.2 secs   av.it.:  11.8
      thresh= 1.013E-08 alpha_mix =  0.700 |ddv_scf|^2 =  1.505E-14

      iter #   8 total cpu time :     5.3 secs   av.it.:  11.9
      thresh= 1.227E-09 alpha_mix =  0.700 |ddv_scf|^2 =  2.993E-15

      iter #   9 total cpu time :     5.3 secs   av.it.:  11.8
      thresh= 5.471E-10 alpha_mix =  0.700 |ddv_scf|^2 =  5.711E-16

      iter #  10 total cpu time :     5.4 secs   av.it.:  11.2
      thresh= 2.390E-10 alpha_mix =  0.700 |ddv_scf|^2 =  1.039E-15

      iter #  11 total cpu time :     5.4 secs   av.it.:  10.8
      thresh= 3.223E-10 alpha_mix =  0.700 |ddv_scf|^2 =  1.500E-18

      iter #  12 total cpu time :     5.5 secs   av.it.:  11.9
      thresh= 1.225E-11 alpha_mix =  0.700 |ddv_scf|^2 =  5.721E-19
 (TO COMPARE with output) iq =            2 rvect=           0           0
           0 pi_q_unrelax= (8.381322307491186E-002,3.344808790212074E-018)
 (8.381322307491186E-002,3.344808790212074E-018) pi_q_relax = 
 (3.071468639806109E-002,8.896920368120994E-010)
 (3.071468639806109E-002,8.896920368120994E-010)
 (TO COMPARE with output) iq =            2 rvect=           0           0
           0 pi_q_unrelax= (8.381322307491186E-002,3.344808790212074E-018)
 (8.381322307491186E-002,3.344808790212074E-018) pi_q_relax = 
 (3.071468639806109E-002,8.896920368120994E-010)
 (3.071468639806109E-002,8.896920368120994E-010)
 (TO COMPARE with output) iq =            2 rvect=           0           0
           0 pi_q_unrelax= (8.381322307491186E-002,3.344808790212074E-018)
 (8.381322307491186E-002,3.344808790212074E-018) pi_q_relax = 
 (3.071468639806109E-002,8.896920368120994E-010)
 (3.071468639806109E-002,8.896920368120994E-010)
 (TO COMPARE with output) iq =            2 rvect=           0           0
           0 pi_q_unrelax= (8.381322307491186E-002,3.344808790212074E-018)
 (8.381322307491186E-002,3.344808790212074E-018) pi_q_relax = 
 (3.071468639806109E-002,8.896920368120994E-010)
 (3.071468639806109E-002,8.896920368120994E-010)

        iq =   2   iwann =   4   rPi_q =     0.03071469     0.00000000   uPi_q =     0.08381322    -0.00000000   SH_q =     0.04190661     0.00000000

        Start LR calculation for the wannier #  5   iq =  2   spin =  1

        SYM : iwann=     5 iq =     2 weight =   0.12500000

      iter #   1 total cpu time :     5.5 secs   av.it.:  13.8
      thresh= 1.000E-06 alpha_mix =  0.700 |ddv_scf|^2 =  9.947E-06

      iter #   2 total cpu time :     5.6 secs   av.it.:  13.9
      thresh= 1.000E-06 alpha_mix =  0.700 |ddv_scf|^2 =  4.868E-05

      iter #   3 total cpu time :     5.6 secs   av.it.:  13.4
      thresh= 1.000E-06 alpha_mix =  0.700 |ddv_scf|^2 =  6.673E-07

      iter #   4 total cpu time :     5.7 secs   av.it.:  12.5
      thresh= 1.000E-06 alpha_mix =  0.700 |ddv_scf|^2 =  1.366E-09

      iter #   5 total cpu time :     5.7 secs   av.it.:  11.7
      thresh= 3.695E-07 alpha_mix =  0.700 |ddv_scf|^2 =  6.886E-11

      iter #   6 total cpu time :     5.7 secs   av.it.:  11.6
      thresh= 8.298E-08 alpha_mix =  0.700 |ddv_scf|^2 =  1.027E-12

      iter #   7 total cpu time :     5.8 secs   av.it.:  11.6
      thresh= 1.013E-08 alpha_mix =  0.700 |ddv_scf|^2 =  1.505E-14

      iter #   8 total cpu time :     5.8 secs   av.it.:  11.9
      thresh= 1.227E-09 alpha_mix =  0.700 |ddv_scf|^2 =  2.993E-15

      iter #   9 total cpu time :     5.9 secs   av.it.:  11.8
      thresh= 5.471E-10 alpha_mix =  0.700 |ddv_scf|^2 =  5.708E-16

      iter #  10 total cpu time :     5.9 secs   av.it.:  11.2
      thresh= 2.389E-10 alpha_mix =  0.700 |ddv_scf|^2 =  1.039E-15

      iter #  11 total cpu time :     5.9 secs   av.it.:  10.8
      thresh= 3.224E-10 alpha_mix =  0.700 |ddv_scf|^2 =  1.496E-18

      iter #  12 total cpu time :     6.0 secs   av.it.:  11.8
      thresh= 1.223E-11 alpha_mix =  0.700 |ddv_scf|^2 =  5.694E-19
 (TO COMPARE with output) iq =            2 rvect=           0           0
           0 pi_q_unrelax= (8.381321094859037E-002,4.123425772521696E-019)
 (8.381321094859037E-002,4.123425772521696E-019) pi_q_relax = 
 (3.071467710626759E-002,1.308083024164681E-011)
 (3.071467710626759E-002,1.308083024164681E-011)
 (TO COMPARE with output) iq =            2 rvect=           0           0
           0 pi_q_unrelax= (8.381321094859037E-002,4.123425772521696E-019)
 (8.381321094859037E-002,4.123425772521696E-019) pi_q_relax = 
 (3.071467710626759E-002,1.308083024164681E-011)
 (3.071467710626759E-002,1.308083024164681E-011)
 (TO COMPARE with output) iq =            2 rvect=           0           0
           0 pi_q_unrelax= (8.381321094859037E-002,4.123425772521696E-019)
 (8.381321094859037E-002,4.123425772521696E-019) pi_q_relax = 
 (3.071467710626759E-002,1.308083024164681E-011)
 (3.071467710626759E-002,1.308083024164681E-011)
 (TO COMPARE with output) iq =            2 rvect=           0           0
           0 pi_q_unrelax= (8.381321094859037E-002,4.123425772521696E-019)
 (8.381321094859037E-002,4.123425772521696E-019) pi_q_relax = 
 (3.071467710626759E-002,1.308083024164681E-011)
 (3.071467710626759E-002,1.308083024164681E-011)

        iq =   2   iwann =   5   rPi_q =     0.03071468     0.00000000   uPi_q =     0.08381321    -0.00000000   SH_q =     0.04190661    -0.00000000

        Start LR calculation for the wannier #  6   iq =  2   spin =  1

        SYM : iwann=     6 iq =     2 weight =   0.12500000

      iter #   1 total cpu time :     6.0 secs   av.it.:  13.9
      thresh= 1.000E-06 alpha_mix =  0.700 |ddv_scf|^2 =  9.947E-06

      iter #   2 total cpu time :     6.1 secs   av.it.:  13.9
      thresh= 1.000E-06 alpha_mix =  0.700 |ddv_scf|^2 =  4.868E-05

      iter #   3 total cpu time :     6.1 secs   av.it.:  13.4
      thresh= 1.000E-06 alpha_mix =  0.700 |ddv_scf|^2 =  6.673E-07

      iter #   4 total cpu time :     6.2 secs   av.it.:  12.5
      thresh= 1.000E-06 alpha_mix =  0.700 |ddv_scf|^2 =  1.366E-09

      iter #   5 total cpu time :     6.2 secs   av.it.:  11.7
      thresh= 3.695E-07 alpha_mix =  0.700 |ddv_scf|^2 =  6.886E-11

      iter #   6 total cpu time :     6.3 secs   av.it.:  11.5
      thresh= 8.298E-08 alpha_mix =  0.700 |ddv_scf|^2 =  1.027E-12

      iter #   7 total cpu time :     6.3 secs   av.it.:  11.6
      thresh= 1.013E-08 alpha_mix =  0.700 |ddv_scf|^2 =  1.505E-14

      iter #   8 total cpu time :     6.4 secs   av.it.:  11.9
      thresh= 1.227E-09 alpha_mix =  0.700 |ddv_scf|^2 =  2.993E-15

      iter #   9 total cpu time :     6.4 secs   av.it.:  11.8
      thresh= 5.471E-10 alpha_mix =  0.700 |ddv_scf|^2 =  5.709E-16

      iter #  10 total cpu time :     6.4 secs   av.it.:  11.3
      thresh= 2.389E-10 alpha_mix =  0.700 |ddv_scf|^2 =  1.039E-15

      iter #  11 total cpu time :     6.5 secs   av.it.:  10.8
      thresh= 3.223E-10 alpha_mix =  0.700 |ddv_scf|^2 =  1.498E-18

      iter #  12 total cpu time :     6.5 secs   av.it.:  11.8
      thresh= 1.224E-11 alpha_mix =  0.700 |ddv_scf|^2 =  5.720E-19
 (TO COMPARE with output) iq =            2 rvect=           0           0
           0 pi_q_unrelax= (8.381320655083907E-002,-2.417228702551276E-019)
 (8.381320655083907E-002,-2.417228702551276E-019) pi_q_relax = 
 (3.071467337313744E-002,1.010392371408929E-009)
 (3.071467337313744E-002,1.010392371408929E-009)
 (TO COMPARE with output) iq =            2 rvect=           0           0
           0 pi_q_unrelax= (8.381320655083907E-002,-2.417228702551276E-019)
 (8.381320655083907E-002,-2.417228702551276E-019) pi_q_relax = 
 (3.071467337313744E-002,1.010392371408929E-009)
 (3.071467337313744E-002,1.010392371408929E-009)
 (TO COMPARE with output) iq =            2 rvect=           0           0
           0 pi_q_unrelax= (8.381320655083907E-002,-2.417228702551276E-019)
 (8.381320655083907E-002,-2.417228702551276E-019) pi_q_relax = 
 (3.071467337313744E-002,1.010392371408929E-009)
 (3.071467337313744E-002,1.010392371408929E-009)
 (TO COMPARE with output) iq =            2 rvect=           0           0
           0 pi_q_unrelax= (8.381320655083907E-002,-2.417228702551276E-019)
 (8.381320655083907E-002,-2.417228702551276E-019) pi_q_relax = 
 (3.071467337313744E-002,1.010392371408929E-009)
 (3.071467337313744E-002,1.010392371408929E-009)

        iq =   2   iwann =   6   rPi_q =     0.03071467     0.00000000   uPi_q =     0.08381321     0.00000000   SH_q =     0.04190660     0.00000000

        Start LR calculation for the wannier #  7   iq =  2   spin =  1

        SYM : iwann=     7 iq =     2 weight =   0.12500000

      iter #   1 total cpu time :     6.6 secs   av.it.:  13.9
      thresh= 1.000E-06 alpha_mix =  0.700 |ddv_scf|^2 =  9.947E-06

      iter #   2 total cpu time :     6.6 secs   av.it.:  13.9
      thresh= 1.000E-06 alpha_mix =  0.700 |ddv_scf|^2 =  4.868E-05

      iter #   3 total cpu time :     6.7 secs   av.it.:  13.4
      thresh= 1.000E-06 alpha_mix =  0.700 |ddv_scf|^2 =  6.673E-07

      iter #   4 total cpu time :     6.7 secs   av.it.:  12.5
      thresh= 1.000E-06 alpha_mix =  0.700 |ddv_scf|^2 =  1.366E-09

      iter #   5 total cpu time :     6.8 secs   av.it.:  11.7
      thresh= 3.695E-07 alpha_mix =  0.700 |ddv_scf|^2 =  6.886E-11

      iter #   6 total cpu time :     6.8 secs   av.it.:  11.5
      thresh= 8.298E-08 alpha_mix =  0.700 |ddv_scf|^2 =  1.027E-12

      iter #   7 total cpu time :     6.9 secs   av.it.:  11.6
      thresh= 1.013E-08 alpha_mix =  0.700 |ddv_scf|^2 =  1.505E-14

      iter #   8 total cpu time :     6.9 secs   av.it.:  11.9
      thresh= 1.227E-09 alpha_mix =  0.700 |ddv_scf|^2 =  2.993E-15

      iter #   9 total cpu time :     6.9 secs   av.it.:  11.8
      thresh= 5.471E-10 alpha_mix =  0.700 |ddv_scf|^2 =  5.710E-16

      iter #  10 total cpu time :     7.0 secs   av.it.:  11.1
      thresh= 2.390E-10 alpha_mix =  0.700 |ddv_scf|^2 =  1.039E-15

      iter #  11 total cpu time :     7.0 secs   av.it.:  10.8
      thresh= 3.224E-10 alpha_mix =  0.700 |ddv_scf|^2 =  1.497E-18

      iter #  12 total cpu time :     7.1 secs   av.it.:  11.8
      thresh= 1.223E-11 alpha_mix =  0.700 |ddv_scf|^2 =  5.694E-19
 (TO COMPARE with output) iq =            2 rvect=           0           0
           0 pi_q_unrelax= (8.381321394670012E-002,-9.309887073899063E-018)
 (8.381321394670012E-002,-9.309887073899063E-018) pi_q_relax = 
 (3.071467808084662E-002,7.024596150359782E-011)
 (3.071467808084662E-002,7.024596150359782E-011)
 (TO COMPARE with output) iq =            2 rvect=           0           0
           0 pi_q_unrelax= (8.381321394670012E-002,-9.309887073899063E-018)
 (8.381321394670012E-002,-9.309887073899063E-018) pi_q_relax = 
 (3.071467808084662E-002,7.024596150359782E-011)
 (3.071467808084662E-002,7.024596150359782E-011)
 (TO COMPARE with output) iq =            2 rvect=           0           0
           0 pi_q_unrelax= (8.381321394670012E-002,-9.309887073899063E-018)
 (8.381321394670012E-002,-9.309887073899063E-018) pi_q_relax = 
 (3.071467808084662E-002,7.024596150359782E-011)
 (3.071467808084662E-002,7.024596150359782E-011)
 (TO COMPARE with output) iq =            2 rvect=           0           0
           0 pi_q_unrelax= (8.381321394670012E-002,-9.309887073899063E-018)
 (8.381321394670012E-002,-9.309887073899063E-018) pi_q_relax = 
 (3.071467808084662E-002,7.024596150359782E-011)
 (3.071467808084662E-002,7.024596150359782E-011)

        iq =   2   iwann =   7   rPi_q =     0.03071468     0.00000000   uPi_q =     0.08381321     0.00000000   SH_q =     0.04190661     0.00000000

        Start LR calculation for the wannier #  8   iq =  2   spin =  1

        SYM : iwann=     8 iq =     2 weight =   0.12500000

      iter #   1 total cpu time :     7.1 secs   av.it.:  13.5
      thresh= 1.000E-06 alpha_mix =  0.700 |ddv_scf|^2 =  6.308E-06

      iter #   2 total cpu time :     7.2 secs   av.it.:  13.6
      thresh= 1.000E-06 alpha_mix =  0.700 |ddv_scf|^2 =  2.338E-05

      iter #   3 total cpu time :     7.2 secs   av.it.:  13.2
      thresh= 1.000E-06 alpha_mix =  0.700 |ddv_scf|^2 =  9.680E-07

      iter #   4 total cpu time :     7.3 secs   av.it.:  12.0
      thresh= 1.000E-06 alpha_mix =  0.700 |ddv_scf|^2 =  1.203E-09

      iter #   5 total cpu time :     7.3 secs   av.it.:  10.8
      thresh= 3.468E-07 alpha_mix =  0.700 |ddv_scf|^2 =  8.881E-11

      iter #   6 total cpu time :     7.4 secs   av.it.:  10.9
      thresh= 9.424E-08 alpha_mix =  0.700 |ddv_scf|^2 =  1.070E-12

      iter #   7 total cpu time :     7.4 secs   av.it.:  11.1
      thresh= 1.034E-08 alpha_mix =  0.700 |ddv_scf|^2 =  1.558E-14

      iter #   8 total cpu time :     7.4 secs   av.it.:  10.8
      thresh= 1.248E-09 alpha_mix =  0.700 |ddv_scf|^2 =  6.667E-17

      iter #   9 total cpu time :     7.5 secs   av.it.:  10.9
      thresh= 8.165E-11 alpha_mix =  0.700 |ddv_scf|^2 =  1.703E-17

      iter #  10 total cpu time :     7.5 secs   av.it.:  10.8
      thresh= 4.127E-11 alpha_mix =  0.700 |ddv_scf|^2 =  1.768E-17

      iter #  11 total cpu time :     7.6 secs   av.it.:  10.1
      thresh= 4.205E-11 alpha_mix =  0.700 |ddv_scf|^2 =  1.099E-18

      iter #  12 total cpu time :     7.6 secs   av.it.:  10.8
      thresh= 1.048E-11 alpha_mix =  0.700 |ddv_scf|^2 =  1.939E-20
 (TO COMPARE with output) iq =            2 rvect=           0           0
           0 pi_q_unrelax= (8.282780563428516E-002,-2.203912478361459E-019)
 (8.282780563428516E-002,-2.203912478361459E-019) pi_q_relax = 
 (3.435445921075227E-002,-1.293556392964493E-010)
 (3.435445921075227E-002,-1.293556392964493E-010)

 (TO COMPARE with output) iq =            2 rvect=           0           0
           0 pi_q_unrelax= (8.282780563428516E-002,-2.203912478361459E-019)
 (8.282780563428516E-002,-2.203912478361459E-019) pi_q_relax = 
 (3.435445921075227E-002,-1.293556392964493E-010)
 (3.435445921075227E-002,-1.293556392964493E-010)
 (TO COMPARE with output) iq =            2 rvect=           0           0
           0 pi_q_unrelax= (8.282780563428516E-002,-2.203912478361459E-019)
 (8.282780563428516E-002,-2.203912478361459E-019) pi_q_relax = 
 (3.435445921075227E-002,-1.293556392964493E-010)
 (3.435445921075227E-002,-1.293556392964493E-010)
 (TO COMPARE with output) iq =            2 rvect=           0           0
           0 pi_q_unrelax= (8.282780563428516E-002,-2.203912478361459E-019)
 (8.282780563428516E-002,-2.203912478361459E-019) pi_q_relax = 
 (3.435445921075227E-002,-1.293556392964493E-010)
 (3.435445921075227E-002,-1.293556392964493E-010)
        iq =   2   iwann =   8   rPi_q =     0.03435446    -0.00000000   uPi_q =     0.08282781     0.00000000   SH_q =     0.04141390     0.00000000


     ==============================================================================
     Calculation of q =    0.5000000   0.5000000   0.5000000  [Cart ]
     Calculation of q =    0.0000000   0.5000000   0.0000000  [Cryst]
     ==============================================================================

        INFO: prepare_q DONE

        INFO: rhowan_q(r) RETRIEVED

 
     Parallelization info
     --------------------
     sticks:   dense  smooth     PW     G-vecs:    dense   smooth      PW
     Min          73      73     27                  821      821     186
     Max          74      74     28                  823      823     189
     Sum         295     295    109                 3287     3287     749
 
     Using Slab Decomposition
 

     Title: 
     W2K Silicon                                                                


     bravais-lattice index     =            2
     lattice parameter (alat)  =      10.2631  a.u.
     unit-cell volume          =     270.2564 (a.u.)^3
     number of atoms/cell      =            2
     number of atomic types    =            1
     number of electrons       =         8.00 (up:   4.00, down:   4.00)
     number of Kohn-Sham states=            7
     kinetic-energy cutoff     =      20.0000  Ry
     charge density cutoff     =      80.0000  Ry
     Exchange-correlation= PW
                           (   1   4   0   0   0   0   0)

     celldm(1)=  10.263102  celldm(2)=   0.000000  celldm(3)=   0.000000
     celldm(4)=   0.000000  celldm(5)=   0.000000  celldm(6)=   0.000000

     crystal axes: (cart. coord. in units of alat)
               a(1) = (  -0.500000   0.000000   0.500000 )  
               a(2) = (   0.000000   0.500000   0.500000 )  
               a(3) = (  -0.500000   0.500000   0.000000 )  

     reciprocal axes: (cart. coord. in units 2 pi/alat)
               b(1) = ( -1.000000 -1.000000  1.000000 )  
               b(2) = (  1.000000  1.000000  1.000000 )  
               b(3) = ( -1.000000  1.000000 -1.000000 )  


     PseudoPot. # 1 for Si read from file:
     /home/colonna_n/CODES/q-e-kcw/pseudo/Si.upf
     MD5 check sum: 9e2d726316af3d4752eea8ab0afbb951
     Pseudo is Norm-conserving + core correction, Zval =  4.0
     Generated using ONCVPSP code by D. R. Hamann
     Using radial grid of 1510 points,  6 beta functions with: 
                l(1) =   0
                l(2) =   0
                l(3) =   1
                l(4) =   1
                l(5) =   2
                l(6) =   2

     atomic species   valence    mass     pseudopotential
     Si                4.00    28.08500     Si( 1.00)

     Starting magnetic structure 
     atomic species   magnetization
     Si              0.000

     48 Sym. Ops., with inversion, found



   Cartesian axes

     site n.     atom                  positions (alat units)
         1        Si     tau(   1) = (   0.0000000   0.0000000   0.0000000  )
         2        Si     tau(   2) = (  -0.2500000   0.2500000   0.2500000  )

     number of k points=    16
                       cart. coord. in units 2pi/alat
        k(    1) = (   0.0000000   0.0000000   0.0000000), wk =   0.1250000
        k(    2) = (   0.5000000   0.5000000   0.5000000), wk =   0.0000000
        k(    3) = (  -0.5000000   0.5000000  -0.5000000), wk =   0.1250000
        k(    4) = (  -0.0000000   1.0000000  -0.0000000), wk =   0.0000000
        k(    5) = (   0.5000000   0.5000000   0.5000000), wk =   0.1250000
        k(    6) = (   1.0000000   1.0000000   1.0000000), wk =   0.0000000
        k(    7) = (   0.0000000   1.0000000   0.0000000), wk =   0.1250000
        k(    8) = (   0.5000000   1.5000000   0.5000000), wk =   0.0000000
        k(    9) = (  -0.5000000  -0.5000000   0.5000000), wk =   0.1250000
        k(   10) = (  -0.0000000  -0.0000000   1.0000000), wk =   0.0000000
        k(   11) = (  -1.0000000   0.0000000   0.0000000), wk =   0.1250000
        k(   12) = (  -0.5000000   0.5000000   0.5000000), wk =   0.0000000
        k(   13) = (   0.0000000   0.0000000   1.0000000), wk =   0.1250000
        k(   14) = (   0.5000000   0.5000000   1.5000000), wk =   0.0000000
        k(   15) = (  -0.5000000   0.5000000   0.5000000), wk =   0.1250000
        k(   16) = (  -0.0000000   1.0000000   1.0000000), wk =   0.0000000

     Dense  grid:     3287 G-vectors     FFT dimensions: (  24,  24,  24)

     Estimated max dynamical RAM per process >       1.44 MB

     Estimated total dynamical RAM >       5.76 MB

     The potential is recalculated from file :
     /home/colonna_n/CODES/q-e-kcw/tempdir/kcw/q3/Si.save/charge-density

     Starting wfcs are    8 atomic wfcs

     Band Structure Calculation
     Davidson diagonalization with overlap

     ethr =  1.25E-10,  avg # of iterations = 10.6

     total cpu time spent up to now is       -1.0 secs

     End of band structure calculation

 ------ SPIN UP ------------


          k = 0.0000 0.0000 0.0000 (   411 PWs)   bands (ev):

    -5.8914   6.0879   6.0879   6.0879   8.6004   8.6004   8.6004

          k = 0.5000 0.5000 0.5000 (   410 PWs)   bands (ev):

    -3.5529  -0.9269   4.8803   4.8803   7.5023   9.3832   9.3832

          k =-0.5000 0.5000-0.5000 (   410 PWs)   bands (ev):

    -3.5529  -0.9269   4.8803   4.8803   7.5023   9.3832   9.3832

          k =-0.0000 1.0000-0.0000 (   412 PWs)   bands (ev):

    -1.7480  -1.7480   3.2158   3.2158   6.6815   6.6815  16.0531

          k = 0.5000 0.5000 0.5000 (   410 PWs)   bands (ev):

    -3.5529  -0.9269   4.8803   4.8803   7.5023   9.3832   9.3832

          k = 1.0000 1.0000 1.0000 (   411 PWs)   bands (ev):

    -5.8914   6.0879   6.0879   6.0879   8.6004   8.6004   8.6004

          k = 0.0000 1.0000 0.0000 (   412 PWs)   bands (ev):

    -1.7480  -1.7480   3.2158   3.2158   6.6815   6.6815  16.0531

          k = 0.5000 1.5000 0.5000 (   410 PWs)   bands (ev):

    -3.5529  -0.9269   4.8803   4.8803   7.5023   9.3832   9.3832

          k =-0.5000-0.5000 0.5000 (   410 PWs)   bands (ev):

    -3.5529  -0.9269   4.8803   4.8803   7.5023   9.3832   9.3832

          k =-0.0000-0.0000 1.0000 (   412 PWs)   bands (ev):

    -1.7480  -1.7480   3.2158   3.2158   6.6815   6.6815  16.0531

          k =-1.0000 0.0000 0.0000 (   412 PWs)   bands (ev):

    -1.7480  -1.7480   3.2158   3.2158   6.6815   6.6815  16.0531

          k =-0.5000 0.5000 0.5000 (   410 PWs)   bands (ev):

    -3.5529  -0.9269   4.8803   4.8803   7.5023   9.3832   9.3832

          k = 0.0000 0.0000 1.0000 (   412 PWs)   bands (ev):

    -1.7480  -1.7480   3.2158   3.2158   6.6815   6.6815  16.0531

          k = 0.5000 0.5000 1.5000 (   410 PWs)   bands (ev):

    -3.5529  -0.9269   4.8803   4.8803   7.5023   9.3832   9.3832

          k =-0.5000 0.5000 0.5000 (   410 PWs)   bands (ev):

    -3.5529  -0.9269   4.8803   4.8803   7.5023   9.3832   9.3832

          k =-0.0000 1.0000 1.0000 (   412 PWs)   bands (ev):

    -1.7480  -1.7480   3.2158   3.2158   6.6815   6.6815  16.0531

 ------ SPIN DOWN ----------


          k = 0.0000 0.0000 0.0000 (   411 PWs)   bands (ev):

    -5.8914   6.0879   6.0879   6.0879   8.6004   8.6004   8.6004

          k = 0.5000 0.5000 0.5000 (   410 PWs)   bands (ev):

    -3.5529  -0.9269   4.8803   4.8803   7.5023   9.3832   9.3832

          k =-0.5000 0.5000-0.5000 (   410 PWs)   bands (ev):

    -3.5529  -0.9269   4.8803   4.8803   7.5023   9.3832   9.3832

          k =-0.0000 1.0000-0.0000 (   412 PWs)   bands (ev):

    -1.7480  -1.7480   3.2158   3.2158   6.6815   6.6815  16.0531

          k = 0.5000 0.5000 0.5000 (   410 PWs)   bands (ev):

    -3.5529  -0.9269   4.8803   4.8803   7.5023   9.3832   9.3832

          k = 1.0000 1.0000 1.0000 (   411 PWs)   bands (ev):

    -5.8914   6.0879   6.0879   6.0879   8.6004   8.6004   8.6004

          k = 0.0000 1.0000 0.0000 (   412 PWs)   bands (ev):

    -1.7480  -1.7480   3.2158   3.2158   6.6815   6.6815  16.0531

          k = 0.5000 1.5000 0.5000 (   410 PWs)   bands (ev):

    -3.5529  -0.9269   4.8803   4.8803   7.5023   9.3832   9.3832

          k =-0.5000-0.5000 0.5000 (   410 PWs)   bands (ev):

    -3.5529  -0.9269   4.8803   4.8803   7.5023   9.3832   9.3832

          k =-0.0000-0.0000 1.0000 (   412 PWs)   bands (ev):

    -1.7480  -1.7480   3.2158   3.2158   6.6815   6.6815  16.0531

          k =-1.0000 0.0000 0.0000 (   412 PWs)   bands (ev):

    -1.7480  -1.7480   3.2158   3.2158   6.6815   6.6815  16.0531

          k =-0.5000 0.5000 0.5000 (   410 PWs)   bands (ev):

    -3.5529  -0.9269   4.8803   4.8803   7.5023   9.3832   9.3832

          k = 0.0000 0.0000 1.0000 (   412 PWs)   bands (ev):

    -1.7480  -1.7480   3.2158   3.2158   6.6815   6.6815  16.0531

          k = 0.5000 0.5000 1.5000 (   410 PWs)   bands (ev):

    -3.5529  -0.9269   4.8803   4.8803   7.5023   9.3832   9.3832

          k =-0.5000 0.5000 0.5000 (   410 PWs)   bands (ev):

    -3.5529  -0.9269   4.8803   4.8803   7.5023   9.3832   9.3832

          k =-0.0000 1.0000 1.0000 (   412 PWs)   bands (ev):

    -1.7480  -1.7480   3.2158   3.2158   6.6815   6.6815  16.0531

     highest occupied, lowest unoccupied level (ev):     6.0879    6.6815

     Writing all to output data dir /home/colonna_n/CODES/q-e-kcw/tempdir/kcw/q3/Si.save/ :
     XML data file, pseudopotentials, collected wavefunctions

        INFO: NSCF calculation DONE

        INFO: kcw_q initialization DONE


        Start LR calculation for the wannier #  1   iq =  3   spin =  1

        SYM : iwann=     1 iq =     3 weight =   0.12500000

      iter #   1 total cpu time :     7.8 secs   av.it.:  13.9
      thresh= 1.000E-06 alpha_mix =  0.700 |ddv_scf|^2 =  9.947E-06

      iter #   2 total cpu time :     7.9 secs   av.it.:  13.9
      thresh= 1.000E-06 alpha_mix =  0.700 |ddv_scf|^2 =  4.868E-05

      iter #   3 total cpu time :     7.9 secs   av.it.:  13.3
      thresh= 1.000E-06 alpha_mix =  0.700 |ddv_scf|^2 =  6.673E-07

      iter #   4 total cpu time :     8.0 secs   av.it.:  12.5
      thresh= 1.000E-06 alpha_mix =  0.700 |ddv_scf|^2 =  1.366E-09

      iter #   5 total cpu time :     8.0 secs   av.it.:  11.6
      thresh= 3.695E-07 alpha_mix =  0.700 |ddv_scf|^2 =  6.886E-11

      iter #   6 total cpu time :     8.0 secs   av.it.:  11.6
      thresh= 8.298E-08 alpha_mix =  0.700 |ddv_scf|^2 =  1.027E-12

      iter #   7 total cpu time :     8.1 secs   av.it.:  11.6
      thresh= 1.013E-08 alpha_mix =  0.700 |ddv_scf|^2 =  1.505E-14

      iter #   8 total cpu time :     8.1 secs   av.it.:  11.9
      thresh= 1.227E-09 alpha_mix =  0.700 |ddv_scf|^2 =  2.993E-15

      iter #   9 total cpu time :     8.2 secs   av.it.:  11.8
      thresh= 5.470E-10 alpha_mix =  0.700 |ddv_scf|^2 =  5.706E-16

      iter #  10 total cpu time :     8.2 secs   av.it.:  11.2
      thresh= 2.389E-10 alpha_mix =  0.700 |ddv_scf|^2 =  1.039E-15

      iter #  11 total cpu time :     8.2 secs   av.it.:  10.9
      thresh= 3.223E-10 alpha_mix =  0.700 |ddv_scf|^2 =  1.495E-18

      iter #  12 total cpu time :     8.3 secs   av.it.:  11.9
      thresh= 1.223E-11 alpha_mix =  0.700 |ddv_scf|^2 =  5.697E-19
 (TO COMPARE with output) iq =            3 rvect=           0           0
           0 pi_q_unrelax= (8.381321497599777E-002,5.088973321043725E-018)
 (8.381321497599777E-002,5.088973321043725E-018) pi_q_relax = 
 (3.071467739961436E-002,-5.317245431511415E-010)
 (3.071467739961436E-002,-5.317245431511415E-010)
 (TO COMPARE with output) iq =            3 rvect=           0           0
           0 pi_q_unrelax= (8.381321497599777E-002,5.088973321043725E-018)
 (8.381321497599777E-002,5.088973321043725E-018) pi_q_relax = 
 (3.071467739961436E-002,-5.317245431511415E-010)
 (3.071467739961436E-002,-5.317245431511415E-010)
 (TO COMPARE with output) iq =            3 rvect=           0           0
           0 pi_q_unrelax= (8.381321497599777E-002,5.088973321043725E-018)
 (8.381321497599777E-002,5.088973321043725E-018) pi_q_relax = 
 (3.071467739961436E-002,-5.317245431511415E-010)
 (3.071467739961436E-002,-5.317245431511415E-010)
 (TO COMPARE with output) iq =            3 rvect=           0           0
           0 pi_q_unrelax= (8.381321497599777E-002,5.088973321043725E-018)
 (8.381321497599777E-002,5.088973321043725E-018) pi_q_relax = 
 (3.071467739961436E-002,-5.317245431511415E-010)
 (3.071467739961436E-002,-5.317245431511415E-010)

        iq =   3   iwann =   1   rPi_q =     0.03071468    -0.00000000   uPi_q =     0.08381321    -0.00000000   SH_q =     0.04190661    -0.00000000

        Start LR calculation for the wannier #  2   iq =  3   spin =  1

        SYM : iwann=     2 iq =     3 weight =   0.12500000

      iter #   1 total cpu time :     8.3 secs   av.it.:  13.5
      thresh= 1.000E-06 alpha_mix =  0.700 |ddv_scf|^2 =  6.308E-06

      iter #   2 total cpu time :     8.4 secs   av.it.:  13.6
      thresh= 1.000E-06 alpha_mix =  0.700 |ddv_scf|^2 =  2.338E-05

      iter #   3 total cpu time :     8.4 secs   av.it.:  13.1
      thresh= 1.000E-06 alpha_mix =  0.700 |ddv_scf|^2 =  9.680E-07

      iter #   4 total cpu time :     8.5 secs   av.it.:  12.1
      thresh= 1.000E-06 alpha_mix =  0.700 |ddv_scf|^2 =  1.203E-09

      iter #   5 total cpu time :     8.5 secs   av.it.:  10.8
      thresh= 3.468E-07 alpha_mix =  0.700 |ddv_scf|^2 =  8.881E-11

      iter #   6 total cpu time :     8.6 secs   av.it.:  10.9
      thresh= 9.424E-08 alpha_mix =  0.700 |ddv_scf|^2 =  1.070E-12

      iter #   7 total cpu time :     8.6 secs   av.it.:  11.1
      thresh= 1.034E-08 alpha_mix =  0.700 |ddv_scf|^2 =  1.558E-14

      iter #   8 total cpu time :     8.6 secs   av.it.:  10.8
      thresh= 1.248E-09 alpha_mix =  0.700 |ddv_scf|^2 =  6.595E-17

      iter #   9 total cpu time :     8.7 secs   av.it.:  10.9
      thresh= 8.121E-11 alpha_mix =  0.700 |ddv_scf|^2 =  1.373E-17

      iter #  10 total cpu time :     8.7 secs   av.it.:  10.8
      thresh= 3.706E-11 alpha_mix =  0.700 |ddv_scf|^2 =  1.349E-17

      iter #  11 total cpu time :     8.8 secs   av.it.:  10.4
      thresh= 3.672E-11 alpha_mix =  0.700 |ddv_scf|^2 =  1.084E-18

      iter #  12 total cpu time :     8.8 secs   av.it.:  10.8
      thresh= 1.041E-11 alpha_mix =  0.700 |ddv_scf|^2 =  1.755E-20
 (TO COMPARE with output) iq =            3 rvect=           0           0
           0 pi_q_unrelax= (8.282779294577290E-002,-9.402746726036877E-019)
 (8.282779294577290E-002,-9.402746726036877E-019) pi_q_relax = 
 (3.435445473912070E-002,-2.195605931658342E-010)
 (3.435445473912070E-002,-2.195605931658342E-010)
 (TO COMPARE with output) iq =            3 rvect=           0           0
           0 pi_q_unrelax= (8.282779294577290E-002,-9.402746726036877E-019)
 (8.282779294577290E-002,-9.402746726036877E-019) pi_q_relax = 
 (3.435445473912070E-002,-2.195605931658342E-010)
 (3.435445473912070E-002,-2.195605931658342E-010)
 (TO COMPARE with output) iq =            3 rvect=           0           0
           0 pi_q_unrelax= (8.282779294577290E-002,-9.402746726036877E-019)
 (8.282779294577290E-002,-9.402746726036877E-019) pi_q_relax = 
 (3.435445473912070E-002,-2.195605931658342E-010)
 (3.435445473912070E-002,-2.195605931658342E-010)
 (TO COMPARE with output) iq =            3 rvect=           0           0
           0 pi_q_unrelax= (8.282779294577290E-002,-9.402746726036877E-019)
 (8.282779294577290E-002,-9.402746726036877E-019) pi_q_relax = 
 (3.435445473912070E-002,-2.195605931658342E-010)
 (3.435445473912070E-002,-2.195605931658342E-010)

        iq =   3   iwann =   2   rPi_q =     0.03435445    -0.00000000   uPi_q =     0.08282779     0.00000000   SH_q =     0.04141390    -0.00000000

        Start LR calculation for the wannier #  3   iq =  3   spin =  1

        SYM : iwann=     3 iq =     3 weight =   0.12500000

      iter #   1 total cpu time :     8.9 secs   av.it.:  13.9
      thresh= 1.000E-06 alpha_mix =  0.700 |ddv_scf|^2 =  9.947E-06

      iter #   2 total cpu time :     8.9 secs   av.it.:  13.9
      thresh= 1.000E-06 alpha_mix =  0.700 |ddv_scf|^2 =  4.868E-05

      iter #   3 total cpu time :     8.9 secs   av.it.:  13.3
      thresh= 1.000E-06 alpha_mix =  0.700 |ddv_scf|^2 =  6.673E-07

      iter #   4 total cpu time :     9.0 secs   av.it.:  12.5
      thresh= 1.000E-06 alpha_mix =  0.700 |ddv_scf|^2 =  1.366E-09

      iter #   5 total cpu time :     9.0 secs   av.it.:  11.6
      thresh= 3.695E-07 alpha_mix =  0.700 |ddv_scf|^2 =  6.886E-11

      iter #   6 total cpu time :     9.1 secs   av.it.:  11.6
      thresh= 8.298E-08 alpha_mix =  0.700 |ddv_scf|^2 =  1.027E-12

      iter #   7 total cpu time :     9.1 secs   av.it.:  11.7
      thresh= 1.013E-08 alpha_mix =  0.700 |ddv_scf|^2 =  1.506E-14

      iter #   8 total cpu time :     9.2 secs   av.it.:  11.9
      thresh= 1.227E-09 alpha_mix =  0.700 |ddv_scf|^2 =  2.993E-15

      iter #   9 total cpu time :     9.2 secs   av.it.:  11.8
      thresh= 5.471E-10 alpha_mix =  0.700 |ddv_scf|^2 =  5.709E-16

      iter #  10 total cpu time :     9.2 secs   av.it.:  11.2
      thresh= 2.389E-10 alpha_mix =  0.700 |ddv_scf|^2 =  1.040E-15

      iter #  11 total cpu time :     9.3 secs   av.it.:  10.8
      thresh= 3.225E-10 alpha_mix =  0.700 |ddv_scf|^2 =  1.495E-18

      iter #  12 total cpu time :     9.3 secs   av.it.:  11.8
      thresh= 1.223E-11 alpha_mix =  0.700 |ddv_scf|^2 =  5.709E-19
 (TO COMPARE with output) iq =            3 rvect=           0           0
           0 pi_q_unrelax= (8.381322918581915E-002,-1.231755903738849E-018)
 (8.381322918581915E-002,-1.231755903738849E-018) pi_q_relax = 
 (3.071468871468787E-002,9.688933843673810E-010)
 (3.071468871468787E-002,9.688933843673810E-010)
 (TO COMPARE with output) iq =            3 rvect=           0           0
           0 pi_q_unrelax= (8.381322918581915E-002,-1.231755903738849E-018)
 (8.381322918581915E-002,-1.231755903738849E-018) pi_q_relax = 
 (3.071468871468787E-002,9.688933843673810E-010)
 (3.071468871468787E-002,9.688933843673810E-010)
 (TO COMPARE with output) iq =            3 rvect=           0           0
           0 pi_q_unrelax= (8.381322918581915E-002,-1.231755903738849E-018)
 (8.381322918581915E-002,-1.231755903738849E-018) pi_q_relax = 
 (3.071468871468787E-002,9.688933843673810E-010)
 (3.071468871468787E-002,9.688933843673810E-010)
 (TO COMPARE with output) iq =            3 rvect=           0           0
           0 pi_q_unrelax= (8.381322918581915E-002,-1.231755903738849E-018)
 (8.381322918581915E-002,-1.231755903738849E-018) pi_q_relax = 
 (3.071468871468787E-002,9.688933843673810E-010)
 (3.071468871468787E-002,9.688933843673810E-010)

        iq =   3   iwann =   3   rPi_q =     0.03071469     0.00000000   uPi_q =     0.08381323     0.00000000   SH_q =     0.04190661    -0.00000000

        Start LR calculation for the wannier #  4   iq =  3   spin =  1

        SYM : iwann=     4 iq =     3 weight =   0.12500000

      iter #   1 total cpu time :     9.4 secs   av.it.:  13.9
      thresh= 1.000E-06 alpha_mix =  0.700 |ddv_scf|^2 =  9.947E-06

      iter #   2 total cpu time :     9.4 secs   av.it.:  13.9
      thresh= 1.000E-06 alpha_mix =  0.700 |ddv_scf|^2 =  4.868E-05

      iter #   3 total cpu time :     9.5 secs   av.it.:  13.3
      thresh= 1.000E-06 alpha_mix =  0.700 |ddv_scf|^2 =  6.673E-07

      iter #   4 total cpu time :     9.5 secs   av.it.:  12.5
      thresh= 1.000E-06 alpha_mix =  0.700 |ddv_scf|^2 =  1.366E-09

      iter #   5 total cpu time :     9.6 secs   av.it.:  11.5
      thresh= 3.695E-07 alpha_mix =  0.700 |ddv_scf|^2 =  6.886E-11

      iter #   6 total cpu time :     9.6 secs   av.it.:  11.6
      thresh= 8.298E-08 alpha_mix =  0.700 |ddv_scf|^2 =  1.027E-12

      iter #   7 total cpu time :     9.6 secs   av.it.:  11.6
      thresh= 1.013E-08 alpha_mix =  0.700 |ddv_scf|^2 =  1.505E-14

      iter #   8 total cpu time :     9.7 secs   av.it.:  11.9
      thresh= 1.227E-09 alpha_mix =  0.700 |ddv_scf|^2 =  2.993E-15

      iter #   9 total cpu time :     9.7 secs   av.it.:  11.8
      thresh= 5.471E-10 alpha_mix =  0.700 |ddv_scf|^2 =  5.706E-16

      iter #  10 total cpu time :     9.8 secs   av.it.:  11.2
      thresh= 2.389E-10 alpha_mix =  0.700 |ddv_scf|^2 =  1.040E-15

      iter #  11 total cpu time :     9.8 secs   av.it.:  10.9
      thresh= 3.224E-10 alpha_mix =  0.700 |ddv_scf|^2 =  1.494E-18

      iter #  12 total cpu time :     9.8 secs   av.it.:  11.9
      thresh= 1.222E-11 alpha_mix =  0.700 |ddv_scf|^2 =  5.699E-19
 (TO COMPARE with output) iq =            3 rvect=           0           0
           0 pi_q_unrelax= (8.381321687939033E-002,-1.452757460564869E-019)
 (8.381321687939033E-002,-1.452757460564869E-019) pi_q_relax = 
 (3.071467899661510E-002,8.647835330517575E-010)
 (3.071467899661510E-002,8.647835330517575E-010)
 (TO COMPARE with output) iq =            3 rvect=           0           0
           0 pi_q_unrelax= (8.381321687939033E-002,-1.452757460564869E-019)
 (8.381321687939033E-002,-1.452757460564869E-019) pi_q_relax = 
 (3.071467899661510E-002,8.647835330517575E-010)
 (3.071467899661510E-002,8.647835330517575E-010)
 (TO COMPARE with output) iq =            3 rvect=           0           0
           0 pi_q_unrelax= (8.381321687939033E-002,-1.452757460564869E-019)
 (8.381321687939033E-002,-1.452757460564869E-019) pi_q_relax = 
 (3.071467899661510E-002,8.647835330517575E-010)
 (3.071467899661510E-002,8.647835330517575E-010)
 (TO COMPARE with output) iq =            3 rvect=           0           0
           0 pi_q_unrelax= (8.381321687939033E-002,-1.452757460564869E-019)
 (8.381321687939033E-002,-1.452757460564869E-019) pi_q_relax = 
 (3.071467899661510E-002,8.647835330517575E-010)
 (3.071467899661510E-002,8.647835330517575E-010)

        iq =   3   iwann =   4   rPi_q =     0.03071468     0.00000000   uPi_q =     0.08381322     0.00000000   SH_q =     0.04190661    -0.00000000

        Start LR calculation for the wannier #  5   iq =  3   spin =  1

        SYM : iwann=     5 iq =     3 weight =   0.12500000

      iter #   1 total cpu time :     9.9 secs   av.it.:  13.9
      thresh= 1.000E-06 alpha_mix =  0.700 |ddv_scf|^2 =  9.947E-06

      iter #   2 total cpu time :    10.0 secs   av.it.:  13.9
      thresh= 1.000E-06 alpha_mix =  0.700 |ddv_scf|^2 =  4.868E-05

      iter #   3 total cpu time :    10.0 secs   av.it.:  13.3
      thresh= 1.000E-06 alpha_mix =  0.700 |ddv_scf|^2 =  6.673E-07

      iter #   4 total cpu time :    10.0 secs   av.it.:  12.4
      thresh= 1.000E-06 alpha_mix =  0.700 |ddv_scf|^2 =  1.366E-09

      iter #   5 total cpu time :    10.1 secs   av.it.:  11.8
      thresh= 3.695E-07 alpha_mix =  0.700 |ddv_scf|^2 =  6.886E-11

      iter #   6 total cpu time :    10.1 secs   av.it.:  11.5
      thresh= 8.298E-08 alpha_mix =  0.700 |ddv_scf|^2 =  1.027E-12

      iter #   7 total cpu time :    10.2 secs   av.it.:  11.8
      thresh= 1.013E-08 alpha_mix =  0.700 |ddv_scf|^2 =  1.505E-14

      iter #   8 total cpu time :    10.2 secs   av.it.:  11.9
      thresh= 1.227E-09 alpha_mix =  0.700 |ddv_scf|^2 =  2.993E-15

      iter #   9 total cpu time :    10.3 secs   av.it.:  11.8
      thresh= 5.471E-10 alpha_mix =  0.700 |ddv_scf|^2 =  5.715E-16

      iter #  10 total cpu time :    10.3 secs   av.it.:  11.1
      thresh= 2.391E-10 alpha_mix =  0.700 |ddv_scf|^2 =  1.040E-15

      iter #  11 total cpu time :    10.3 secs   av.it.:  10.8
      thresh= 3.224E-10 alpha_mix =  0.700 |ddv_scf|^2 =  1.500E-18

      iter #  12 total cpu time :    10.4 secs   av.it.:  11.8
      thresh= 1.225E-11 alpha_mix =  0.700 |ddv_scf|^2 =  5.772E-19
 (TO COMPARE with output) iq =            3 rvect=           0           0
           0 pi_q_unrelax= (8.381321312160631E-002,6.128289324104745E-019)
 (TO COMPARE with output) iq =            3 rvect=           0           0
           0 pi_q_unrelax= (8.381321312160631E-002,6.128289324104745E-019)
 (8.381321312160631E-002,6.128289324104745E-019) pi_q_relax = 
 (3.071467959673099E-002,1.785797172012081E-009)
 (3.071467959673099E-002,1.785797172012081E-009)
 (TO COMPARE with output) iq =            3 rvect=           0           0
           0 pi_q_unrelax= (8.381321312160631E-002,6.128289324104745E-019)
 (8.381321312160631E-002,6.128289324104745E-019) pi_q_relax = 
 (3.071467959673099E-002,1.785797172012081E-009)
 (3.071467959673099E-002,1.785797172012081E-009)
 (TO COMPARE with output) iq =            3 rvect=           0           0
           0 pi_q_unrelax= (8.381321312160631E-002,6.128289324104745E-019)
 (8.381321312160631E-002,6.128289324104745E-019) pi_q_relax = 
 (3.071467959673099E-002,1.785797172012081E-009)
 (3.071467959673099E-002,1.785797172012081E-009)
 (8.381321312160631E-002,6.128289324104745E-019) pi_q_relax = 
 (3.071467959673099E-002,1.785797172012081E-009)
 (3.071467959673099E-002,1.785797172012081E-009)

        iq =   3   iwann =   5   rPi_q =     0.03071468     0.00000000   uPi_q =     0.08381321    -0.00000000   SH_q =     0.04190661    -0.00000000

        Start LR calculation for the wannier #  6   iq =  3   spin =  1

        SYM : iwann=     6 iq =     3 weight =   0.12500000

      iter #   1 total cpu time :    10.5 secs   av.it.:  13.5
      thresh= 1.000E-06 alpha_mix =  0.700 |ddv_scf|^2 =  6.308E-06

      iter #   2 total cpu time :    10.6 secs   av.it.:  13.6
      thresh= 1.000E-06 alpha_mix =  0.700 |ddv_scf|^2 =  2.338E-05

      iter #   3 total cpu time :    10.6 secs   av.it.:  13.1
      thresh= 1.000E-06 alpha_mix =  0.700 |ddv_scf|^2 =  9.680E-07

      iter #   4 total cpu time :    10.7 secs   av.it.:  12.1
      thresh= 1.000E-06 alpha_mix =  0.700 |ddv_scf|^2 =  1.203E-09

      iter #   5 total cpu time :    10.7 secs   av.it.:  10.8
      thresh= 3.468E-07 alpha_mix =  0.700 |ddv_scf|^2 =  8.881E-11

      iter #   6 total cpu time :    10.7 secs   av.it.:  10.9
      thresh= 9.424E-08 alpha_mix =  0.700 |ddv_scf|^2 =  1.070E-12

      iter #   7 total cpu time :    10.8 secs   av.it.:  11.1
      thresh= 1.035E-08 alpha_mix =  0.700 |ddv_scf|^2 =  1.558E-14

      iter #   8 total cpu time :    10.8 secs   av.it.:  10.8
      thresh= 1.248E-09 alpha_mix =  0.700 |ddv_scf|^2 =  6.549E-17

      iter #   9 total cpu time :    10.9 secs   av.it.:  10.9
      thresh= 8.092E-11 alpha_mix =  0.700 |ddv_scf|^2 =  1.113E-17

      iter #  10 total cpu time :    10.9 secs   av.it.:  10.7
      thresh= 3.336E-11 alpha_mix =  0.700 |ddv_scf|^2 =  7.813E-18

      iter #  11 total cpu time :    10.9 secs   av.it.:  10.5
      thresh= 2.795E-11 alpha_mix =  0.700 |ddv_scf|^2 =  1.111E-18

      iter #  12 total cpu time :    11.0 secs   av.it.:  10.8
      thresh= 1.054E-11 alpha_mix =  0.700 |ddv_scf|^2 =  1.479E-20
 (TO COMPARE with output) iq =            3 rvect=           0           0
           0 pi_q_unrelax= (8.282778610481999E-002,8.870920940852143E-020)
 (8.282778610481999E-002,8.870920940852143E-020) pi_q_relax = 
 (3.435445271880599E-002,2.759894035685728E-010)
 (3.435445271880599E-002,2.759894035685728E-010)
 (TO COMPARE with output) iq =            3 rvect=           0           0
           0 pi_q_unrelax= (8.282778610481999E-002,8.870920940852143E-020)
 (8.282778610481999E-002,8.870920940852143E-020) pi_q_relax = 
 (3.435445271880599E-002,2.759894035685728E-010)
 (3.435445271880599E-002,2.759894035685728E-010)
 (TO COMPARE with output) iq =            3 rvect=           0           0
           0 pi_q_unrelax= (8.282778610481999E-002,8.870920940852143E-020)
 (8.282778610481999E-002,8.870920940852143E-020) pi_q_relax = 
 (3.435445271880599E-002,2.759894035685728E-010)
 (3.435445271880599E-002,2.759894035685728E-010)
 (TO COMPARE with output) iq =            3 rvect=           0           0
           0 pi_q_unrelax= (8.282778610481999E-002,8.870920940852143E-020)
 (8.282778610481999E-002,8.870920940852143E-020) pi_q_relax = 
 (3.435445271880599E-002,2.759894035685728E-010)
 (3.435445271880599E-002,2.759894035685728E-010)

        iq =   3   iwann =   6   rPi_q =     0.03435445     0.00000000   uPi_q =     0.08282779     0.00000000   SH_q =     0.04141389     0.00000000

        Start LR calculation for the wannier #  7   iq =  3   spin =  1

        SYM : iwann=     7 iq =     3 weight =   0.12500000

      iter #   1 total cpu time :    11.0 secs   av.it.:  13.9
      thresh= 1.000E-06 alpha_mix =  0.700 |ddv_scf|^2 =  9.947E-06

      iter #   2 total cpu time :    11.1 secs   av.it.:  13.9
      thresh= 1.000E-06 alpha_mix =  0.700 |ddv_scf|^2 =  4.868E-05

      iter #   3 total cpu time :    11.1 secs   av.it.:  13.3
      thresh= 1.000E-06 alpha_mix =  0.700 |ddv_scf|^2 =  6.673E-07

      iter #   4 total cpu time :    11.2 secs   av.it.:  12.4
      thresh= 1.000E-06 alpha_mix =  0.700 |ddv_scf|^2 =  1.366E-09

      iter #   5 total cpu time :    11.2 secs   av.it.:  11.6
      thresh= 3.695E-07 alpha_mix =  0.700 |ddv_scf|^2 =  6.886E-11

      iter #   6 total cpu time :    11.3 secs   av.it.:  11.5
      thresh= 8.298E-08 alpha_mix =  0.700 |ddv_scf|^2 =  1.027E-12

      iter #   7 total cpu time :    11.3 secs   av.it.:  11.8
      thresh= 1.013E-08 alpha_mix =  0.700 |ddv_scf|^2 =  1.505E-14

      iter #   8 total cpu time :    11.3 secs   av.it.:  11.9
      thresh= 1.227E-09 alpha_mix =  0.700 |ddv_scf|^2 =  2.993E-15

      iter #   9 total cpu time :    11.4 secs   av.it.:  11.8
      thresh= 5.471E-10 alpha_mix =  0.700 |ddv_scf|^2 =  5.703E-16

      iter #  10 total cpu time :    11.4 secs   av.it.:  11.2
      thresh= 2.388E-10 alpha_mix =  0.700 |ddv_scf|^2 =  1.039E-15

      iter #  11 total cpu time :    11.5 secs   av.it.:  10.8
      thresh= 3.224E-10 alpha_mix =  0.700 |ddv_scf|^2 =  1.493E-18

      iter #  12 total cpu time :    11.5 secs   av.it.:  11.8
      thresh= 1.222E-11 alpha_mix =  0.700 |ddv_scf|^2 =  5.686E-19
 (TO COMPARE with output) iq =            3 rvect=           0           0
           0 pi_q_unrelax= (8.381321769245476E-002,4.198673757196940E-018)
 (8.381321769245476E-002,4.198673757196940E-018) pi_q_relax = 
 (3.071468096760551E-002,-4.615858407694402E-010)
 (3.071468096760551E-002,-4.615858407694402E-010)
 (TO COMPARE with output) iq =            3 rvect=           0           0
           0 pi_q_unrelax= (8.381321769245476E-002,4.198673757196940E-018)
 (8.381321769245476E-002,4.198673757196940E-018) pi_q_relax = 
 (3.071468096760551E-002,-4.615858407694402E-010)
 (3.071468096760551E-002,-4.615858407694402E-010)
 (TO COMPARE with output) iq =            3 rvect=           0           0
           0 pi_q_unrelax= (8.381321769245476E-002,4.198673757196940E-018)
 (8.381321769245476E-002,4.198673757196940E-018) pi_q_relax = 
 (3.071468096760551E-002,-4.615858407694402E-010)
 (3.071468096760551E-002,-4.615858407694402E-010)
 (TO COMPARE with output) iq =            3 rvect=           0           0
           0 pi_q_unrelax= (8.381321769245476E-002,4.198673757196940E-018)
 (8.381321769245476E-002,4.198673757196940E-018) pi_q_relax = 
 (3.071468096760551E-002,-4.615858407694402E-010)
 (3.071468096760551E-002,-4.615858407694402E-010)

        iq =   3   iwann =   7   rPi_q =     0.03071468    -0.00000000   uPi_q =     0.08381322    -0.00000000   SH_q =     0.04190661    -0.00000000

        Start LR calculation for the wannier #  8   iq =  3   spin =  1

        SYM : iwann=     8 iq =     3 weight =   0.12500000

      iter #   1 total cpu time :    11.6 secs   av.it.:  13.9
      thresh= 1.000E-06 alpha_mix =  0.700 |ddv_scf|^2 =  9.947E-06

      iter #   2 total cpu time :    11.6 secs   av.it.:  13.9
      thresh= 1.000E-06 alpha_mix =  0.700 |ddv_scf|^2 =  4.868E-05

      iter #   3 total cpu time :    11.7 secs   av.it.:  13.3
      thresh= 1.000E-06 alpha_mix =  0.700 |ddv_scf|^2 =  6.673E-07

      iter #   4 total cpu time :    11.7 secs   av.it.:  12.5
      thresh= 1.000E-06 alpha_mix =  0.700 |ddv_scf|^2 =  1.366E-09

      iter #   5 total cpu time :    11.7 secs   av.it.:  11.6
      thresh= 3.695E-07 alpha_mix =  0.700 |ddv_scf|^2 =  6.886E-11

      iter #   6 total cpu time :    11.8 secs   av.it.:  11.6
      thresh= 8.298E-08 alpha_mix =  0.700 |ddv_scf|^2 =  1.027E-12

      iter #   7 total cpu time :    11.8 secs   av.it.:  11.6
      thresh= 1.013E-08 alpha_mix =  0.700 |ddv_scf|^2 =  1.505E-14

      iter #   8 total cpu time :    11.9 secs   av.it.:  11.9
      thresh= 1.227E-09 alpha_mix =  0.700 |ddv_scf|^2 =  2.993E-15

      iter #   9 total cpu time :    11.9 secs   av.it.:  11.8
      thresh= 5.471E-10 alpha_mix =  0.700 |ddv_scf|^2 =  5.707E-16

      iter #  10 total cpu time :    11.9 secs   av.it.:  11.2
      thresh= 2.389E-10 alpha_mix =  0.700 |ddv_scf|^2 =  1.039E-15

      iter #  11 total cpu time :    12.0 secs   av.it.:  10.8
      thresh= 3.224E-10 alpha_mix =  0.700 |ddv_scf|^2 =  1.496E-18

      iter #  12 total cpu time :    12.0 secs   av.it.:  11.8
      thresh= 1.223E-11 alpha_mix =  0.700 |ddv_scf|^2 =  5.704E-19
 (TO COMPARE with output) iq =            3 rvect=           0           0
           0 pi_q_unrelax= (8.381322341586578E-002,9.416360050876775E-019)
 (8.381322341586578E-002,9.416360050876775E-019) pi_q_relax = 
 (3.071468677809942E-002,-7.507432025007189E-010)
 (3.071468677809942E-002,-7.507432025007189E-010)

 (TO COMPARE with output) iq =            3 rvect=           0           0
           0 pi_q_unrelax= (8.381322341586578E-002,9.416360050876775E-019)
 (8.381322341586578E-002,9.416360050876775E-019) pi_q_relax = 
 (3.071468677809942E-002,-7.507432025007189E-010)
 (3.071468677809942E-002,-7.507432025007189E-010)
 (TO COMPARE with output) iq =            3 rvect=           0           0
           0 pi_q_unrelax= (8.381322341586578E-002,9.416360050876775E-019)
 (8.381322341586578E-002,9.416360050876775E-019) pi_q_relax = 
 (3.071468677809942E-002,-7.507432025007189E-010)
 (3.071468677809942E-002,-7.507432025007189E-010)
 (TO COMPARE with output) iq =            3 rvect=           0           0
           0 pi_q_unrelax= (8.381322341586578E-002,9.416360050876775E-019)
 (8.381322341586578E-002,9.416360050876775E-019) pi_q_relax = 
 (3.071468677809942E-002,-7.507432025007189E-010)
 (3.071468677809942E-002,-7.507432025007189E-010)
        iq =   3   iwann =   8   rPi_q =     0.03071469    -0.00000000   uPi_q =     0.08381322    -0.00000000   SH_q =     0.04190661     0.00000000


     ==============================================================================
     Calculation of q =    0.0000000   1.0000000   0.0000000  [Cart ]
     Calculation of q =    0.0000000   0.5000000   0.5000000  [Cryst]
     ==============================================================================

        INFO: prepare_q DONE

        INFO: rhowan_q(r) RETRIEVED

 
     Parallelization info
     --------------------
     sticks:   dense  smooth     PW     G-vecs:    dense   smooth      PW
     Min          73      73     30                  821      821     216
     Max          74      74     31                  823      823     218
     Sum         295     295    121                 3287     3287     869
 
     Using Slab Decomposition
 

     Title: 
     W2K Silicon                                                                


     bravais-lattice index     =            2
     lattice parameter (alat)  =      10.2631  a.u.
     unit-cell volume          =     270.2564 (a.u.)^3
     number of atoms/cell      =            2
     number of atomic types    =            1
     number of electrons       =         8.00 (up:   4.00, down:   4.00)
     number of Kohn-Sham states=            7
     kinetic-energy cutoff     =      20.0000  Ry
     charge density cutoff     =      80.0000  Ry
     Exchange-correlation= PW
                           (   1   4   0   0   0   0   0)

     celldm(1)=  10.263102  celldm(2)=   0.000000  celldm(3)=   0.000000
     celldm(4)=   0.000000  celldm(5)=   0.000000  celldm(6)=   0.000000

     crystal axes: (cart. coord. in units of alat)
               a(1) = (  -0.500000   0.000000   0.500000 )  
               a(2) = (   0.000000   0.500000   0.500000 )  
               a(3) = (  -0.500000   0.500000   0.000000 )  

     reciprocal axes: (cart. coord. in units 2 pi/alat)
               b(1) = ( -1.000000 -1.000000  1.000000 )  
               b(2) = (  1.000000  1.000000  1.000000 )  
               b(3) = ( -1.000000  1.000000 -1.000000 )  


     PseudoPot. # 1 for Si read from file:
     /home/colonna_n/CODES/q-e-kcw/pseudo/Si.upf
     MD5 check sum: 9e2d726316af3d4752eea8ab0afbb951
     Pseudo is Norm-conserving + core correction, Zval =  4.0
     Generated using ONCVPSP code by D. R. Hamann
     Using radial grid of 1510 points,  6 beta functions with: 
                l(1) =   0
                l(2) =   0
                l(3) =   1
                l(4) =   1
                l(5) =   2
                l(6) =   2

     atomic species   valence    mass     pseudopotential
     Si                4.00    28.08500     Si( 1.00)

     Starting magnetic structure 
     atomic species   magnetization
     Si              0.000

     48 Sym. Ops., with inversion, found



   Cartesian axes

     site n.     atom                  positions (alat units)
         1        Si     tau(   1) = (   0.0000000   0.0000000   0.0000000  )
         2        Si     tau(   2) = (  -0.2500000   0.2500000   0.2500000  )

     number of k points=    16
                       cart. coord. in units 2pi/alat
        k(    1) = (   0.0000000   0.0000000   0.0000000), wk =   0.1250000
        k(    2) = (   0.0000000   1.0000000   0.0000000), wk =   0.0000000
        k(    3) = (  -0.5000000   0.5000000  -0.5000000), wk =   0.1250000
        k(    4) = (  -0.5000000   1.5000000  -0.5000000), wk =   0.0000000
        k(    5) = (   0.5000000   0.5000000   0.5000000), wk =   0.1250000
        k(    6) = (   0.5000000   1.5000000   0.5000000), wk =   0.0000000
        k(    7) = (   0.0000000   1.0000000   0.0000000), wk =   0.1250000
        k(    8) = (   0.0000000   2.0000000   0.0000000), wk =   0.0000000
        k(    9) = (  -0.5000000  -0.5000000   0.5000000), wk =   0.1250000
        k(   10) = (  -0.5000000   0.5000000   0.5000000), wk =   0.0000000
        k(   11) = (  -1.0000000   0.0000000   0.0000000), wk =   0.1250000
        k(   12) = (  -1.0000000   1.0000000   0.0000000), wk =   0.0000000
        k(   13) = (   0.0000000   0.0000000   1.0000000), wk =   0.1250000
        k(   14) = (   0.0000000   1.0000000   1.0000000), wk =   0.0000000
        k(   15) = (  -0.5000000   0.5000000   0.5000000), wk =   0.1250000
        k(   16) = (  -0.5000000   1.5000000   0.5000000), wk =   0.0000000

     Dense  grid:     3287 G-vectors     FFT dimensions: (  24,  24,  24)

     Estimated max dynamical RAM per process >       1.45 MB

     Estimated total dynamical RAM >       5.78 MB

     The potential is recalculated from file :
     /home/colonna_n/CODES/q-e-kcw/tempdir/kcw/q4/Si.save/charge-density

     Starting wfcs are    8 atomic wfcs

     Band Structure Calculation
     Davidson diagonalization with overlap

     ethr =  1.25E-10,  avg # of iterations = 10.6

     total cpu time spent up to now is       -1.0 secs

     End of band structure calculation

 ------ SPIN UP ------------


          k = 0.0000 0.0000 0.0000 (   411 PWs)   bands (ev):

    -5.8914   6.0879   6.0879   6.0879   8.6004   8.6004   8.6004

          k = 0.0000 1.0000 0.0000 (   412 PWs)   bands (ev):

    -1.7480  -1.7480   3.2158   3.2158   6.6815   6.6815  16.0531

          k =-0.5000 0.5000-0.5000 (   410 PWs)   bands (ev):

    -3.5529  -0.9269   4.8803   4.8803   7.5023   9.3832   9.3832

          k =-0.5000 1.5000-0.5000 (   410 PWs)   bands (ev):

    -3.5529  -0.9269   4.8803   4.8803   7.5023   9.3832   9.3832

          k = 0.5000 0.5000 0.5000 (   410 PWs)   bands (ev):

    -3.5529  -0.9269   4.8803   4.8803   7.5023   9.3832   9.3832

          k = 0.5000 1.5000 0.5000 (   410 PWs)   bands (ev):

    -3.5529  -0.9269   4.8803   4.8803   7.5023   9.3832   9.3832

          k = 0.0000 1.0000 0.0000 (   412 PWs)   bands (ev):

    -1.7480  -1.7480   3.2158   3.2158   6.6815   6.6815  16.0531

          k = 0.0000 2.0000 0.0000 (   411 PWs)   bands (ev):

    -5.8914   6.0879   6.0879   6.0879   8.6004   8.6004   8.6004

          k =-0.5000-0.5000 0.5000 (   410 PWs)   bands (ev):

    -3.5529  -0.9269   4.8803   4.8803   7.5023   9.3832   9.3832

          k =-0.5000 0.5000 0.5000 (   410 PWs)   bands (ev):

    -3.5529  -0.9269   4.8803   4.8803   7.5023   9.3832   9.3832

          k =-1.0000 0.0000 0.0000 (   412 PWs)   bands (ev):

    -1.7480  -1.7480   3.2158   3.2158   6.6815   6.6815  16.0531

          k =-1.0000 1.0000 0.0000 (   412 PWs)   bands (ev):

    -1.7480  -1.7480   3.2158   3.2158   6.6815   6.6815  16.0531

          k = 0.0000 0.0000 1.0000 (   412 PWs)   bands (ev):

    -1.7480  -1.7480   3.2158   3.2158   6.6815   6.6815  16.0531

          k = 0.0000 1.0000 1.0000 (   412 PWs)   bands (ev):

    -1.7480  -1.7480   3.2158   3.2158   6.6815   6.6815  16.0531

          k =-0.5000 0.5000 0.5000 (   410 PWs)   bands (ev):

    -3.5529  -0.9269   4.8803   4.8803   7.5023   9.3832   9.3832

          k =-0.5000 1.5000 0.5000 (   410 PWs)   bands (ev):

    -3.5529  -0.9269   4.8803   4.8803   7.5023   9.3832   9.3832

 ------ SPIN DOWN ----------


          k = 0.0000 0.0000 0.0000 (   411 PWs)   bands (ev):

    -5.8914   6.0879   6.0879   6.0879   8.6004   8.6004   8.6004

          k = 0.0000 1.0000 0.0000 (   412 PWs)   bands (ev):

    -1.7480  -1.7480   3.2158   3.2158   6.6815   6.6815  16.0531

          k =-0.5000 0.5000-0.5000 (   410 PWs)   bands (ev):

    -3.5529  -0.9269   4.8803   4.8803   7.5023   9.3832   9.3832

          k =-0.5000 1.5000-0.5000 (   410 PWs)   bands (ev):

    -3.5529  -0.9269   4.8803   4.8803   7.5023   9.3832   9.3832

          k = 0.5000 0.5000 0.5000 (   410 PWs)   bands (ev):

    -3.5529  -0.9269   4.8803   4.8803   7.5023   9.3832   9.3832

          k = 0.5000 1.5000 0.5000 (   410 PWs)   bands (ev):

    -3.5529  -0.9269   4.8803   4.8803   7.5023   9.3832   9.3832

          k = 0.0000 1.0000 0.0000 (   412 PWs)   bands (ev):

    -1.7480  -1.7480   3.2158   3.2158   6.6815   6.6815  16.0531

          k = 0.0000 2.0000 0.0000 (   411 PWs)   bands (ev):

    -5.8914   6.0879   6.0879   6.0879   8.6004   8.6004   8.6004

          k =-0.5000-0.5000 0.5000 (   410 PWs)   bands (ev):

    -3.5529  -0.9269   4.8803   4.8803   7.5023   9.3832   9.3832

          k =-0.5000 0.5000 0.5000 (   410 PWs)   bands (ev):

    -3.5529  -0.9269   4.8803   4.8803   7.5023   9.3832   9.3832

          k =-1.0000 0.0000 0.0000 (   412 PWs)   bands (ev):

    -1.7480  -1.7480   3.2158   3.2158   6.6815   6.6815  16.0531

          k =-1.0000 1.0000 0.0000 (   412 PWs)   bands (ev):

    -1.7480  -1.7480   3.2158   3.2158   6.6815   6.6815  16.0531

          k = 0.0000 0.0000 1.0000 (   412 PWs)   bands (ev):

    -1.7480  -1.7480   3.2158   3.2158   6.6815   6.6815  16.0531

          k = 0.0000 1.0000 1.0000 (   412 PWs)   bands (ev):

    -1.7480  -1.7480   3.2158   3.2158   6.6815   6.6815  16.0531

          k =-0.5000 0.5000 0.5000 (   410 PWs)   bands (ev):

    -3.5529  -0.9269   4.8803   4.8803   7.5023   9.3832   9.3832

          k =-0.5000 1.5000 0.5000 (   410 PWs)   bands (ev):

    -3.5529  -0.9269   4.8803   4.8803   7.5023   9.3832   9.3832

     highest occupied, lowest unoccupied level (ev):     6.0879    6.6815

     Writing all to output data dir /home/colonna_n/CODES/q-e-kcw/tempdir/kcw/q4/Si.save/ :
     XML data file, pseudopotentials, collected wavefunctions

        INFO: NSCF calculation DONE

        INFO: kcw_q initialization DONE


        Start LR calculation for the wannier #  1   iq =  4   spin =  1

        SYM : iwann=     1 iq =     4 weight =   0.12500000

      iter #   1 total cpu time :    12.2 secs   av.it.:  13.4
      thresh= 1.000E-06 alpha_mix =  0.700 |ddv_scf|^2 =  5.019E-06

      iter #   2 total cpu time :    12.3 secs   av.it.:  13.7
      thresh= 1.000E-06 alpha_mix =  0.700 |ddv_scf|^2 =  1.247E-05

      iter #   3 total cpu time :    12.3 secs   av.it.:  13.2
      thresh= 1.000E-06 alpha_mix =  0.700 |ddv_scf|^2 =  5.605E-08

      iter #   4 total cpu time :    12.4 secs   av.it.:  11.9
      thresh= 1.000E-06 alpha_mix =  0.700 |ddv_scf|^2 =  2.203E-10

      iter #   5 total cpu time :    12.4 secs   av.it.:  11.2
      thresh= 1.484E-07 alpha_mix =  0.700 |ddv_scf|^2 =  3.402E-11

      iter #   6 total cpu time :    12.5 secs   av.it.:  11.2
      thresh= 5.832E-08 alpha_mix =  0.700 |ddv_scf|^2 =  5.344E-13

      iter #   7 total cpu time :    12.5 secs   av.it.:  11.4
      thresh= 7.311E-09 alpha_mix =  0.700 |ddv_scf|^2 =  6.539E-15

      iter #   8 total cpu time :    12.6 secs   av.it.:  10.8
      thresh= 8.087E-10 alpha_mix =  0.700 |ddv_scf|^2 =  5.588E-17

      iter #   9 total cpu time :    12.6 secs   av.it.:  11.2
      thresh= 7.475E-11 alpha_mix =  0.700 |ddv_scf|^2 =  1.179E-18

      iter #  10 total cpu time :    12.6 secs   av.it.:  11.3
      thresh= 1.086E-11 alpha_mix =  0.700 |ddv_scf|^2 =  3.749E-19
 (TO COMPARE with output) iq =            4 rvect=           0           0
           0 pi_q_unrelax= (7.086991755763070E-002,4.082814263731182E-019)
 (7.086991755763070E-002,4.082814263731182E-019) pi_q_relax = 
 (TO COMPARE with output) iq =            4 rvect=           0           0
           0 pi_q_unrelax= (7.086991755763070E-002,4.082814263731182E-019)
 (7.086991755763070E-002,4.082814263731182E-019) pi_q_relax = 
 (2.566993880994979E-002,2.975139923544778E-009)
 (2.566993880994979E-002,2.975139923544778E-009)
 (TO COMPARE with output) iq =            4 rvect=           0           0
           0 pi_q_unrelax= (7.086991755763070E-002,4.082814263731182E-019)
 (7.086991755763070E-002,4.082814263731182E-019) pi_q_relax = 
 (2.566993880994979E-002,2.975139923544778E-009)
 (2.566993880994979E-002,2.975139923544778E-009)
 (TO COMPARE with output) iq =            4 rvect=           0           0
           0 pi_q_unrelax= (7.086991755763070E-002,4.082814263731182E-019)
 (7.086991755763070E-002,4.082814263731182E-019) pi_q_relax = 
 (2.566993880994979E-002,2.975139923544778E-009)
 (2.566993880994979E-002,2.975139923544778E-009)
 (2.566993880994979E-002,2.975139923544778E-009)
 (2.566993880994979E-002,2.975139923544778E-009)

        iq =   4   iwann =   1   rPi_q =     0.02566994     0.00000000   uPi_q =     0.07086992     0.00000000   SH_q =     0.03543496    -0.00000000

        Start LR calculation for the wannier #  2   iq =  4   spin =  1

        SYM : iwann=     2 iq =     4 weight =   0.12500000

      iter #   1 total cpu time :    12.7 secs   av.it.:  13.4
      thresh= 1.000E-06 alpha_mix =  0.700 |ddv_scf|^2 =  5.019E-06

      iter #   2 total cpu time :    12.7 secs   av.it.:  13.6
      thresh= 1.000E-06 alpha_mix =  0.700 |ddv_scf|^2 =  1.247E-05

      iter #   3 total cpu time :    12.8 secs   av.it.:  13.2
      thresh= 1.000E-06 alpha_mix =  0.700 |ddv_scf|^2 =  5.605E-08

      iter #   4 total cpu time :    12.8 secs   av.it.:  11.9
      thresh= 1.000E-06 alpha_mix =  0.700 |ddv_scf|^2 =  2.203E-10

      iter #   5 total cpu time :    12.9 secs   av.it.:  11.3
      thresh= 1.484E-07 alpha_mix =  0.700 |ddv_scf|^2 =  3.402E-11

      iter #   6 total cpu time :    12.9 secs   av.it.:  11.2
      thresh= 5.832E-08 alpha_mix =  0.700 |ddv_scf|^2 =  5.344E-13

      iter #   7 total cpu time :    13.0 secs   av.it.:  11.4
      thresh= 7.310E-09 alpha_mix =  0.700 |ddv_scf|^2 =  6.540E-15

      iter #   8 total cpu time :    13.0 secs   av.it.:  10.8
      thresh= 8.087E-10 alpha_mix =  0.700 |ddv_scf|^2 =  5.581E-17

      iter #   9 total cpu time :    13.0 secs   av.it.:  11.2
      thresh= 7.471E-11 alpha_mix =  0.700 |ddv_scf|^2 =  1.254E-18

      iter #  10 total cpu time :    13.1 secs   av.it.:  11.3
      thresh= 1.120E-11 alpha_mix =  0.700 |ddv_scf|^2 =  6.182E-19
 (TO COMPARE with output) iq =            4 rvect=           0           0
           0 pi_q_unrelax= (7.086991333836459E-002,-2.790737311487267E-018)
 (7.086991333836459E-002,-2.790737311487267E-018) pi_q_relax = 
 (2.566993696455850E-002,-1.683814632926209E-009)
 (2.566993696455850E-002,-1.683814632926209E-009)
 (TO COMPARE with output) iq =            4 rvect=           0           0
           0 pi_q_unrelax= (7.086991333836459E-002,-2.790737311487267E-018)
 (7.086991333836459E-002,-2.790737311487267E-018) pi_q_relax = 
 (2.566993696455850E-002,-1.683814632926209E-009)
 (2.566993696455850E-002,-1.683814632926209E-009)
 (TO COMPARE with output) iq =            4 rvect=           0           0
           0 pi_q_unrelax= (7.086991333836459E-002,-2.790737311487267E-018)
 (7.086991333836459E-002,-2.790737311487267E-018) pi_q_relax = 
 (2.566993696455850E-002,-1.683814632926209E-009)
 (2.566993696455850E-002,-1.683814632926209E-009)
 (TO COMPARE with output) iq =            4 rvect=           0           0
           0 pi_q_unrelax= (7.086991333836459E-002,-2.790737311487267E-018)
 (7.086991333836459E-002,-2.790737311487267E-018) pi_q_relax = 
 (2.566993696455850E-002,-1.683814632926209E-009)
 (2.566993696455850E-002,-1.683814632926209E-009)

        iq =   4   iwann =   2   rPi_q =     0.02566994    -0.00000000   uPi_q =     0.07086991     0.00000000   SH_q =     0.03543496    -0.00000000

        Start LR calculation for the wannier #  3   iq =  4   spin =  1

        SYM : iwann=     3 iq =     4 weight =   0.12500000

      iter #   1 total cpu time :    13.1 secs   av.it.:  13.4
      thresh= 1.000E-06 alpha_mix =  0.700 |ddv_scf|^2 =  5.019E-06

      iter #   2 total cpu time :    13.2 secs   av.it.:  13.6
      thresh= 1.000E-06 alpha_mix =  0.700 |ddv_scf|^2 =  1.247E-05

      iter #   3 total cpu time :    13.2 secs   av.it.:  13.2
      thresh= 1.000E-06 alpha_mix =  0.700 |ddv_scf|^2 =  5.605E-08

      iter #   4 total cpu time :    13.3 secs   av.it.:  11.9
      thresh= 1.000E-06 alpha_mix =  0.700 |ddv_scf|^2 =  2.203E-10

      iter #   5 total cpu time :    13.3 secs   av.it.:  11.3
      thresh= 1.484E-07 alpha_mix =  0.700 |ddv_scf|^2 =  3.402E-11

      iter #   6 total cpu time :    13.4 secs   av.it.:  11.2
      thresh= 5.832E-08 alpha_mix =  0.700 |ddv_scf|^2 =  5.344E-13

      iter #   7 total cpu time :    13.4 secs   av.it.:  11.4
      thresh= 7.310E-09 alpha_mix =  0.700 |ddv_scf|^2 =  6.539E-15

      iter #   8 total cpu time :    13.4 secs   av.it.:  10.8
      thresh= 8.087E-10 alpha_mix =  0.700 |ddv_scf|^2 =  5.585E-17

      iter #   9 total cpu time :    13.5 secs   av.it.:  11.2
      thresh= 7.473E-11 alpha_mix =  0.700 |ddv_scf|^2 =  1.216E-18

      iter #  10 total cpu time :    13.5 secs   av.it.:  11.3
      thresh= 1.103E-11 alpha_mix =  0.700 |ddv_scf|^2 =  5.030E-19
 (TO COMPARE with output) iq =            4 rvect=           0           0
           0 pi_q_unrelax= (7.086992104912912E-002,-1.687760367266109E-018)
 (7.086992104912912E-002,-1.687760367266109E-018) pi_q_relax = 
 (2.566994078576191E-002,-6.544073327372969E-009)
 (2.566994078576191E-002,-6.544073327372969E-009)
 (TO COMPARE with output) iq =            4 rvect=           0           0
           0 pi_q_unrelax= (7.086992104912912E-002,-1.687760367266109E-018)
 (7.086992104912912E-002,-1.687760367266109E-018) pi_q_relax = 
 (2.566994078576191E-002,-6.544073327372969E-009)
 (2.566994078576191E-002,-6.544073327372969E-009)
 (TO COMPARE with output) iq =            4 rvect=           0           0
           0 pi_q_unrelax= (7.086992104912912E-002,-1.687760367266109E-018)
 (7.086992104912912E-002,-1.687760367266109E-018) pi_q_relax = 
 (2.566994078576191E-002,-6.544073327372969E-009)
 (2.566994078576191E-002,-6.544073327372969E-009)
 (TO COMPARE with output) iq =            4 rvect=           0           0
           0 pi_q_unrelax= (7.086992104912912E-002,-1.687760367266109E-018)
 (7.086992104912912E-002,-1.687760367266109E-018) pi_q_relax = 
 (2.566994078576191E-002,-6.544073327372969E-009)
 (2.566994078576191E-002,-6.544073327372969E-009)

        iq =   4   iwann =   3   rPi_q =     0.02566994    -0.00000001   uPi_q =     0.07086992     0.00000000   SH_q =     0.03543496     0.00000000

        Start LR calculation for the wannier #  4   iq =  4   spin =  1

        SYM : iwann=     4 iq =     4 weight =   0.12500000

      iter #   1 total cpu time :    13.6 secs   av.it.:  13.4
      thresh= 1.000E-06 alpha_mix =  0.700 |ddv_scf|^2 =  5.019E-06

      iter #   2 total cpu time :    13.6 secs   av.it.:  13.5
      thresh= 1.000E-06 alpha_mix =  0.700 |ddv_scf|^2 =  1.247E-05

      iter #   3 total cpu time :    13.7 secs   av.it.:  13.2
      thresh= 1.000E-06 alpha_mix =  0.700 |ddv_scf|^2 =  5.605E-08

      iter #   4 total cpu time :    13.7 secs   av.it.:  11.9
      thresh= 1.000E-06 alpha_mix =  0.700 |ddv_scf|^2 =  2.203E-10

      iter #   5 total cpu time :    13.8 secs   av.it.:  11.3
      thresh= 1.484E-07 alpha_mix =  0.700 |ddv_scf|^2 =  3.402E-11

      iter #   6 total cpu time :    13.8 secs   av.it.:  11.2
      thresh= 5.832E-08 alpha_mix =  0.700 |ddv_scf|^2 =  5.344E-13

      iter #   7 total cpu time :    13.8 secs   av.it.:  11.4
      thresh= 7.310E-09 alpha_mix =  0.700 |ddv_scf|^2 =  6.540E-15

      iter #   8 total cpu time :    13.9 secs   av.it.:  10.8
      thresh= 8.087E-10 alpha_mix =  0.700 |ddv_scf|^2 =  5.589E-17

      iter #   9 total cpu time :    13.9 secs   av.it.:  11.2
      thresh= 7.476E-11 alpha_mix =  0.700 |ddv_scf|^2 =  1.170E-18

      iter #  10 total cpu time :    14.0 secs   av.it.:  11.3
      thresh= 1.082E-11 alpha_mix =  0.700 |ddv_scf|^2 =  3.475E-19
 (TO COMPARE with output) iq =            4 rvect=           0           0
           0 pi_q_unrelax= (7.086991891109458E-002,2.425136978288598E-018)
 (7.086991891109458E-002,2.425136978288598E-018) pi_q_relax = 
 (2.566993920044342E-002,-2.043658682659349E-009)
 (2.566993920044342E-002,-2.043658682659349E-009)
 (TO COMPARE with output) iq =            4 rvect=           0           0
           0 pi_q_unrelax= (7.086991891109458E-002,2.425136978288598E-018)
 (7.086991891109458E-002,2.425136978288598E-018) pi_q_relax = 
 (2.566993920044342E-002,-2.043658682659349E-009)
 (2.566993920044342E-002,-2.043658682659349E-009)
 (TO COMPARE with output) iq =            4 rvect=           0           0
           0 pi_q_unrelax= (7.086991891109458E-002,2.425136978288598E-018)
 (7.086991891109458E-002,2.425136978288598E-018) pi_q_relax = 
 (2.566993920044342E-002,-2.043658682659349E-009)
 (2.566993920044342E-002,-2.043658682659349E-009)
 (TO COMPARE with output) iq =            4 rvect=           0           0
           0 pi_q_unrelax= (7.086991891109458E-002,2.425136978288598E-018)
 (7.086991891109458E-002,2.425136978288598E-018) pi_q_relax = 
 (2.566993920044342E-002,-2.043658682659349E-009)
 (2.566993920044342E-002,-2.043658682659349E-009)

        iq =   4   iwann =   4   rPi_q =     0.02566994    -0.00000000   uPi_q =     0.07086992    -0.00000000   SH_q =     0.03543496    -0.00000000

        Start LR calculation for the wannier #  5   iq =  4   spin =  1

        SYM : iwann=     5 iq =     4 weight =   0.12500000

      iter #   1 total cpu time :    14.0 secs   av.it.:  13.4
      thresh= 1.000E-06 alpha_mix =  0.700 |ddv_scf|^2 =  5.019E-06

      iter #   2 total cpu time :    14.1 secs   av.it.:  13.7
      thresh= 1.000E-06 alpha_mix =  0.700 |ddv_scf|^2 =  1.247E-05

      iter #   3 total cpu time :    14.1 secs   av.it.:  13.2
      thresh= 1.000E-06 alpha_mix =  0.700 |ddv_scf|^2 =  5.605E-08

      iter #   4 total cpu time :    14.2 secs   av.it.:  11.9
      thresh= 1.000E-06 alpha_mix =  0.700 |ddv_scf|^2 =  2.203E-10

      iter #   5 total cpu time :    14.2 secs   av.it.:  11.3
      thresh= 1.484E-07 alpha_mix =  0.700 |ddv_scf|^2 =  3.402E-11

      iter #   6 total cpu time :    14.3 secs   av.it.:  11.2
      thresh= 5.832E-08 alpha_mix =  0.700 |ddv_scf|^2 =  5.344E-13

      iter #   7 total cpu time :    14.3 secs   av.it.:  11.4
      thresh= 7.311E-09 alpha_mix =  0.700 |ddv_scf|^2 =  6.539E-15

      iter #   8 total cpu time :    14.3 secs   av.it.:  10.9
      thresh= 8.086E-10 alpha_mix =  0.700 |ddv_scf|^2 =  5.602E-17

      iter #   9 total cpu time :    14.4 secs   av.it.:  11.2
      thresh= 7.484E-11 alpha_mix =  0.700 |ddv_scf|^2 =  1.095E-18

      iter #  10 total cpu time :    14.4 secs   av.it.:  11.3
      thresh= 1.046E-11 alpha_mix =  0.700 |ddv_scf|^2 =  1.077E-19
 (TO COMPARE with output) iq =            4 rvect=           0           0
           0 pi_q_unrelax= (7.086990852602253E-002,-2.276013336295383E-018)
 (7.086990852602253E-002,-2.276013336295383E-018) pi_q_relax = 
 (2.566993755021588E-002,1.620156188216310E-009)
 (2.566993755021588E-002,1.620156188216310E-009)
 (TO COMPARE with output) iq =            4 rvect=           0           0
           0 pi_q_unrelax= (7.086990852602253E-002,-2.276013336295383E-018)
 (7.086990852602253E-002,-2.276013336295383E-018) pi_q_relax = 
 (2.566993755021588E-002,1.620156188216310E-009)
 (2.566993755021588E-002,1.620156188216310E-009)
 (TO COMPARE with output) iq =            4 rvect=           0           0
           0 pi_q_unrelax= (7.086990852602253E-002,-2.276013336295383E-018)
 (7.086990852602253E-002,-2.276013336295383E-018) pi_q_relax = 
 (2.566993755021588E-002,1.620156188216310E-009)
 (2.566993755021588E-002,1.620156188216310E-009)
 (TO COMPARE with output) iq =            4 rvect=           0           0
           0 pi_q_unrelax= (7.086990852602253E-002,-2.276013336295383E-018)
 (7.086990852602253E-002,-2.276013336295383E-018) pi_q_relax = 
 (2.566993755021588E-002,1.620156188216310E-009)
 (2.566993755021588E-002,1.620156188216310E-009)

        iq =   4   iwann =   5   rPi_q =     0.02566994     0.00000000   uPi_q =     0.07086991     0.00000000   SH_q =     0.03543495    -0.00000000

        Start LR calculation for the wannier #  6   iq =  4   spin =  1

        SYM : iwann=     6 iq =     4 weight =   0.12500000

      iter #   1 total cpu time :    14.5 secs   av.it.:  13.4
      thresh= 1.000E-06 alpha_mix =  0.700 |ddv_scf|^2 =  5.019E-06

      iter #   2 total cpu time :    14.5 secs   av.it.:  13.5
      thresh= 1.000E-06 alpha_mix =  0.700 |ddv_scf|^2 =  1.247E-05

      iter #   3 total cpu time :    14.6 secs   av.it.:  13.2
      thresh= 1.000E-06 alpha_mix =  0.700 |ddv_scf|^2 =  5.605E-08

      iter #   4 total cpu time :    14.6 secs   av.it.:  11.9
      thresh= 1.000E-06 alpha_mix =  0.700 |ddv_scf|^2 =  2.203E-10

      iter #   5 total cpu time :    14.7 secs   av.it.:  11.3
      thresh= 1.484E-07 alpha_mix =  0.700 |ddv_scf|^2 =  3.402E-11

      iter #   6 total cpu time :    14.7 secs   av.it.:  11.2
      thresh= 5.832E-08 alpha_mix =  0.700 |ddv_scf|^2 =  5.344E-13

      iter #   7 total cpu time :    14.7 secs   av.it.:  11.4
      thresh= 7.310E-09 alpha_mix =  0.700 |ddv_scf|^2 =  6.539E-15

      iter #   8 total cpu time :    14.8 secs   av.it.:  10.8
      thresh= 8.087E-10 alpha_mix =  0.700 |ddv_scf|^2 =  5.602E-17

      iter #   9 total cpu time :    14.8 secs   av.it.:  11.2
      thresh= 7.485E-11 alpha_mix =  0.700 |ddv_scf|^2 =  1.098E-18

      iter #  10 total cpu time :    14.9 secs   av.it.:  11.3
      thresh= 1.048E-11 alpha_mix =  0.700 |ddv_scf|^2 =  1.232E-19
 (TO COMPARE with output) iq =            4 rvect=           0           0
           0 pi_q_unrelax= (7.086990962392702E-002,-1.684487226661170E-018)
 (7.086990962392702E-002,-1.684487226661170E-018) pi_q_relax = 
 (2.566993677509268E-002,-5.281187972115600E-009)
 (2.566993677509268E-002,-5.281187972115600E-009)
 (TO COMPARE with output) iq =            4 rvect=           0           0
           0 pi_q_unrelax= (7.086990962392702E-002,-1.684487226661170E-018)
 (7.086990962392702E-002,-1.684487226661170E-018) pi_q_relax = 
 (2.566993677509268E-002,-5.281187972115600E-009)
 (2.566993677509268E-002,-5.281187972115600E-009)
 (TO COMPARE with output) iq =            4 rvect=           0           0
           0 pi_q_unrelax= (7.086990962392702E-002,-1.684487226661170E-018)
 (7.086990962392702E-002,-1.684487226661170E-018) pi_q_relax = 
 (2.566993677509268E-002,-5.281187972115600E-009)
 (2.566993677509268E-002,-5.281187972115600E-009)
 (TO COMPARE with output) iq =            4 rvect=           0           0
           0 pi_q_unrelax= (7.086990962392702E-002,-1.684487226661170E-018)
 (7.086990962392702E-002,-1.684487226661170E-018) pi_q_relax = 
 (2.566993677509268E-002,-5.281187972115600E-009)
 (2.566993677509268E-002,-5.281187972115600E-009)

        iq =   4   iwann =   6   rPi_q =     0.02566994    -0.00000001   uPi_q =     0.07086991    -0.00000000   SH_q =     0.03543495    -0.00000000

        Start LR calculation for the wannier #  7   iq =  4   spin =  1

        SYM : iwann=     7 iq =     4 weight =   0.12500000

      iter #   1 total cpu time :    14.9 secs   av.it.:  13.4
      thresh= 1.000E-06 alpha_mix =  0.700 |ddv_scf|^2 =  5.019E-06

      iter #   2 total cpu time :    15.0 secs   av.it.:  13.5
      thresh= 1.000E-06 alpha_mix =  0.700 |ddv_scf|^2 =  1.247E-05

      iter #   3 total cpu time :    15.0 secs   av.it.:  13.2
      thresh= 1.000E-06 alpha_mix =  0.700 |ddv_scf|^2 =  5.605E-08

      iter #   4 total cpu time :    15.1 secs   av.it.:  11.9
      thresh= 1.000E-06 alpha_mix =  0.700 |ddv_scf|^2 =  2.203E-10

      iter #   5 total cpu time :    15.1 secs   av.it.:  11.2
      thresh= 1.484E-07 alpha_mix =  0.700 |ddv_scf|^2 =  3.402E-11

      iter #   6 total cpu time :    15.2 secs   av.it.:  11.2
      thresh= 5.832E-08 alpha_mix =  0.700 |ddv_scf|^2 =  5.344E-13

      iter #   7 total cpu time :    15.2 secs   av.it.:  11.4
      thresh= 7.310E-09 alpha_mix =  0.700 |ddv_scf|^2 =  6.538E-15

      iter #   8 total cpu time :    15.2 secs   av.it.:  10.9
      thresh= 8.086E-10 alpha_mix =  0.700 |ddv_scf|^2 =  5.628E-17

      iter #   9 total cpu time :    15.3 secs   av.it.:  11.2
      thresh= 7.502E-11 alpha_mix =  0.700 |ddv_scf|^2 =  1.101E-18

      iter #  10 total cpu time :    15.3 secs   av.it.:  11.3
      thresh= 1.049E-11 alpha_mix =  0.700 |ddv_scf|^2 =  1.775E-19
 (TO COMPARE with output) iq =            4 rvect=           0           0
           0 pi_q_unrelax= (7.086991255427245E-002,3.799610058903215E-019)
 (7.086991255427245E-002,3.799610058903215E-019) pi_q_relax = 
 (2.566994039154699E-002,6.587933005150131E-009)
 (2.566994039154699E-002,6.587933005150131E-009)
 (TO COMPARE with output) iq =            4 rvect=           0           0
           0 pi_q_unrelax= (7.086991255427245E-002,3.799610058903215E-019)
 (7.086991255427245E-002,3.799610058903215E-019) pi_q_relax = 
 (2.566994039154699E-002,6.587933005150131E-009)
 (2.566994039154699E-002,6.587933005150131E-009)
 (TO COMPARE with output) iq =            4 rvect=           0           0
           0 pi_q_unrelax= (7.086991255427245E-002,3.799610058903215E-019)
 (7.086991255427245E-002,3.799610058903215E-019) pi_q_relax = 
 (2.566994039154699E-002,6.587933005150131E-009)
 (2.566994039154699E-002,6.587933005150131E-009)
 (TO COMPARE with output) iq =            4 rvect=           0           0
           0 pi_q_unrelax= (7.086991255427245E-002,3.799610058903215E-019)
 (7.086991255427245E-002,3.799610058903215E-019) pi_q_relax = 
 (2.566994039154699E-002,6.587933005150131E-009)
 (2.566994039154699E-002,6.587933005150131E-009)

        iq =   4   iwann =   7   rPi_q =     0.02566994     0.00000001   uPi_q =     0.07086991     0.00000000   SH_q =     0.03543496     0.00000000

        Start LR calculation for the wannier #  8   iq =  4   spin =  1

        SYM : iwann=     8 iq =     4 weight =   0.12500000

      iter #   1 total cpu time :    15.4 secs   av.it.:  13.4
      thresh= 1.000E-06 alpha_mix =  0.700 |ddv_scf|^2 =  5.019E-06

      iter #   2 total cpu time :    15.4 secs   av.it.:  13.6
      thresh= 1.000E-06 alpha_mix =  0.700 |ddv_scf|^2 =  1.247E-05

      iter #   3 total cpu time :    15.5 secs   av.it.:  13.2
      thresh= 1.000E-06 alpha_mix =  0.700 |ddv_scf|^2 =  5.605E-08

      iter #   4 total cpu time :    15.5 secs   av.it.:  11.9
      thresh= 1.000E-06 alpha_mix =  0.700 |ddv_scf|^2 =  2.203E-10

      iter #   5 total cpu time :    15.6 secs   av.it.:  11.3
      thresh= 1.484E-07 alpha_mix =  0.700 |ddv_scf|^2 =  3.402E-11

      iter #   6 total cpu time :    15.6 secs   av.it.:  11.2
      thresh= 5.832E-08 alpha_mix =  0.700 |ddv_scf|^2 =  5.344E-13

      iter #   7 total cpu time :    15.7 secs   av.it.:  11.4
      thresh= 7.310E-09 alpha_mix =  0.700 |ddv_scf|^2 =  6.540E-15

      iter #   8 total cpu time :    15.7 secs   av.it.:  10.8
      thresh= 8.087E-10 alpha_mix =  0.700 |ddv_scf|^2 =  5.596E-17

      iter #   9 total cpu time :    15.7 secs   av.it.:  11.2
      thresh= 7.481E-11 alpha_mix =  0.700 |ddv_scf|^2 =  1.117E-18

      iter #  10 total cpu time :    15.8 secs   av.it.:  11.3
      thresh= 1.057E-11 alpha_mix =  0.700 |ddv_scf|^2 =  1.774E-19
 (TO COMPARE with output) iq =            4 rvect=           0           0
           0 pi_q_unrelax= (7.086991505333790E-002,1.439643490258921E-018)
 (7.086991505333790E-002,1.439643490258921E-018) pi_q_relax = 
 (2.566993954300745E-002,-2.955381580464353E-009)
 (2.566993954300745E-002,-2.955381580464353E-009)
 (TO COMPARE with output) iq =            4 rvect=           0           0
           0 pi_q_unrelax= (7.086991505333790E-002,1.439643490258921E-018)
 (7.086991505333790E-002,1.439643490258921E-018) pi_q_relax = 
 (2.566993954300745E-002,-2.955381580464353E-009)
 (2.566993954300745E-002,-2.955381580464353E-009)
 (TO COMPARE with output) iq =            4 rvect=           0           0
           0 pi_q_unrelax= (7.086991505333790E-002,1.439643490258921E-018)
 (7.086991505333790E-002,1.439643490258921E-018) pi_q_relax = 
 (2.566993954300745E-002,-2.955381580464353E-009)
 (2.566993954300745E-002,-2.955381580464353E-009)
 (TO COMPARE with output) iq =            4 rvect=           0           0
           0 pi_q_unrelax= (7.086991505333790E-002,1.439643490258921E-018)
 (7.086991505333790E-002,1.439643490258921E-018) pi_q_relax = 
 (2.566993954300745E-002,-2.955381580464353E-009)
 (2.566993954300745E-002,-2.955381580464353E-009)

        iq =   4   iwann =   8   rPi_q =     0.02566994    -0.00000000   uPi_q =     0.07086992    -0.00000000   SH_q =     0.03543496    -0.00000000


     ==============================================================================
     Calculation of q =   -0.5000000  -0.5000000   0.5000000  [Cart ]
     Calculation of q =    0.5000000   0.0000000   0.0000000  [Cryst]
     ==============================================================================

        INFO: prepare_q DONE

        INFO: rhowan_q(r) RETRIEVED

 
     Parallelization info
     --------------------
     sticks:   dense  smooth     PW     G-vecs:    dense   smooth      PW
     Min          73      73     27                  821      821     186
     Max          74      74     28                  823      823     189
     Sum         295     295    109                 3287     3287     749
 
     Using Slab Decomposition
 

     Title: 
     W2K Silicon                                                                


     bravais-lattice index     =            2
     lattice parameter (alat)  =      10.2631  a.u.
     unit-cell volume          =     270.2564 (a.u.)^3
     number of atoms/cell      =            2
     number of atomic types    =            1
     number of electrons       =         8.00 (up:   4.00, down:   4.00)
     number of Kohn-Sham states=            7
     kinetic-energy cutoff     =      20.0000  Ry
     charge density cutoff     =      80.0000  Ry
     Exchange-correlation= PW
                           (   1   4   0   0   0   0   0)

     celldm(1)=  10.263102  celldm(2)=   0.000000  celldm(3)=   0.000000
     celldm(4)=   0.000000  celldm(5)=   0.000000  celldm(6)=   0.000000

     crystal axes: (cart. coord. in units of alat)
               a(1) = (  -0.500000   0.000000   0.500000 )  
               a(2) = (   0.000000   0.500000   0.500000 )  
               a(3) = (  -0.500000   0.500000   0.000000 )  

     reciprocal axes: (cart. coord. in units 2 pi/alat)
               b(1) = ( -1.000000 -1.000000  1.000000 )  
               b(2) = (  1.000000  1.000000  1.000000 )  
               b(3) = ( -1.000000  1.000000 -1.000000 )  


     PseudoPot. # 1 for Si read from file:
     /home/colonna_n/CODES/q-e-kcw/pseudo/Si.upf
     MD5 check sum: 9e2d726316af3d4752eea8ab0afbb951
     Pseudo is Norm-conserving + core correction, Zval =  4.0
     Generated using ONCVPSP code by D. R. Hamann
     Using radial grid of 1510 points,  6 beta functions with: 
                l(1) =   0
                l(2) =   0
                l(3) =   1
                l(4) =   1
                l(5) =   2
                l(6) =   2

     atomic species   valence    mass     pseudopotential
     Si                4.00    28.08500     Si( 1.00)

     Starting magnetic structure 
     atomic species   magnetization
     Si              0.000

     48 Sym. Ops., with inversion, found



   Cartesian axes

     site n.     atom                  positions (alat units)
         1        Si     tau(   1) = (   0.0000000   0.0000000   0.0000000  )
         2        Si     tau(   2) = (  -0.2500000   0.2500000   0.2500000  )

     number of k points=    16
                       cart. coord. in units 2pi/alat
        k(    1) = (   0.0000000   0.0000000   0.0000000), wk =   0.1250000
        k(    2) = (  -0.5000000  -0.5000000   0.5000000), wk =   0.0000000
        k(    3) = (  -0.5000000   0.5000000  -0.5000000), wk =   0.1250000
        k(    4) = (  -1.0000000   0.0000000  -0.0000000), wk =   0.0000000
        k(    5) = (   0.5000000   0.5000000   0.5000000), wk =   0.1250000
        k(    6) = (   0.0000000   0.0000000   1.0000000), wk =   0.0000000
        k(    7) = (   0.0000000   1.0000000   0.0000000), wk =   0.1250000
        k(    8) = (  -0.5000000   0.5000000   0.5000000), wk =   0.0000000
        k(    9) = (  -0.5000000  -0.5000000   0.5000000), wk =   0.1250000
        k(   10) = (  -1.0000000  -1.0000000   1.0000000), wk =   0.0000000
        k(   11) = (  -1.0000000   0.0000000   0.0000000), wk =   0.1250000
        k(   12) = (  -1.5000000  -0.5000000   0.5000000), wk =   0.0000000
        k(   13) = (   0.0000000   0.0000000   1.0000000), wk =   0.1250000
        k(   14) = (  -0.5000000  -0.5000000   1.5000000), wk =   0.0000000
        k(   15) = (  -0.5000000   0.5000000   0.5000000), wk =   0.1250000
        k(   16) = (  -1.0000000   0.0000000   1.0000000), wk =   0.0000000

     Dense  grid:     3287 G-vectors     FFT dimensions: (  24,  24,  24)

     Estimated max dynamical RAM per process >       1.44 MB

     Estimated total dynamical RAM >       5.76 MB

     The potential is recalculated from file :
     /home/colonna_n/CODES/q-e-kcw/tempdir/kcw/q5/Si.save/charge-density

     Starting wfcs are    8 atomic wfcs

     Band Structure Calculation
     Davidson diagonalization with overlap

     ethr =  1.25E-10,  avg # of iterations = 10.6

     total cpu time spent up to now is       -1.0 secs

     End of band structure calculation

 ------ SPIN UP ------------


          k = 0.0000 0.0000 0.0000 (   411 PWs)   bands (ev):

    -5.8914   6.0879   6.0879   6.0879   8.6004   8.6004   8.6004

          k =-0.5000-0.5000 0.5000 (   410 PWs)   bands (ev):

    -3.5529  -0.9269   4.8803   4.8803   7.5023   9.3832   9.3832

          k =-0.5000 0.5000-0.5000 (   410 PWs)   bands (ev):

    -3.5529  -0.9269   4.8803   4.8803   7.5023   9.3832   9.3832

          k =-1.0000 0.0000-0.0000 (   412 PWs)   bands (ev):

    -1.7480  -1.7480   3.2158   3.2158   6.6815   6.6815  16.0531

          k = 0.5000 0.5000 0.5000 (   410 PWs)   bands (ev):

    -3.5529  -0.9269   4.8803   4.8803   7.5023   9.3832   9.3832

          k = 0.0000 0.0000 1.0000 (   412 PWs)   bands (ev):

    -1.7480  -1.7480   3.2158   3.2158   6.6815   6.6815  16.0531

          k = 0.0000 1.0000 0.0000 (   412 PWs)   bands (ev):

    -1.7480  -1.7480   3.2158   3.2158   6.6815   6.6815  16.0531

          k =-0.5000 0.5000 0.5000 (   410 PWs)   bands (ev):

    -3.5529  -0.9269   4.8803   4.8803   7.5023   9.3832   9.3832

          k =-0.5000-0.5000 0.5000 (   410 PWs)   bands (ev):

    -3.5529  -0.9269   4.8803   4.8803   7.5023   9.3832   9.3832

          k =-1.0000-1.0000 1.0000 (   411 PWs)   bands (ev):

    -5.8914   6.0879   6.0879   6.0879   8.6004   8.6004   8.6004

          k =-1.0000 0.0000 0.0000 (   412 PWs)   bands (ev):

    -1.7480  -1.7480   3.2158   3.2158   6.6815   6.6815  16.0531

          k =-1.5000-0.5000 0.5000 (   410 PWs)   bands (ev):

    -3.5529  -0.9269   4.8803   4.8803   7.5023   9.3832   9.3832

          k = 0.0000 0.0000 1.0000 (   412 PWs)   bands (ev):

    -1.7480  -1.7480   3.2158   3.2158   6.6815   6.6815  16.0531

          k =-0.5000-0.5000 1.5000 (   410 PWs)   bands (ev):

    -3.5529  -0.9269   4.8803   4.8803   7.5023   9.3832   9.3832

          k =-0.5000 0.5000 0.5000 (   410 PWs)   bands (ev):

    -3.5529  -0.9269   4.8803   4.8803   7.5023   9.3832   9.3832

          k =-1.0000 0.0000 1.0000 (   412 PWs)   bands (ev):

    -1.7480  -1.7480   3.2158   3.2158   6.6815   6.6815  16.0531

 ------ SPIN DOWN ----------


          k = 0.0000 0.0000 0.0000 (   411 PWs)   bands (ev):

    -5.8914   6.0879   6.0879   6.0879   8.6004   8.6004   8.6004

          k =-0.5000-0.5000 0.5000 (   410 PWs)   bands (ev):

    -3.5529  -0.9269   4.8803   4.8803   7.5023   9.3832   9.3832

          k =-0.5000 0.5000-0.5000 (   410 PWs)   bands (ev):

    -3.5529  -0.9269   4.8803   4.8803   7.5023   9.3832   9.3832

          k =-1.0000 0.0000-0.0000 (   412 PWs)   bands (ev):

    -1.7480  -1.7480   3.2158   3.2158   6.6815   6.6815  16.0531

          k = 0.5000 0.5000 0.5000 (   410 PWs)   bands (ev):

    -3.5529  -0.9269   4.8803   4.8803   7.5023   9.3832   9.3832

          k = 0.0000 0.0000 1.0000 (   412 PWs)   bands (ev):

    -1.7480  -1.7480   3.2158   3.2158   6.6815   6.6815  16.0531

          k = 0.0000 1.0000 0.0000 (   412 PWs)   bands (ev):

    -1.7480  -1.7480   3.2158   3.2158   6.6815   6.6815  16.0531

          k =-0.5000 0.5000 0.5000 (   410 PWs)   bands (ev):

    -3.5529  -0.9269   4.8803   4.8803   7.5023   9.3832   9.3832

          k =-0.5000-0.5000 0.5000 (   410 PWs)   bands (ev):

    -3.5529  -0.9269   4.8803   4.8803   7.5023   9.3832   9.3832

          k =-1.0000-1.0000 1.0000 (   411 PWs)   bands (ev):

    -5.8914   6.0879   6.0879   6.0879   8.6004   8.6004   8.6004

          k =-1.0000 0.0000 0.0000 (   412 PWs)   bands (ev):

    -1.7480  -1.7480   3.2158   3.2158   6.6815   6.6815  16.0531

          k =-1.5000-0.5000 0.5000 (   410 PWs)   bands (ev):

    -3.5529  -0.9269   4.8803   4.8803   7.5023   9.3832   9.3832

          k = 0.0000 0.0000 1.0000 (   412 PWs)   bands (ev):

    -1.7480  -1.7480   3.2158   3.2158   6.6815   6.6815  16.0531

          k =-0.5000-0.5000 1.5000 (   410 PWs)   bands (ev):

    -3.5529  -0.9269   4.8803   4.8803   7.5023   9.3832   9.3832

          k =-0.5000 0.5000 0.5000 (   410 PWs)   bands (ev):

    -3.5529  -0.9269   4.8803   4.8803   7.5023   9.3832   9.3832

          k =-1.0000 0.0000 1.0000 (   412 PWs)   bands (ev):

    -1.7480  -1.7480   3.2158   3.2158   6.6815   6.6815  16.0531

     highest occupied, lowest unoccupied level (ev):     6.0879    6.6815

     Writing all to output data dir /home/colonna_n/CODES/q-e-kcw/tempdir/kcw/q5/Si.save/ :
     XML data file, pseudopotentials, collected wavefunctions

        INFO: NSCF calculation DONE

        INFO: kcw_q initialization DONE


        Start LR calculation for the wannier #  1   iq =  5   spin =  1

        SYM : iwann=     1 iq =     5 weight =   0.12500000

      iter #   1 total cpu time :    16.0 secs   av.it.:  13.5
      thresh= 1.000E-06 alpha_mix =  0.700 |ddv_scf|^2 =  6.308E-06

      iter #   2 total cpu time :    16.1 secs   av.it.:  13.6
      thresh= 1.000E-06 alpha_mix =  0.700 |ddv_scf|^2 =  2.338E-05

      iter #   3 total cpu time :    16.1 secs   av.it.:  13.1
      thresh= 1.000E-06 alpha_mix =  0.700 |ddv_scf|^2 =  9.680E-07

      iter #   4 total cpu time :    16.1 secs   av.it.:  12.1
      thresh= 1.000E-06 alpha_mix =  0.700 |ddv_scf|^2 =  1.203E-09

      iter #   5 total cpu time :    16.2 secs   av.it.:  10.8
      thresh= 3.468E-07 alpha_mix =  0.700 |ddv_scf|^2 =  8.881E-11

      iter #   6 total cpu time :    16.2 secs   av.it.:  11.1
      thresh= 9.424E-08 alpha_mix =  0.700 |ddv_scf|^2 =  1.070E-12

      iter #   7 total cpu time :    16.3 secs   av.it.:  11.1
      thresh= 1.035E-08 alpha_mix =  0.700 |ddv_scf|^2 =  1.558E-14

      iter #   8 total cpu time :    16.3 secs   av.it.:  10.8
      thresh= 1.248E-09 alpha_mix =  0.700 |ddv_scf|^2 =  6.715E-17

      iter #   9 total cpu time :    16.3 secs   av.it.:  11.1
      thresh= 8.195E-11 alpha_mix =  0.700 |ddv_scf|^2 =  1.940E-17

      iter #  10 total cpu time :    16.4 secs   av.it.:  10.8
      thresh= 4.404E-11 alpha_mix =  0.700 |ddv_scf|^2 =  1.949E-17

      iter #  11 total cpu time :    16.4 secs   av.it.:  10.1
      thresh= 4.414E-11 alpha_mix =  0.700 |ddv_scf|^2 =  1.118E-18

      iter #  12 total cpu time :    16.5 secs   av.it.:  10.8
      thresh= 1.057E-11 alpha_mix =  0.700 |ddv_scf|^2 =  2.040E-20
 (TO COMPARE with output) iq =            5 rvect=           0           0
           0 pi_q_unrelax= (8.282780185787987E-002,-6.025642615402251E-019)
 (8.282780185787987E-002,-6.025642615402251E-019) pi_q_relax = 
 (3.435445758270114E-002,-1.859011051640580E-010)
 (3.435445758270114E-002,-1.859011051640580E-010)
 (TO COMPARE with output) iq =            5 rvect=           0           0
           0 pi_q_unrelax= (8.282780185787987E-002,-6.025642615402251E-019)
 (8.282780185787987E-002,-6.025642615402251E-019) pi_q_relax = 
 (3.435445758270114E-002,-1.859011051640580E-010)
 (3.435445758270114E-002,-1.859011051640580E-010)
 (TO COMPARE with output) iq =            5 rvect=           0           0
           0 pi_q_unrelax= (8.282780185787987E-002,-6.025642615402251E-019)
 (8.282780185787987E-002,-6.025642615402251E-019) pi_q_relax = 
 (3.435445758270114E-002,-1.859011051640580E-010)
 (3.435445758270114E-002,-1.859011051640580E-010)
 (TO COMPARE with output) iq =            5 rvect=           0           0
           0 pi_q_unrelax= (8.282780185787987E-002,-6.025642615402251E-019)
 (8.282780185787987E-002,-6.025642615402251E-019) pi_q_relax = 
 (3.435445758270114E-002,-1.859011051640580E-010)
 (3.435445758270114E-002,-1.859011051640580E-010)

        iq =   5   iwann =   1   rPi_q =     0.03435446    -0.00000000   uPi_q =     0.08282780    -0.00000000   SH_q =     0.04141390    -0.00000000

        Start LR calculation for the wannier #  2   iq =  5   spin =  1

        SYM : iwann=     2 iq =     5 weight =   0.12500000

      iter #   1 total cpu time :    16.5 secs   av.it.:  13.9
      thresh= 1.000E-06 alpha_mix =  0.700 |ddv_scf|^2 =  9.947E-06

      iter #   2 total cpu time :    16.6 secs   av.it.:  13.9
      thresh= 1.000E-06 alpha_mix =  0.700 |ddv_scf|^2 =  4.868E-05

      iter #   3 total cpu time :    16.6 secs   av.it.:  13.3
      thresh= 1.000E-06 alpha_mix =  0.700 |ddv_scf|^2 =  6.673E-07

      iter #   4 total cpu time :    16.7 secs   av.it.:  12.5
      thresh= 1.000E-06 alpha_mix =  0.700 |ddv_scf|^2 =  1.366E-09

      iter #   5 total cpu time :    16.7 secs   av.it.:  11.6
      thresh= 3.695E-07 alpha_mix =  0.700 |ddv_scf|^2 =  6.886E-11

      iter #   6 total cpu time :    16.8 secs   av.it.:  11.6
      thresh= 8.298E-08 alpha_mix =  0.700 |ddv_scf|^2 =  1.027E-12

      iter #   7 total cpu time :    16.8 secs   av.it.:  11.6
      thresh= 1.013E-08 alpha_mix =  0.700 |ddv_scf|^2 =  1.505E-14

      iter #   8 total cpu time :    16.9 secs   av.it.:  11.9
      thresh= 1.227E-09 alpha_mix =  0.700 |ddv_scf|^2 =  2.993E-15

      iter #   9 total cpu time :    16.9 secs   av.it.:  11.8
      thresh= 5.470E-10 alpha_mix =  0.700 |ddv_scf|^2 =  5.704E-16

      iter #  10 total cpu time :    16.9 secs   av.it.:  11.2
      thresh= 2.388E-10 alpha_mix =  0.700 |ddv_scf|^2 =  1.039E-15

      iter #  11 total cpu time :    17.0 secs   av.it.:  10.8
      thresh= 3.224E-10 alpha_mix =  0.700 |ddv_scf|^2 =  1.494E-18

      iter #  12 total cpu time :    17.0 secs   av.it.:  11.9
      thresh= 1.222E-11 alpha_mix =  0.700 |ddv_scf|^2 =  5.690E-19
 (TO COMPARE with output) iq =            5 rvect=           0           0
           0 pi_q_unrelax= (8.381321783536672E-002,-3.303528698202354E-018)
 (8.381321783536672E-002,-3.303528698202354E-018) pi_q_relax = 
 (3.071468459591852E-002,-4.211606528594508E-010)
 (3.071468459591852E-002,-4.211606528594508E-010)
 (TO COMPARE with output) iq =            5 rvect=           0           0
           0 pi_q_unrelax= (8.381321783536672E-002,-3.303528698202354E-018)
 (8.381321783536672E-002,-3.303528698202354E-018) pi_q_relax = 
 (3.071468459591852E-002,-4.211606528594508E-010)
 (3.071468459591852E-002,-4.211606528594508E-010)
 (TO COMPARE with output) iq =            5 rvect=           0           0
           0 pi_q_unrelax= (8.381321783536672E-002,-3.303528698202354E-018)
 (8.381321783536672E-002,-3.303528698202354E-018) pi_q_relax = 
 (3.071468459591852E-002,-4.211606528594508E-010)
 (3.071468459591852E-002,-4.211606528594508E-010)
 (TO COMPARE with output) iq =            5 rvect=           0           0
           0 pi_q_unrelax= (8.381321783536672E-002,-3.303528698202354E-018)
 (8.381321783536672E-002,-3.303528698202354E-018) pi_q_relax = 
 (3.071468459591852E-002,-4.211606528594508E-010)
 (3.071468459591852E-002,-4.211606528594508E-010)

        iq =   5   iwann =   2   rPi_q =     0.03071468    -0.00000000   uPi_q =     0.08381322     0.00000000   SH_q =     0.04190661    -0.00000000

        Start LR calculation for the wannier #  3   iq =  5   spin =  1

        SYM : iwann=     3 iq =     5 weight =   0.12500000

      iter #   1 total cpu time :    17.1 secs   av.it.:  13.9
      thresh= 1.000E-06 alpha_mix =  0.700 |ddv_scf|^2 =  9.947E-06

      iter #   2 total cpu time :    17.1 secs   av.it.:  13.9
      thresh= 1.000E-06 alpha_mix =  0.700 |ddv_scf|^2 =  4.868E-05

      iter #   3 total cpu time :    17.2 secs   av.it.:  13.3
      thresh= 1.000E-06 alpha_mix =  0.700 |ddv_scf|^2 =  6.673E-07

      iter #   4 total cpu time :    17.2 secs   av.it.:  12.4
      thresh= 1.000E-06 alpha_mix =  0.700 |ddv_scf|^2 =  1.366E-09

      iter #   5 total cpu time :    17.3 secs   av.it.:  11.6
      thresh= 3.695E-07 alpha_mix =  0.700 |ddv_scf|^2 =  6.886E-11

      iter #   6 total cpu time :    17.3 secs   av.it.:  11.5
      thresh= 8.298E-08 alpha_mix =  0.700 |ddv_scf|^2 =  1.027E-12

      iter #   7 total cpu time :    17.3 secs   av.it.:  11.8
      thresh= 1.013E-08 alpha_mix =  0.700 |ddv_scf|^2 =  1.505E-14

      iter #   8 total cpu time :    17.4 secs   av.it.:  11.9
      thresh= 1.227E-09 alpha_mix =  0.700 |ddv_scf|^2 =  2.993E-15

      iter #   9 total cpu time :    17.4 secs   av.it.:  11.8
      thresh= 5.471E-10 alpha_mix =  0.700 |ddv_scf|^2 =  5.704E-16

      iter #  10 total cpu time :    17.5 secs   av.it.:  11.2
      thresh= 2.388E-10 alpha_mix =  0.700 |ddv_scf|^2 =  1.039E-15

      iter #  11 total cpu time :    17.5 secs   av.it.:  10.8
      thresh= 3.224E-10 alpha_mix =  0.700 |ddv_scf|^2 =  1.494E-18

      iter #  12 total cpu time :    17.6 secs   av.it.:  11.9
      thresh= 1.222E-11 alpha_mix =  0.700 |ddv_scf|^2 =  5.691E-19
 (TO COMPARE with output) iq =            5 rvect=           0           0
           0 pi_q_unrelax= (8.381321835404749E-002,5.333479216472627E-019)
 (8.381321835404749E-002,5.333479216472627E-019) pi_q_relax = 
 (3.071467548248311E-002,5.572796459235910E-010)
 (3.071467548248311E-002,5.572796459235910E-010)
 (TO COMPARE with output) iq =            5 rvect=           0           0
           0 pi_q_unrelax= (8.381321835404749E-002,5.333479216472627E-019)
 (8.381321835404749E-002,5.333479216472627E-019) pi_q_relax = 
 (3.071467548248311E-002,5.572796459235910E-010)
 (3.071467548248311E-002,5.572796459235910E-010)
 (TO COMPARE with output) iq =            5 rvect=           0           0
           0 pi_q_unrelax= (8.381321835404749E-002,5.333479216472627E-019)
 (8.381321835404749E-002,5.333479216472627E-019) pi_q_relax = 
 (3.071467548248311E-002,5.572796459235910E-010)
 (3.071467548248311E-002,5.572796459235910E-010)
 (TO COMPARE with output) iq =            5 rvect=           0           0
           0 pi_q_unrelax= (8.381321835404749E-002,5.333479216472627E-019)
 (8.381321835404749E-002,5.333479216472627E-019) pi_q_relax = 
 (3.071467548248311E-002,5.572796459235910E-010)
 (3.071467548248311E-002,5.572796459235910E-010)

        iq =   5   iwann =   3   rPi_q =     0.03071468     0.00000000   uPi_q =     0.08381322    -0.00000000   SH_q =     0.04190661     0.00000000

        Start LR calculation for the wannier #  4   iq =  5   spin =  1

        SYM : iwann=     4 iq =     5 weight =   0.12500000

      iter #   1 total cpu time :    17.6 secs   av.it.:  13.5
      thresh= 1.000E-06 alpha_mix =  0.700 |ddv_scf|^2 =  6.308E-06

      iter #   2 total cpu time :    17.7 secs   av.it.:  13.6
      thresh= 1.000E-06 alpha_mix =  0.700 |ddv_scf|^2 =  2.338E-05

      iter #   3 total cpu time :    17.7 secs   av.it.:  13.1
      thresh= 1.000E-06 alpha_mix =  0.700 |ddv_scf|^2 =  9.680E-07

      iter #   4 total cpu time :    17.8 secs   av.it.:  12.1
      thresh= 1.000E-06 alpha_mix =  0.700 |ddv_scf|^2 =  1.203E-09

      iter #   5 total cpu time :    17.8 secs   av.it.:  10.8
      thresh= 3.468E-07 alpha_mix =  0.700 |ddv_scf|^2 =  8.881E-11

      iter #   6 total cpu time :    17.8 secs   av.it.:  11.1
      thresh= 9.424E-08 alpha_mix =  0.700 |ddv_scf|^2 =  1.070E-12

      iter #   7 total cpu time :    17.9 secs   av.it.:  11.1
      thresh= 1.035E-08 alpha_mix =  0.700 |ddv_scf|^2 =  1.558E-14

      iter #   8 total cpu time :    17.9 secs   av.it.:  10.8
      thresh= 1.248E-09 alpha_mix =  0.700 |ddv_scf|^2 =  6.569E-17

      iter #   9 total cpu time :    18.0 secs   av.it.:  11.0
      thresh= 8.105E-11 alpha_mix =  0.700 |ddv_scf|^2 =  1.232E-17

      iter #  10 total cpu time :    18.0 secs   av.it.:  10.8
      thresh= 3.510E-11 alpha_mix =  0.700 |ddv_scf|^2 =  1.075E-17

      iter #  11 total cpu time :    18.0 secs   av.it.:  10.4
      thresh= 3.278E-11 alpha_mix =  0.700 |ddv_scf|^2 =  1.088E-18

      iter #  12 total cpu time :    18.1 secs   av.it.:  10.8
      thresh= 1.043E-11 alpha_mix =  0.700 |ddv_scf|^2 =  1.635E-20
 (TO COMPARE with output) iq =            5 rvect=           0           0
           0 pi_q_unrelax= (8.282780462758040E-002,-6.953351594979046E-019)
 (8.282780462758040E-002,-6.953351594979046E-019) pi_q_relax = 
 (3.435445929775043E-002,2.552670026017464E-010)
 (3.435445929775043E-002,2.552670026017464E-010)
 (TO COMPARE with output) iq =            5 rvect=           0           0
           0 pi_q_unrelax= (8.282780462758040E-002,-6.953351594979046E-019)
 (8.282780462758040E-002,-6.953351594979046E-019) pi_q_relax = 
 (3.435445929775043E-002,2.552670026017464E-010)
 (3.435445929775043E-002,2.552670026017464E-010)
 (TO COMPARE with output) iq =            5 rvect=           0           0
           0 pi_q_unrelax= (8.282780462758040E-002,-6.953351594979046E-019)
 (8.282780462758040E-002,-6.953351594979046E-019) pi_q_relax = 
 (3.435445929775043E-002,2.552670026017464E-010)
 (3.435445929775043E-002,2.552670026017464E-010)
 (TO COMPARE with output) iq =            5 rvect=           0           0
           0 pi_q_unrelax= (8.282780462758040E-002,-6.953351594979046E-019)
 (8.282780462758040E-002,-6.953351594979046E-019) pi_q_relax = 
 (3.435445929775043E-002,2.552670026017464E-010)
 (3.435445929775043E-002,2.552670026017464E-010)

        iq =   5   iwann =   4   rPi_q =     0.03435446     0.00000000   uPi_q =     0.08282780     0.00000000   SH_q =     0.04141390     0.00000000

        Start LR calculation for the wannier #  5   iq =  5   spin =  1

        SYM : iwann=     5 iq =     5 weight =   0.12500000

      iter #   1 total cpu time :    18.2 secs   av.it.:  13.9
      thresh= 1.000E-06 alpha_mix =  0.700 |ddv_scf|^2 =  9.947E-06

      iter #   2 total cpu time :    18.3 secs   av.it.:  13.9
      thresh= 1.000E-06 alpha_mix =  0.700 |ddv_scf|^2 =  4.868E-05

      iter #   3 total cpu time :    18.4 secs   av.it.:  13.3
      thresh= 1.000E-06 alpha_mix =  0.700 |ddv_scf|^2 =  6.673E-07

      iter #   4 total cpu time :    18.4 secs   av.it.:  12.5
      thresh= 1.000E-06 alpha_mix =  0.700 |ddv_scf|^2 =  1.366E-09

      iter #   5 total cpu time :    18.4 secs   av.it.:  11.6
      thresh= 3.695E-07 alpha_mix =  0.700 |ddv_scf|^2 =  6.886E-11

      iter #   6 total cpu time :    18.5 secs   av.it.:  11.7
      thresh= 8.298E-08 alpha_mix =  0.700 |ddv_scf|^2 =  1.027E-12

      iter #   7 total cpu time :    18.5 secs   av.it.:  11.7
      thresh= 1.013E-08 alpha_mix =  0.700 |ddv_scf|^2 =  1.505E-14

      iter #   8 total cpu time :    18.6 secs   av.it.:  11.9
      thresh= 1.227E-09 alpha_mix =  0.700 |ddv_scf|^2 =  2.993E-15

      iter #   9 total cpu time :    18.6 secs   av.it.:  11.8
      thresh= 5.471E-10 alpha_mix =  0.700 |ddv_scf|^2 =  5.706E-16

      iter #  10 total cpu time :    18.7 secs   av.it.:  11.2
      thresh= 2.389E-10 alpha_mix =  0.700 |ddv_scf|^2 =  1.040E-15

      iter #  11 total cpu time :    18.7 secs   av.it.:  10.8
      thresh= 3.224E-10 alpha_mix =  0.700 |ddv_scf|^2 =  1.494E-18

      iter #  12 total cpu time :    18.8 secs   av.it.:  11.8
      thresh= 1.222E-11 alpha_mix =  0.700 |ddv_scf|^2 =  5.723E-19
 (TO COMPARE with output) iq =            5 rvect=           0           0
           0 pi_q_unrelax= (8.381321524870745E-002,7.726314179648674E-019)
 (8.381321524870745E-002,7.726314179648674E-019) pi_q_relax = 
 (3.071468267344257E-002,1.317779050324719E-009)
 (3.071468267344257E-002,1.317779050324719E-009)
 (TO COMPARE with output) iq =            5 rvect=           0           0
           0 pi_q_unrelax= (8.381321524870745E-002,7.726314179648674E-019)
 (8.381321524870745E-002,7.726314179648674E-019) pi_q_relax = 
 (3.071468267344257E-002,1.317779050324719E-009)
 (3.071468267344257E-002,1.317779050324719E-009)
 (TO COMPARE with output) iq =            5 rvect=           0           0
           0 pi_q_unrelax= (8.381321524870745E-002,7.726314179648674E-019)
 (8.381321524870745E-002,7.726314179648674E-019) pi_q_relax = 
 (3.071468267344257E-002,1.317779050324719E-009)
 (3.071468267344257E-002,1.317779050324719E-009)
 (TO COMPARE with output) iq =            5 rvect=           0           0
           0 pi_q_unrelax= (8.381321524870745E-002,7.726314179648674E-019)
 (8.381321524870745E-002,7.726314179648674E-019) pi_q_relax = 
 (3.071468267344257E-002,1.317779050324719E-009)
 (3.071468267344257E-002,1.317779050324719E-009)

        iq =   5   iwann =   5   rPi_q =     0.03071468     0.00000000   uPi_q =     0.08381322     0.00000000   SH_q =     0.04190661     0.00000000

        Start LR calculation for the wannier #  6   iq =  5   spin =  1

        SYM : iwann=     6 iq =     5 weight =   0.12500000

      iter #   1 total cpu time :    18.8 secs   av.it.:  13.9
      thresh= 1.000E-06 alpha_mix =  0.700 |ddv_scf|^2 =  9.947E-06

      iter #   2 total cpu time :    18.9 secs   av.it.:  13.9
      thresh= 1.000E-06 alpha_mix =  0.700 |ddv_scf|^2 =  4.868E-05

      iter #   3 total cpu time :    18.9 secs   av.it.:  13.3
      thresh= 1.000E-06 alpha_mix =  0.700 |ddv_scf|^2 =  6.673E-07

      iter #   4 total cpu time :    19.0 secs   av.it.:  12.5
      thresh= 1.000E-06 alpha_mix =  0.700 |ddv_scf|^2 =  1.366E-09

      iter #   5 total cpu time :    19.0 secs   av.it.:  11.7
      thresh= 3.695E-07 alpha_mix =  0.700 |ddv_scf|^2 =  6.886E-11

      iter #   6 total cpu time :    19.0 secs   av.it.:  11.6
      thresh= 8.298E-08 alpha_mix =  0.700 |ddv_scf|^2 =  1.027E-12

      iter #   7 total cpu time :    19.1 secs   av.it.:  11.6
      thresh= 1.013E-08 alpha_mix =  0.700 |ddv_scf|^2 =  1.505E-14

      iter #   8 total cpu time :    19.1 secs   av.it.:  11.9
      thresh= 1.227E-09 alpha_mix =  0.700 |ddv_scf|^2 =  2.993E-15

      iter #   9 total cpu time :    19.2 secs   av.it.:  11.8
      thresh= 5.471E-10 alpha_mix =  0.700 |ddv_scf|^2 =  5.704E-16

      iter #  10 total cpu time :    19.2 secs   av.it.:  11.1
      thresh= 2.388E-10 alpha_mix =  0.700 |ddv_scf|^2 =  1.039E-15

      iter #  11 total cpu time :    19.3 secs   av.it.:  10.8
      thresh= 3.224E-10 alpha_mix =  0.700 |ddv_scf|^2 =  1.493E-18

      iter #  12 total cpu time :    19.3 secs   av.it.:  11.9
      thresh= 1.222E-11 alpha_mix =  0.700 |ddv_scf|^2 =  5.692E-19
 (TO COMPARE with output) iq =            5 rvect=           0           0
           0 pi_q_unrelax= (8.381321384787718E-002,1.424185230349104E-018)
 (8.381321384787718E-002,1.424185230349104E-018) pi_q_relax = 
 (3.071468269350588E-002,7.407547623248623E-010)
 (3.071468269350588E-002,7.407547623248623E-010)
 (TO COMPARE with output) iq =            5 rvect=           0           0
           0 pi_q_unrelax= (8.381321384787718E-002,1.424185230349104E-018)
 (8.381321384787718E-002,1.424185230349104E-018) pi_q_relax = 
 (3.071468269350588E-002,7.407547623248623E-010)
 (3.071468269350588E-002,7.407547623248623E-010)
 (TO COMPARE with output) iq =            5 rvect=           0           0
           0 pi_q_unrelax= (8.381321384787718E-002,1.424185230349104E-018)
 (8.381321384787718E-002,1.424185230349104E-018) pi_q_relax = 
 (3.071468269350588E-002,7.407547623248623E-010)
 (3.071468269350588E-002,7.407547623248623E-010)
 (TO COMPARE with output) iq =            5 rvect=           0           0
           0 pi_q_unrelax= (8.381321384787718E-002,1.424185230349104E-018)
 (8.381321384787718E-002,1.424185230349104E-018) pi_q_relax = 
 (3.071468269350588E-002,7.407547623248623E-010)
 (3.071468269350588E-002,7.407547623248623E-010)

        iq =   5   iwann =   6   rPi_q =     0.03071468     0.00000000   uPi_q =     0.08381321    -0.00000000   SH_q =     0.04190661    -0.00000000

        Start LR calculation for the wannier #  7   iq =  5   spin =  1

        SYM : iwann=     7 iq =     5 weight =   0.12500000

      iter #   1 total cpu time :    19.4 secs   av.it.:  13.9
      thresh= 1.000E-06 alpha_mix =  0.700 |ddv_scf|^2 =  9.947E-06

      iter #   2 total cpu time :    19.4 secs   av.it.:  13.9
      thresh= 1.000E-06 alpha_mix =  0.700 |ddv_scf|^2 =  4.868E-05

      iter #   3 total cpu time :    19.5 secs   av.it.:  13.3
      thresh= 1.000E-06 alpha_mix =  0.700 |ddv_scf|^2 =  6.673E-07

      iter #   4 total cpu time :    19.5 secs   av.it.:  12.5
      thresh= 1.000E-06 alpha_mix =  0.700 |ddv_scf|^2 =  1.366E-09

      iter #   5 total cpu time :    19.6 secs   av.it.:  11.7
      thresh= 3.695E-07 alpha_mix =  0.700 |ddv_scf|^2 =  6.886E-11

      iter #   6 total cpu time :    19.6 secs   av.it.:  11.6
      thresh= 8.298E-08 alpha_mix =  0.700 |ddv_scf|^2 =  1.027E-12

      iter #   7 total cpu time :    19.7 secs   av.it.:  11.6
      thresh= 1.013E-08 alpha_mix =  0.700 |ddv_scf|^2 =  1.505E-14

      iter #   8 total cpu time :    19.7 secs   av.it.:  11.9
      thresh= 1.227E-09 alpha_mix =  0.700 |ddv_scf|^2 =  2.993E-15

      iter #   9 total cpu time :    19.7 secs   av.it.:  11.8
      thresh= 5.471E-10 alpha_mix =  0.700 |ddv_scf|^2 =  5.710E-16

      iter #  10 total cpu time :    19.8 secs   av.it.:  11.2
      thresh= 2.389E-10 alpha_mix =  0.700 |ddv_scf|^2 =  1.040E-15

      iter #  11 total cpu time :    19.8 secs   av.it.:  10.8
      thresh= 3.224E-10 alpha_mix =  0.700 |ddv_scf|^2 =  1.497E-18

      iter #  12 total cpu time :    19.9 secs   av.it.:  11.8
      thresh= 1.223E-11 alpha_mix =  0.700 |ddv_scf|^2 =  5.720E-19
 (TO COMPARE with output) iq =            5 rvect=           0           0
           0 pi_q_unrelax= (8.381321942787748E-002,-5.664201108672733E-018)
 (8.381321942787748E-002,-5.664201108672733E-018) pi_q_relax = 
 (3.071468364909035E-002,-1.120948987562332E-009)
 (3.071468364909035E-002,-1.120948987562332E-009)
 (TO COMPARE with output) iq =            5 rvect=           0           0
           0 pi_q_unrelax= (8.381321942787748E-002,-5.664201108672733E-018)
 (8.381321942787748E-002,-5.664201108672733E-018) pi_q_relax = 
 (3.071468364909035E-002,-1.120948987562332E-009)
 (3.071468364909035E-002,-1.120948987562332E-009)
 (TO COMPARE with output) iq =            5 rvect=           0           0
           0 pi_q_unrelax= (8.381321942787748E-002,-5.664201108672733E-018)
 (8.381321942787748E-002,-5.664201108672733E-018) pi_q_relax = 
 (3.071468364909035E-002,-1.120948987562332E-009)
 (3.071468364909035E-002,-1.120948987562332E-009)
 (TO COMPARE with output) iq =            5 rvect=           0           0
           0 pi_q_unrelax= (8.381321942787748E-002,-5.664201108672733E-018)
 (8.381321942787748E-002,-5.664201108672733E-018) pi_q_relax = 
 (3.071468364909035E-002,-1.120948987562332E-009)
 (3.071468364909035E-002,-1.120948987562332E-009)

        iq =   5   iwann =   7   rPi_q =     0.03071468    -0.00000000   uPi_q =     0.08381322     0.00000000   SH_q =     0.04190661     0.00000000

        Start LR calculation for the wannier #  8   iq =  5   spin =  1

        SYM : iwann=     8 iq =     5 weight =   0.12500000

      iter #   1 total cpu time :    20.0 secs   av.it.:  13.9
      thresh= 1.000E-06 alpha_mix =  0.700 |ddv_scf|^2 =  9.947E-06

      iter #   2 total cpu time :    20.0 secs   av.it.:  13.9
      thresh= 1.000E-06 alpha_mix =  0.700 |ddv_scf|^2 =  4.868E-05

      iter #   3 total cpu time :    20.1 secs   av.it.:  13.3
      thresh= 1.000E-06 alpha_mix =  0.700 |ddv_scf|^2 =  6.673E-07

      iter #   4 total cpu time :    20.1 secs   av.it.:  12.4
      thresh= 1.000E-06 alpha_mix =  0.700 |ddv_scf|^2 =  1.366E-09

      iter #   5 total cpu time :    20.2 secs   av.it.:  11.6
      thresh= 3.695E-07 alpha_mix =  0.700 |ddv_scf|^2 =  6.886E-11

      iter #   6 total cpu time :    20.2 secs   av.it.:  11.6
      thresh= 8.298E-08 alpha_mix =  0.700 |ddv_scf|^2 =  1.027E-12

      iter #   7 total cpu time :    20.2 secs   av.it.:  11.8
      thresh= 1.013E-08 alpha_mix =  0.700 |ddv_scf|^2 =  1.505E-14

      iter #   8 total cpu time :    20.3 secs   av.it.:  11.9
      thresh= 1.227E-09 alpha_mix =  0.700 |ddv_scf|^2 =  2.993E-15

      iter #   9 total cpu time :    20.3 secs   av.it.:  11.8
      thresh= 5.471E-10 alpha_mix =  0.700 |ddv_scf|^2 =  5.710E-16

      iter #  10 total cpu time :    20.4 secs   av.it.:  11.1
      thresh= 2.390E-10 alpha_mix =  0.700 |ddv_scf|^2 =  1.039E-15

      iter #  11 total cpu time :    20.4 secs   av.it.:  10.8
      thresh= 3.224E-10 alpha_mix =  0.700 |ddv_scf|^2 =  1.497E-18

      iter #  12 total cpu time :    20.5 secs   av.it.:  11.9
      thresh= 1.224E-11 alpha_mix =  0.700 |ddv_scf|^2 =  5.730E-19
 (TO COMPARE with output) iq =            5 rvect=           0           0
           0 pi_q_unrelax= (8.381321250502241E-002,-2.788728004190473E-018)
 (8.381321250502241E-002,-2.788728004190473E-018) pi_q_relax = 
 (3.071467399375041E-002,-1.248570283463458E-009)
 (3.071467399375041E-002,-1.248570283463458E-009)
 (TO COMPARE with output) iq =            5 rvect=           0           0
           0 pi_q_unrelax= (8.381321250502241E-002,-2.788728004190473E-018)
 (8.381321250502241E-002,-2.788728004190473E-018) pi_q_relax = 
 (3.071467399375041E-002,-1.248570283463458E-009)
 (3.071467399375041E-002,-1.248570283463458E-009)
 (TO COMPARE with output) iq =            5 rvect=           0           0
           0 pi_q_unrelax= (8.381321250502241E-002,-2.788728004190473E-018)
 (8.381321250502241E-002,-2.788728004190473E-018) pi_q_relax = 
 (3.071467399375041E-002,-1.248570283463458E-009)
 (3.071467399375041E-002,-1.248570283463458E-009)
 (TO COMPARE with output) iq =            5 rvect=           0           0
           0 pi_q_unrelax= (8.381321250502241E-002,-2.788728004190473E-018)
 (8.381321250502241E-002,-2.788728004190473E-018) pi_q_relax = 
 (3.071467399375041E-002,-1.248570283463458E-009)
 (3.071467399375041E-002,-1.248570283463458E-009)

        iq =   5   iwann =   8   rPi_q =     0.03071467    -0.00000000   uPi_q =     0.08381321     0.00000000   SH_q =     0.04190661     0.00000000


     ==============================================================================
     Calculation of q =   -1.0000000   0.0000000   0.0000000  [Cart ]
     Calculation of q =    0.5000000   0.0000000   0.5000000  [Cryst]
     ==============================================================================

        INFO: prepare_q DONE

        INFO: rhowan_q(r) RETRIEVED

 
     Parallelization info
     --------------------
     sticks:   dense  smooth     PW     G-vecs:    dense   smooth      PW
     Min          73      73     30                  821      821     216
     Max          74      74     31                  823      823     218
     Sum         295     295    121                 3287     3287     869
 
     Using Slab Decomposition
 

     Title: 
     W2K Silicon                                                                


     bravais-lattice index     =            2
     lattice parameter (alat)  =      10.2631  a.u.
     unit-cell volume          =     270.2564 (a.u.)^3
     number of atoms/cell      =            2
     number of atomic types    =            1
     number of electrons       =         8.00 (up:   4.00, down:   4.00)
     number of Kohn-Sham states=            7
     kinetic-energy cutoff     =      20.0000  Ry
     charge density cutoff     =      80.0000  Ry
     Exchange-correlation= PW
                           (   1   4   0   0   0   0   0)

     celldm(1)=  10.263102  celldm(2)=   0.000000  celldm(3)=   0.000000
     celldm(4)=   0.000000  celldm(5)=   0.000000  celldm(6)=   0.000000

     crystal axes: (cart. coord. in units of alat)
               a(1) = (  -0.500000   0.000000   0.500000 )  
               a(2) = (   0.000000   0.500000   0.500000 )  
               a(3) = (  -0.500000   0.500000   0.000000 )  

     reciprocal axes: (cart. coord. in units 2 pi/alat)
               b(1) = ( -1.000000 -1.000000  1.000000 )  
               b(2) = (  1.000000  1.000000  1.000000 )  
               b(3) = ( -1.000000  1.000000 -1.000000 )  


     PseudoPot. # 1 for Si read from file:
     /home/colonna_n/CODES/q-e-kcw/pseudo/Si.upf
     MD5 check sum: 9e2d726316af3d4752eea8ab0afbb951
     Pseudo is Norm-conserving + core correction, Zval =  4.0
     Generated using ONCVPSP code by D. R. Hamann
     Using radial grid of 1510 points,  6 beta functions with: 
                l(1) =   0
                l(2) =   0
                l(3) =   1
                l(4) =   1
                l(5) =   2
                l(6) =   2

     atomic species   valence    mass     pseudopotential
     Si                4.00    28.08500     Si( 1.00)

     Starting magnetic structure 
     atomic species   magnetization
     Si              0.000

     48 Sym. Ops., with inversion, found



   Cartesian axes

     site n.     atom                  positions (alat units)
         1        Si     tau(   1) = (   0.0000000   0.0000000   0.0000000  )
         2        Si     tau(   2) = (  -0.2500000   0.2500000   0.2500000  )

     number of k points=    16
                       cart. coord. in units 2pi/alat
        k(    1) = (   0.0000000   0.0000000   0.0000000), wk =   0.1250000
        k(    2) = (  -1.0000000   0.0000000   0.0000000), wk =   0.0000000
        k(    3) = (  -0.5000000   0.5000000  -0.5000000), wk =   0.1250000
        k(    4) = (  -1.5000000   0.5000000  -0.5000000), wk =   0.0000000
        k(    5) = (   0.5000000   0.5000000   0.5000000), wk =   0.1250000
        k(    6) = (  -0.5000000   0.5000000   0.5000000), wk =   0.0000000
        k(    7) = (   0.0000000   1.0000000   0.0000000), wk =   0.1250000
        k(    8) = (  -1.0000000   1.0000000   0.0000000), wk =   0.0000000
        k(    9) = (  -0.5000000  -0.5000000   0.5000000), wk =   0.1250000
        k(   10) = (  -1.5000000  -0.5000000   0.5000000), wk =   0.0000000
        k(   11) = (  -1.0000000   0.0000000   0.0000000), wk =   0.1250000
        k(   12) = (  -2.0000000   0.0000000   0.0000000), wk =   0.0000000
        k(   13) = (   0.0000000   0.0000000   1.0000000), wk =   0.1250000
        k(   14) = (  -1.0000000   0.0000000   1.0000000), wk =   0.0000000
        k(   15) = (  -0.5000000   0.5000000   0.5000000), wk =   0.1250000
        k(   16) = (  -1.5000000   0.5000000   0.5000000), wk =   0.0000000

     Dense  grid:     3287 G-vectors     FFT dimensions: (  24,  24,  24)

     Estimated max dynamical RAM per process >       1.45 MB

     Estimated total dynamical RAM >       5.78 MB

     The potential is recalculated from file :
     /home/colonna_n/CODES/q-e-kcw/tempdir/kcw/q6/Si.save/charge-density

     Starting wfcs are    8 atomic wfcs

     Band Structure Calculation
     Davidson diagonalization with overlap

     ethr =  1.25E-10,  avg # of iterations = 10.6

     total cpu time spent up to now is       -1.0 secs

     End of band structure calculation

 ------ SPIN UP ------------


          k = 0.0000 0.0000 0.0000 (   411 PWs)   bands (ev):

    -5.8914   6.0879   6.0879   6.0879   8.6004   8.6004   8.6004

          k =-1.0000 0.0000 0.0000 (   412 PWs)   bands (ev):

    -1.7480  -1.7480   3.2158   3.2158   6.6815   6.6815  16.0531

          k =-0.5000 0.5000-0.5000 (   410 PWs)   bands (ev):

    -3.5529  -0.9269   4.8803   4.8803   7.5023   9.3832   9.3832

          k =-1.5000 0.5000-0.5000 (   410 PWs)   bands (ev):

    -3.5529  -0.9269   4.8803   4.8803   7.5023   9.3832   9.3832

          k = 0.5000 0.5000 0.5000 (   410 PWs)   bands (ev):

    -3.5529  -0.9269   4.8803   4.8803   7.5023   9.3832   9.3832

          k =-0.5000 0.5000 0.5000 (   410 PWs)   bands (ev):

    -3.5529  -0.9269   4.8803   4.8803   7.5023   9.3832   9.3832

          k = 0.0000 1.0000 0.0000 (   412 PWs)   bands (ev):

    -1.7480  -1.7480   3.2158   3.2158   6.6815   6.6815  16.0531

          k =-1.0000 1.0000 0.0000 (   412 PWs)   bands (ev):

    -1.7480  -1.7480   3.2158   3.2158   6.6815   6.6815  16.0531

          k =-0.5000-0.5000 0.5000 (   410 PWs)   bands (ev):

    -3.5529  -0.9269   4.8803   4.8803   7.5023   9.3832   9.3832

          k =-1.5000-0.5000 0.5000 (   410 PWs)   bands (ev):

    -3.5529  -0.9269   4.8803   4.8803   7.5023   9.3832   9.3832

          k =-1.0000 0.0000 0.0000 (   412 PWs)   bands (ev):

    -1.7480  -1.7480   3.2158   3.2158   6.6815   6.6815  16.0531

          k =-2.0000 0.0000 0.0000 (   411 PWs)   bands (ev):

    -5.8914   6.0879   6.0879   6.0879   8.6004   8.6004   8.6004

          k = 0.0000 0.0000 1.0000 (   412 PWs)   bands (ev):

    -1.7480  -1.7480   3.2158   3.2158   6.6815   6.6815  16.0531

          k =-1.0000 0.0000 1.0000 (   412 PWs)   bands (ev):

    -1.7480  -1.7480   3.2158   3.2158   6.6815   6.6815  16.0531

          k =-0.5000 0.5000 0.5000 (   410 PWs)   bands (ev):

    -3.5529  -0.9269   4.8803   4.8803   7.5023   9.3832   9.3832

          k =-1.5000 0.5000 0.5000 (   410 PWs)   bands (ev):

    -3.5529  -0.9269   4.8803   4.8803   7.5023   9.3832   9.3832

 ------ SPIN DOWN ----------


          k = 0.0000 0.0000 0.0000 (   411 PWs)   bands (ev):

    -5.8914   6.0879   6.0879   6.0879   8.6004   8.6004   8.6004

          k =-1.0000 0.0000 0.0000 (   412 PWs)   bands (ev):

    -1.7480  -1.7480   3.2158   3.2158   6.6815   6.6815  16.0531

          k =-0.5000 0.5000-0.5000 (   410 PWs)   bands (ev):

    -3.5529  -0.9269   4.8803   4.8803   7.5023   9.3832   9.3832

          k =-1.5000 0.5000-0.5000 (   410 PWs)   bands (ev):

    -3.5529  -0.9269   4.8803   4.8803   7.5023   9.3832   9.3832

          k = 0.5000 0.5000 0.5000 (   410 PWs)   bands (ev):

    -3.5529  -0.9269   4.8803   4.8803   7.5023   9.3832   9.3832

          k =-0.5000 0.5000 0.5000 (   410 PWs)   bands (ev):

    -3.5529  -0.9269   4.8803   4.8803   7.5023   9.3832   9.3832

          k = 0.0000 1.0000 0.0000 (   412 PWs)   bands (ev):

    -1.7480  -1.7480   3.2158   3.2158   6.6815   6.6815  16.0531

          k =-1.0000 1.0000 0.0000 (   412 PWs)   bands (ev):

    -1.7480  -1.7480   3.2158   3.2158   6.6815   6.6815  16.0531

          k =-0.5000-0.5000 0.5000 (   410 PWs)   bands (ev):

    -3.5529  -0.9269   4.8803   4.8803   7.5023   9.3832   9.3832

          k =-1.5000-0.5000 0.5000 (   410 PWs)   bands (ev):

    -3.5529  -0.9269   4.8803   4.8803   7.5023   9.3832   9.3832

          k =-1.0000 0.0000 0.0000 (   412 PWs)   bands (ev):

    -1.7480  -1.7480   3.2158   3.2158   6.6815   6.6815  16.0531

          k =-2.0000 0.0000 0.0000 (   411 PWs)   bands (ev):

    -5.8914   6.0879   6.0879   6.0879   8.6004   8.6004   8.6004

          k = 0.0000 0.0000 1.0000 (   412 PWs)   bands (ev):

    -1.7480  -1.7480   3.2158   3.2158   6.6815   6.6815  16.0531

          k =-1.0000 0.0000 1.0000 (   412 PWs)   bands (ev):

    -1.7480  -1.7480   3.2158   3.2158   6.6815   6.6815  16.0531

          k =-0.5000 0.5000 0.5000 (   410 PWs)   bands (ev):

    -3.5529  -0.9269   4.8803   4.8803   7.5023   9.3832   9.3832

          k =-1.5000 0.5000 0.5000 (   410 PWs)   bands (ev):

    -3.5529  -0.9269   4.8803   4.8803   7.5023   9.3832   9.3832

     highest occupied, lowest unoccupied level (ev):     6.0879    6.6815

     Writing all to output data dir /home/colonna_n/CODES/q-e-kcw/tempdir/kcw/q6/Si.save/ :
     XML data file, pseudopotentials, collected wavefunctions

        INFO: NSCF calculation DONE

        INFO: kcw_q initialization DONE


        Start LR calculation for the wannier #  1   iq =  6   spin =  1

        SYM : iwann=     1 iq =     6 weight =   0.12500000

      iter #   1 total cpu time :    20.7 secs   av.it.:  13.4
      thresh= 1.000E-06 alpha_mix =  0.700 |ddv_scf|^2 =  5.019E-06

      iter #   2 total cpu time :    20.7 secs   av.it.:  13.6
      thresh= 1.000E-06 alpha_mix =  0.700 |ddv_scf|^2 =  1.247E-05

      iter #   3 total cpu time :    20.8 secs   av.it.:  13.2
      thresh= 1.000E-06 alpha_mix =  0.700 |ddv_scf|^2 =  5.605E-08

      iter #   4 total cpu time :    20.9 secs   av.it.:  11.9
      thresh= 1.000E-06 alpha_mix =  0.700 |ddv_scf|^2 =  2.203E-10

      iter #   5 total cpu time :    20.9 secs   av.it.:  11.4
      thresh= 1.484E-07 alpha_mix =  0.700 |ddv_scf|^2 =  3.402E-11

      iter #   6 total cpu time :    20.9 secs   av.it.:  11.2
      thresh= 5.832E-08 alpha_mix =  0.700 |ddv_scf|^2 =  5.344E-13

      iter #   7 total cpu time :    21.0 secs   av.it.:  11.4
      thresh= 7.310E-09 alpha_mix =  0.700 |ddv_scf|^2 =  6.539E-15

      iter #   8 total cpu time :    21.0 secs   av.it.:  10.8
      thresh= 8.086E-10 alpha_mix =  0.700 |ddv_scf|^2 =  5.585E-17

      iter #   9 total cpu time :    21.1 secs   av.it.:  11.2
      thresh= 7.474E-11 alpha_mix =  0.700 |ddv_scf|^2 =  1.211E-18

      iter #  10 total cpu time :    21.1 secs   av.it.:  11.2
      thresh= 1.100E-11 alpha_mix =  0.700 |ddv_scf|^2 =  4.800E-19
 (TO COMPARE with output) iq =            6 rvect=           0           0
           0 pi_q_unrelax= (7.086991232333430E-002,4.921117468656937E-020)
 (7.086991232333430E-002,4.921117468656937E-020) pi_q_relax = 
 (2.566993844183441E-002,-1.181771948214656E-009)
 (2.566993844183441E-002,-1.181771948214656E-009)
 (TO COMPARE with output) iq =            6 rvect=           0           0
           0 pi_q_unrelax= (7.086991232333430E-002,4.921117468656937E-020)
 (7.086991232333430E-002,4.921117468656937E-020) pi_q_relax = 
 (2.566993844183441E-002,-1.181771948214656E-009)
 (2.566993844183441E-002,-1.181771948214656E-009)
 (TO COMPARE with output) iq =            6 rvect=           0           0
           0 pi_q_unrelax= (7.086991232333430E-002,4.921117468656937E-020)
 (7.086991232333430E-002,4.921117468656937E-020) pi_q_relax = 
 (2.566993844183441E-002,-1.181771948214656E-009)
 (2.566993844183441E-002,-1.181771948214656E-009)
 (TO COMPARE with output) iq =            6 rvect=           0           0
           0 pi_q_unrelax= (7.086991232333430E-002,4.921117468656937E-020)
 (7.086991232333430E-002,4.921117468656937E-020) pi_q_relax = 
 (2.566993844183441E-002,-1.181771948214656E-009)
 (2.566993844183441E-002,-1.181771948214656E-009)

        iq =   6   iwann =   1   rPi_q =     0.02566994    -0.00000000   uPi_q =     0.07086991     0.00000000   SH_q =     0.03543496     0.00000000

        Start LR calculation for the wannier #  2   iq =  6   spin =  1

        SYM : iwann=     2 iq =     6 weight =   0.12500000

      iter #   1 total cpu time :    21.2 secs   av.it.:  13.4
      thresh= 1.000E-06 alpha_mix =  0.700 |ddv_scf|^2 =  5.019E-06

      iter #   2 total cpu time :    21.2 secs   av.it.:  13.6
      thresh= 1.000E-06 alpha_mix =  0.700 |ddv_scf|^2 =  1.247E-05

      iter #   3 total cpu time :    21.3 secs   av.it.:  13.2
      thresh= 1.000E-06 alpha_mix =  0.700 |ddv_scf|^2 =  5.605E-08

      iter #   4 total cpu time :    21.3 secs   av.it.:  11.9
      thresh= 1.000E-06 alpha_mix =  0.700 |ddv_scf|^2 =  2.203E-10

      iter #   5 total cpu time :    21.3 secs   av.it.:  11.3
      thresh= 1.484E-07 alpha_mix =  0.700 |ddv_scf|^2 =  3.402E-11

      iter #   6 total cpu time :    21.4 secs   av.it.:  11.2
      thresh= 5.832E-08 alpha_mix =  0.700 |ddv_scf|^2 =  5.344E-13

      iter #   7 total cpu time :    21.4 secs   av.it.:  11.4
      thresh= 7.310E-09 alpha_mix =  0.700 |ddv_scf|^2 =  6.539E-15

      iter #   8 total cpu time :    21.5 secs   av.it.:  10.8
      thresh= 8.086E-10 alpha_mix =  0.700 |ddv_scf|^2 =  5.591E-17

      iter #   9 total cpu time :    21.5 secs   av.it.:  11.2
      thresh= 7.477E-11 alpha_mix =  0.700 |ddv_scf|^2 =  1.171E-18

      iter #  10 total cpu time :    21.6 secs   av.it.:  11.2
      thresh= 1.082E-11 alpha_mix =  0.700 |ddv_scf|^2 =  3.537E-19
 (TO COMPARE with output) iq =            6 rvect=           0           0
           0 pi_q_unrelax= (7.086991033094246E-002,-1.667683552900220E-018)
 (7.086991033094246E-002,-1.667683552900220E-018) pi_q_relax = 
 (2.566993733695604E-002,-7.142883087940314E-009)
 (2.566993733695604E-002,-7.142883087940314E-009)
 (TO COMPARE with output) iq =            6 rvect=           0           0
           0 pi_q_unrelax= (7.086991033094246E-002,-1.667683552900220E-018)
 (7.086991033094246E-002,-1.667683552900220E-018) pi_q_relax = 
 (2.566993733695604E-002,-7.142883087940314E-009)
 (2.566993733695604E-002,-7.142883087940314E-009)
 (TO COMPARE with output) iq =            6 rvect=           0           0
           0 pi_q_unrelax= (7.086991033094246E-002,-1.667683552900220E-018)
 (7.086991033094246E-002,-1.667683552900220E-018) pi_q_relax = 
 (2.566993733695604E-002,-7.142883087940314E-009)
 (2.566993733695604E-002,-7.142883087940314E-009)
 (TO COMPARE with output) iq =            6 rvect=           0           0
           0 pi_q_unrelax= (7.086991033094246E-002,-1.667683552900220E-018)
 (7.086991033094246E-002,-1.667683552900220E-018) pi_q_relax = 
 (2.566993733695604E-002,-7.142883087940314E-009)
 (2.566993733695604E-002,-7.142883087940314E-009)

        iq =   6   iwann =   2   rPi_q =     0.02566994    -0.00000001   uPi_q =     0.07086991    -0.00000000   SH_q =     0.03543496     0.00000000

        Start LR calculation for the wannier #  3   iq =  6   spin =  1

        SYM : iwann=     3 iq =     6 weight =   0.12500000

      iter #   1 total cpu time :    21.6 secs   av.it.:  13.4
      thresh= 1.000E-06 alpha_mix =  0.700 |ddv_scf|^2 =  5.019E-06

      iter #   2 total cpu time :    21.7 secs   av.it.:  13.5
      thresh= 1.000E-06 alpha_mix =  0.700 |ddv_scf|^2 =  1.247E-05

      iter #   3 total cpu time :    21.7 secs   av.it.:  13.2
      thresh= 1.000E-06 alpha_mix =  0.700 |ddv_scf|^2 =  5.605E-08

      iter #   4 total cpu time :    21.8 secs   av.it.:  11.9
      thresh= 1.000E-06 alpha_mix =  0.700 |ddv_scf|^2 =  2.203E-10

      iter #   5 total cpu time :    21.8 secs   av.it.:  11.3
      thresh= 1.484E-07 alpha_mix =  0.700 |ddv_scf|^2 =  3.402E-11

      iter #   6 total cpu time :    21.9 secs   av.it.:  11.2
      thresh= 5.832E-08 alpha_mix =  0.700 |ddv_scf|^2 =  5.344E-13

      iter #   7 total cpu time :    21.9 secs   av.it.:  11.4
      thresh= 7.310E-09 alpha_mix =  0.700 |ddv_scf|^2 =  6.538E-15

      iter #   8 total cpu time :    21.9 secs   av.it.:  10.8
      thresh= 8.086E-10 alpha_mix =  0.700 |ddv_scf|^2 =  5.587E-17

      iter #   9 total cpu time :    22.0 secs   av.it.:  11.2
      thresh= 7.474E-11 alpha_mix =  0.700 |ddv_scf|^2 =  1.254E-18

      iter #  10 total cpu time :    22.0 secs   av.it.:  11.2
      thresh= 1.120E-11 alpha_mix =  0.700 |ddv_scf|^2 =  6.339E-19
 (TO COMPARE with output) iq =            6 rvect=           0           0
           0 pi_q_unrelax= (7.086992809785722E-002,-4.739868507829826E-019)
 (7.086992809785722E-002,-4.739868507829826E-019) pi_q_relax = 
 (2.566994115221578E-002,8.630763305194207E-009)
 (2.566994115221578E-002,8.630763305194207E-009)
 (TO COMPARE with output) iq =            6 rvect=           0           0
           0 pi_q_unrelax= (7.086992809785722E-002,-4.739868507829826E-019)
 (7.086992809785722E-002,-4.739868507829826E-019) pi_q_relax = 
 (2.566994115221578E-002,8.630763305194207E-009)
 (2.566994115221578E-002,8.630763305194207E-009)
 (TO COMPARE with output) iq =            6 rvect=           0           0
           0 pi_q_unrelax= (7.086992809785722E-002,-4.739868507829826E-019)
 (7.086992809785722E-002,-4.739868507829826E-019) pi_q_relax = 
 (2.566994115221578E-002,8.630763305194207E-009)
 (2.566994115221578E-002,8.630763305194207E-009)
 (TO COMPARE with output) iq =            6 rvect=           0           0
           0 pi_q_unrelax= (7.086992809785722E-002,-4.739868507829826E-019)
 (7.086992809785722E-002,-4.739868507829826E-019) pi_q_relax = 
 (2.566994115221578E-002,8.630763305194207E-009)
 (2.566994115221578E-002,8.630763305194207E-009)

        iq =   6   iwann =   3   rPi_q =     0.02566994     0.00000001   uPi_q =     0.07086993     0.00000000   SH_q =     0.03543496     0.00000000

        Start LR calculation for the wannier #  4   iq =  6   spin =  1

        SYM : iwann=     4 iq =     6 weight =   0.12500000

      iter #   1 total cpu time :    22.1 secs   av.it.:  13.4
      thresh= 1.000E-06 alpha_mix =  0.700 |ddv_scf|^2 =  5.019E-06

      iter #   2 total cpu time :    22.2 secs   av.it.:  13.6
      thresh= 1.000E-06 alpha_mix =  0.700 |ddv_scf|^2 =  1.247E-05

      iter #   3 total cpu time :    22.2 secs   av.it.:  13.2
      thresh= 1.000E-06 alpha_mix =  0.700 |ddv_scf|^2 =  5.605E-08

      iter #   4 total cpu time :    22.3 secs   av.it.:  11.9
      thresh= 1.000E-06 alpha_mix =  0.700 |ddv_scf|^2 =  2.203E-10

      iter #   5 total cpu time :    22.3 secs   av.it.:  11.3
      thresh= 1.484E-07 alpha_mix =  0.700 |ddv_scf|^2 =  3.402E-11

      iter #   6 total cpu time :    22.3 secs   av.it.:  11.2
      thresh= 5.832E-08 alpha_mix =  0.700 |ddv_scf|^2 =  5.344E-13

      iter #   7 total cpu time :    22.4 secs   av.it.:  11.4
      thresh= 7.310E-09 alpha_mix =  0.700 |ddv_scf|^2 =  6.538E-15

      iter #   8 total cpu time :    22.4 secs   av.it.:  10.8
      thresh= 8.086E-10 alpha_mix =  0.700 |ddv_scf|^2 =  5.615E-17

      iter #   9 total cpu time :    22.5 secs   av.it.:  11.2
      thresh= 7.494E-11 alpha_mix =  0.700 |ddv_scf|^2 =  1.068E-18

      iter #  10 total cpu time :    22.5 secs   av.it.:  11.2
      thresh= 1.034E-11 alpha_mix =  0.700 |ddv_scf|^2 =  4.580E-20
 (TO COMPARE with output) iq =            6 rvect=           0           0
           0 pi_q_unrelax= (7.086991410681229E-002,2.123220911179726E-018)
 (7.086991410681229E-002,2.123220911179726E-018) pi_q_relax = 
 (2.566994017762191E-002,4.814980053317785E-009)
 (2.566994017762191E-002,4.814980053317785E-009)
 (TO COMPARE with output) iq =            6 rvect=           0           0
           0 pi_q_unrelax= (7.086991410681229E-002,2.123220911179726E-018)
 (7.086991410681229E-002,2.123220911179726E-018) pi_q_relax = 
 (2.566994017762191E-002,4.814980053317785E-009)
 (2.566994017762191E-002,4.814980053317785E-009)
 (TO COMPARE with output) iq =            6 rvect=           0           0
           0 pi_q_unrelax= (7.086991410681229E-002,2.123220911179726E-018)
 (7.086991410681229E-002,2.123220911179726E-018) pi_q_relax = 
 (2.566994017762191E-002,4.814980053317785E-009)
 (2.566994017762191E-002,4.814980053317785E-009)
 (TO COMPARE with output) iq =            6 rvect=           0           0
           0 pi_q_unrelax= (7.086991410681229E-002,2.123220911179726E-018)
 (7.086991410681229E-002,2.123220911179726E-018) pi_q_relax = 
 (2.566994017762191E-002,4.814980053317785E-009)
 (2.566994017762191E-002,4.814980053317785E-009)

        iq =   6   iwann =   4   rPi_q =     0.02566994     0.00000000   uPi_q =     0.07086991     0.00000000   SH_q =     0.03543496     0.00000000

        Start LR calculation for the wannier #  5   iq =  6   spin =  1

        SYM : iwann=     5 iq =     6 weight =   0.12500000

      iter #   1 total cpu time :    22.6 secs   av.it.:  13.4
      thresh= 1.000E-06 alpha_mix =  0.700 |ddv_scf|^2 =  5.019E-06

      iter #   2 total cpu time :    22.6 secs   av.it.:  13.6
      thresh= 1.000E-06 alpha_mix =  0.700 |ddv_scf|^2 =  1.247E-05

      iter #   3 total cpu time :    22.7 secs   av.it.:  13.2
      thresh= 1.000E-06 alpha_mix =  0.700 |ddv_scf|^2 =  5.605E-08

      iter #   4 total cpu time :    22.7 secs   av.it.:  11.9
      thresh= 1.000E-06 alpha_mix =  0.700 |ddv_scf|^2 =  2.203E-10

      iter #   5 total cpu time :    22.7 secs   av.it.:  11.3
      thresh= 1.484E-07 alpha_mix =  0.700 |ddv_scf|^2 =  3.402E-11

      iter #   6 total cpu time :    22.8 secs   av.it.:  11.2
      thresh= 5.832E-08 alpha_mix =  0.700 |ddv_scf|^2 =  5.344E-13

      iter #   7 total cpu time :    22.8 secs   av.it.:  11.4
      thresh= 7.310E-09 alpha_mix =  0.700 |ddv_scf|^2 =  6.539E-15

      iter #   8 total cpu time :    22.9 secs   av.it.:  10.8
      thresh= 8.086E-10 alpha_mix =  0.700 |ddv_scf|^2 =  5.587E-17

      iter #   9 total cpu time :    22.9 secs   av.it.:  11.2
      thresh= 7.474E-11 alpha_mix =  0.700 |ddv_scf|^2 =  1.203E-18

      iter #  10 total cpu time :    22.9 secs   av.it.:  11.2
      thresh= 1.097E-11 alpha_mix =  0.700 |ddv_scf|^2 =  4.560E-19
 (TO COMPARE with output) iq =            6 rvect=           0           0
           0 pi_q_unrelax= (7.086991008828661E-002,-1.462963889066115E-018)
 (7.086991008828661E-002,-1.462963889066115E-018) pi_q_relax = 
 (2.566993678570972E-002,7.143806954470146E-010)
 (2.566993678570972E-002,7.143806954470146E-010)
 (TO COMPARE with output) iq =            6 rvect=           0           0
           0 pi_q_unrelax= (7.086991008828661E-002,-1.462963889066115E-018)
 (7.086991008828661E-002,-1.462963889066115E-018) pi_q_relax = 
 (2.566993678570972E-002,7.143806954470146E-010)
 (2.566993678570972E-002,7.143806954470146E-010)
 (TO COMPARE with output) iq =            6 rvect=           0           0
           0 pi_q_unrelax= (7.086991008828661E-002,-1.462963889066115E-018)
 (7.086991008828661E-002,-1.462963889066115E-018) pi_q_relax = 
 (2.566993678570972E-002,7.143806954470146E-010)
 (2.566993678570972E-002,7.143806954470146E-010)
 (TO COMPARE with output) iq =            6 rvect=           0           0
           0 pi_q_unrelax= (7.086991008828661E-002,-1.462963889066115E-018)
 (7.086991008828661E-002,-1.462963889066115E-018) pi_q_relax = 
 (2.566993678570972E-002,7.143806954470146E-010)
 (2.566993678570972E-002,7.143806954470146E-010)

        iq =   6   iwann =   5   rPi_q =     0.02566994     0.00000000   uPi_q =     0.07086991     0.00000000   SH_q =     0.03543496     0.00000000

        Start LR calculation for the wannier #  6   iq =  6   spin =  1

        SYM : iwann=     6 iq =     6 weight =   0.12500000

      iter #   1 total cpu time :    23.0 secs   av.it.:  13.4
      thresh= 1.000E-06 alpha_mix =  0.700 |ddv_scf|^2 =  5.019E-06

      iter #   2 total cpu time :    23.1 secs   av.it.:  13.7
      thresh= 1.000E-06 alpha_mix =  0.700 |ddv_scf|^2 =  1.247E-05

      iter #   3 total cpu time :    23.1 secs   av.it.:  13.2
      thresh= 1.000E-06 alpha_mix =  0.700 |ddv_scf|^2 =  5.605E-08

      iter #   4 total cpu time :    23.2 secs   av.it.:  11.9
      thresh= 1.000E-06 alpha_mix =  0.700 |ddv_scf|^2 =  2.203E-10

      iter #   5 total cpu time :    23.2 secs   av.it.:  11.3
      thresh= 1.484E-07 alpha_mix =  0.700 |ddv_scf|^2 =  3.402E-11

      iter #   6 total cpu time :    23.2 secs   av.it.:  11.2
      thresh= 5.832E-08 alpha_mix =  0.700 |ddv_scf|^2 =  5.344E-13

      iter #   7 total cpu time :    23.3 secs   av.it.:  11.4
      thresh= 7.310E-09 alpha_mix =  0.700 |ddv_scf|^2 =  6.540E-15

      iter #   8 total cpu time :    23.3 secs   av.it.:  10.8
      thresh= 8.087E-10 alpha_mix =  0.700 |ddv_scf|^2 =  5.596E-17

      iter #   9 total cpu time :    23.4 secs   av.it.:  11.2
      thresh= 7.480E-11 alpha_mix =  0.700 |ddv_scf|^2 =  1.139E-18

      iter #  10 total cpu time :    23.4 secs   av.it.:  11.2
      thresh= 1.067E-11 alpha_mix =  0.700 |ddv_scf|^2 =  2.485E-19
 (TO COMPARE with output) iq =            6 rvect=           0           0
           0 pi_q_unrelax= (7.086990557606136E-002,1.981828987111125E-018)
 (7.086990557606136E-002,1.981828987111125E-018) pi_q_relax = 
 (2.566993655698634E-002,2.736016614950068E-009)
 (2.566993655698634E-002,2.736016614950068E-009)
 (TO COMPARE with output) iq =            6 rvect=           0           0
           0 pi_q_unrelax= (7.086990557606136E-002,1.981828987111125E-018)
 (7.086990557606136E-002,1.981828987111125E-018) pi_q_relax = 
 (2.566993655698634E-002,2.736016614950068E-009)
 (2.566993655698634E-002,2.736016614950068E-009)
 (TO COMPARE with output) iq =            6 rvect=           0           0
           0 pi_q_unrelax= (7.086990557606136E-002,1.981828987111125E-018)
 (7.086990557606136E-002,1.981828987111125E-018) pi_q_relax = 
 (2.566993655698634E-002,2.736016614950068E-009)
 (2.566993655698634E-002,2.736016614950068E-009)
 (TO COMPARE with output) iq =            6 rvect=           0           0
           0 pi_q_unrelax= (7.086990557606136E-002,1.981828987111125E-018)
 (7.086990557606136E-002,1.981828987111125E-018) pi_q_relax = 
 (2.566993655698634E-002,2.736016614950068E-009)
 (2.566993655698634E-002,2.736016614950068E-009)

        iq =   6   iwann =   6   rPi_q =     0.02566994     0.00000000   uPi_q =     0.07086991    -0.00000000   SH_q =     0.03543495     0.00000000

        Start LR calculation for the wannier #  7   iq =  6   spin =  1

        SYM : iwann=     7 iq =     6 weight =   0.12500000

      iter #   1 total cpu time :    23.5 secs   av.it.:  13.4
      thresh= 1.000E-06 alpha_mix =  0.700 |ddv_scf|^2 =  5.019E-06

      iter #   2 total cpu time :    23.5 secs   av.it.:  13.7
      thresh= 1.000E-06 alpha_mix =  0.700 |ddv_scf|^2 =  1.247E-05

      iter #   3 total cpu time :    23.6 secs   av.it.:  13.2
      thresh= 1.000E-06 alpha_mix =  0.700 |ddv_scf|^2 =  5.605E-08

      iter #   4 total cpu time :    23.6 secs   av.it.:  11.9
      thresh= 1.000E-06 alpha_mix =  0.700 |ddv_scf|^2 =  2.203E-10

      iter #   5 total cpu time :    23.7 secs   av.it.:  11.3
      thresh= 1.484E-07 alpha_mix =  0.700 |ddv_scf|^2 =  3.402E-11

      iter #   6 total cpu time :    23.7 secs   av.it.:  11.2
      thresh= 5.832E-08 alpha_mix =  0.700 |ddv_scf|^2 =  5.344E-13

      iter #   7 total cpu time :    23.7 secs   av.it.:  11.4
      thresh= 7.310E-09 alpha_mix =  0.700 |ddv_scf|^2 =  6.538E-15

      iter #   8 total cpu time :    23.8 secs   av.it.:  10.8
      thresh= 8.086E-10 alpha_mix =  0.700 |ddv_scf|^2 =  5.627E-17

      iter #   9 total cpu time :    23.8 secs   av.it.:  11.2
      thresh= 7.501E-11 alpha_mix =  0.700 |ddv_scf|^2 =  1.090E-18

      iter #  10 total cpu time :    23.9 secs   av.it.:  11.2
      thresh= 1.044E-11 alpha_mix =  0.700 |ddv_scf|^2 =  1.374E-19
 (TO COMPARE with output) iq =            6 rvect=           0           0
           0 pi_q_unrelax= (7.086991403374815E-002,2.429311114356879E-018)
 (7.086991403374815E-002,2.429311114356879E-018) pi_q_relax = 
 (2.566994024503216E-002,-9.105801291625457E-009)
 (2.566994024503216E-002,-9.105801291625457E-009)
 (TO COMPARE with output) iq =            6 rvect=           0           0
           0 pi_q_unrelax= (7.086991403374815E-002,2.429311114356879E-018)
 (7.086991403374815E-002,2.429311114356879E-018) pi_q_relax = 
 (2.566994024503216E-002,-9.105801291625457E-009)
 (2.566994024503216E-002,-9.105801291625457E-009)
 (TO COMPARE with output) iq =            6 rvect=           0           0
           0 pi_q_unrelax= (7.086991403374815E-002,2.429311114356879E-018)
 (7.086991403374815E-002,2.429311114356879E-018) pi_q_relax = 
 (2.566994024503216E-002,-9.105801291625457E-009)
 (2.566994024503216E-002,-9.105801291625457E-009)
 (TO COMPARE with output) iq =            6 rvect=           0           0
           0 pi_q_unrelax= (7.086991403374815E-002,2.429311114356879E-018)
 (7.086991403374815E-002,2.429311114356879E-018) pi_q_relax = 
 (2.566994024503216E-002,-9.105801291625457E-009)
 (2.566994024503216E-002,-9.105801291625457E-009)

        iq =   6   iwann =   7   rPi_q =     0.02566994    -0.00000001   uPi_q =     0.07086991    -0.00000000   SH_q =     0.03543496     0.00000000

        Start LR calculation for the wannier #  8   iq =  6   spin =  1

        SYM : iwann=     8 iq =     6 weight =   0.12500000

      iter #   1 total cpu time :    23.9 secs   av.it.:  13.4
      thresh= 1.000E-06 alpha_mix =  0.700 |ddv_scf|^2 =  5.019E-06

      iter #   2 total cpu time :    24.0 secs   av.it.:  13.7
      thresh= 1.000E-06 alpha_mix =  0.700 |ddv_scf|^2 =  1.247E-05

      iter #   3 total cpu time :    24.0 secs   av.it.:  13.2
      thresh= 1.000E-06 alpha_mix =  0.700 |ddv_scf|^2 =  5.605E-08

      iter #   4 total cpu time :    24.1 secs   av.it.:  11.9
      thresh= 1.000E-06 alpha_mix =  0.700 |ddv_scf|^2 =  2.203E-10

      iter #   5 total cpu time :    24.1 secs   av.it.:  11.4
      thresh= 1.484E-07 alpha_mix =  0.700 |ddv_scf|^2 =  3.402E-11

      iter #   6 total cpu time :    24.2 secs   av.it.:  11.2
      thresh= 5.832E-08 alpha_mix =  0.700 |ddv_scf|^2 =  5.344E-13

      iter #   7 total cpu time :    24.2 secs   av.it.:  11.4
      thresh= 7.310E-09 alpha_mix =  0.700 |ddv_scf|^2 =  6.539E-15

      iter #   8 total cpu time :    24.2 secs   av.it.:  10.8
      thresh= 8.086E-10 alpha_mix =  0.700 |ddv_scf|^2 =  5.592E-17

      iter #   9 total cpu time :    24.3 secs   av.it.:  11.2
      thresh= 7.478E-11 alpha_mix =  0.700 |ddv_scf|^2 =  1.154E-18

      iter #  10 total cpu time :    24.3 secs   av.it.:  11.2
      thresh= 1.074E-11 alpha_mix =  0.700 |ddv_scf|^2 =  2.964E-19
 (TO COMPARE with output) iq =            6 rvect=           0           0
           0 pi_q_unrelax= (7.086992203979675E-002,-1.033715761515559E-018)
 (7.086992203979675E-002,-1.033715761515559E-018) pi_q_relax = 
 (2.566993963523291E-002,2.647460375505701E-009)
 (2.566993963523291E-002,2.647460375505701E-009)
 (TO COMPARE with output) iq =            6 rvect=           0           0
           0 pi_q_unrelax= (7.086992203979675E-002,-1.033715761515559E-018)
 (7.086992203979675E-002,-1.033715761515559E-018) pi_q_relax = 
 (2.566993963523291E-002,2.647460375505701E-009)
 (2.566993963523291E-002,2.647460375505701E-009)
 (TO COMPARE with output) iq =            6 rvect=           0           0
           0 pi_q_unrelax= (7.086992203979675E-002,-1.033715761515559E-018)
 (7.086992203979675E-002,-1.033715761515559E-018) pi_q_relax = 
 (2.566993963523291E-002,2.647460375505701E-009)
 (2.566993963523291E-002,2.647460375505701E-009)
 (TO COMPARE with output) iq =            6 rvect=           0           0
           0 pi_q_unrelax= (7.086992203979675E-002,-1.033715761515559E-018)
 (7.086992203979675E-002,-1.033715761515559E-018) pi_q_relax = 
 (2.566993963523291E-002,2.647460375505701E-009)
 (2.566993963523291E-002,2.647460375505701E-009)

        iq =   6   iwann =   8   rPi_q =     0.02566994     0.00000000   uPi_q =     0.07086992     0.00000000   SH_q =     0.03543496     0.00000000


     ==============================================================================
     Calculation of q =    0.0000000   0.0000000   1.0000000  [Cart ]
     Calculation of q =    0.5000000   0.5000000   0.0000000  [Cryst]
     ==============================================================================

        INFO: prepare_q DONE

        INFO: rhowan_q(r) RETRIEVED

 
     Parallelization info
     --------------------
     sticks:   dense  smooth     PW     G-vecs:    dense   smooth      PW
     Min          73      73     30                  821      821     216
     Max          74      74     31                  823      823     218
     Sum         295     295    121                 3287     3287     869
 
     Using Slab Decomposition
 

     Title: 
     W2K Silicon                                                                


     bravais-lattice index     =            2
     lattice parameter (alat)  =      10.2631  a.u.
     unit-cell volume          =     270.2564 (a.u.)^3
     number of atoms/cell      =            2
     number of atomic types    =            1
     number of electrons       =         8.00 (up:   4.00, down:   4.00)
     number of Kohn-Sham states=            7
     kinetic-energy cutoff     =      20.0000  Ry
     charge density cutoff     =      80.0000  Ry
     Exchange-correlation= PW
                           (   1   4   0   0   0   0   0)

     celldm(1)=  10.263102  celldm(2)=   0.000000  celldm(3)=   0.000000
     celldm(4)=   0.000000  celldm(5)=   0.000000  celldm(6)=   0.000000

     crystal axes: (cart. coord. in units of alat)
               a(1) = (  -0.500000   0.000000   0.500000 )  
               a(2) = (   0.000000   0.500000   0.500000 )  
               a(3) = (  -0.500000   0.500000   0.000000 )  

     reciprocal axes: (cart. coord. in units 2 pi/alat)
               b(1) = ( -1.000000 -1.000000  1.000000 )  
               b(2) = (  1.000000  1.000000  1.000000 )  
               b(3) = ( -1.000000  1.000000 -1.000000 )  


     PseudoPot. # 1 for Si read from file:
     /home/colonna_n/CODES/q-e-kcw/pseudo/Si.upf
     MD5 check sum: 9e2d726316af3d4752eea8ab0afbb951
     Pseudo is Norm-conserving + core correction, Zval =  4.0
     Generated using ONCVPSP code by D. R. Hamann
     Using radial grid of 1510 points,  6 beta functions with: 
                l(1) =   0
                l(2) =   0
                l(3) =   1
                l(4) =   1
                l(5) =   2
                l(6) =   2

     atomic species   valence    mass     pseudopotential
     Si                4.00    28.08500     Si( 1.00)

     Starting magnetic structure 
     atomic species   magnetization
     Si              0.000

     48 Sym. Ops., with inversion, found



   Cartesian axes

     site n.     atom                  positions (alat units)
         1        Si     tau(   1) = (   0.0000000   0.0000000   0.0000000  )
         2        Si     tau(   2) = (  -0.2500000   0.2500000   0.2500000  )

     number of k points=    16
                       cart. coord. in units 2pi/alat
        k(    1) = (   0.0000000   0.0000000   0.0000000), wk =   0.1250000
        k(    2) = (   0.0000000   0.0000000   1.0000000), wk =   0.0000000
        k(    3) = (  -0.5000000   0.5000000  -0.5000000), wk =   0.1250000
        k(    4) = (  -0.5000000   0.5000000   0.5000000), wk =   0.0000000
        k(    5) = (   0.5000000   0.5000000   0.5000000), wk =   0.1250000
        k(    6) = (   0.5000000   0.5000000   1.5000000), wk =   0.0000000
        k(    7) = (   0.0000000   1.0000000   0.0000000), wk =   0.1250000
        k(    8) = (   0.0000000   1.0000000   1.0000000), wk =   0.0000000
        k(    9) = (  -0.5000000  -0.5000000   0.5000000), wk =   0.1250000
        k(   10) = (  -0.5000000  -0.5000000   1.5000000), wk =   0.0000000
        k(   11) = (  -1.0000000   0.0000000   0.0000000), wk =   0.1250000
        k(   12) = (  -1.0000000   0.0000000   1.0000000), wk =   0.0000000
        k(   13) = (   0.0000000   0.0000000   1.0000000), wk =   0.1250000
        k(   14) = (   0.0000000   0.0000000   2.0000000), wk =   0.0000000
        k(   15) = (  -0.5000000   0.5000000   0.5000000), wk =   0.1250000
        k(   16) = (  -0.5000000   0.5000000   1.5000000), wk =   0.0000000

     Dense  grid:     3287 G-vectors     FFT dimensions: (  24,  24,  24)

     Estimated max dynamical RAM per process >       1.45 MB

     Estimated total dynamical RAM >       5.78 MB

     The potential is recalculated from file :
     /home/colonna_n/CODES/q-e-kcw/tempdir/kcw/q7/Si.save/charge-density

     Starting wfcs are    8 atomic wfcs

     Band Structure Calculation
     Davidson diagonalization with overlap

     ethr =  1.25E-10,  avg # of iterations = 10.6

     total cpu time spent up to now is       -1.0 secs

     End of band structure calculation

 ------ SPIN UP ------------


          k = 0.0000 0.0000 0.0000 (   411 PWs)   bands (ev):

    -5.8914   6.0879   6.0879   6.0879   8.6004   8.6004   8.6004

          k = 0.0000 0.0000 1.0000 (   412 PWs)   bands (ev):

    -1.7480  -1.7480   3.2158   3.2158   6.6815   6.6815  16.0531

          k =-0.5000 0.5000-0.5000 (   410 PWs)   bands (ev):

    -3.5529  -0.9269   4.8803   4.8803   7.5023   9.3832   9.3832

          k =-0.5000 0.5000 0.5000 (   410 PWs)   bands (ev):

    -3.5529  -0.9269   4.8803   4.8803   7.5023   9.3832   9.3832

          k = 0.5000 0.5000 0.5000 (   410 PWs)   bands (ev):

    -3.5529  -0.9269   4.8803   4.8803   7.5023   9.3832   9.3832

          k = 0.5000 0.5000 1.5000 (   410 PWs)   bands (ev):

    -3.5529  -0.9269   4.8803   4.8803   7.5023   9.3832   9.3832

          k = 0.0000 1.0000 0.0000 (   412 PWs)   bands (ev):

    -1.7480  -1.7480   3.2158   3.2158   6.6815   6.6815  16.0531

          k = 0.0000 1.0000 1.0000 (   412 PWs)   bands (ev):

    -1.7480  -1.7480   3.2158   3.2158   6.6815   6.6815  16.0531

          k =-0.5000-0.5000 0.5000 (   410 PWs)   bands (ev):

    -3.5529  -0.9269   4.8803   4.8803   7.5023   9.3832   9.3832

          k =-0.5000-0.5000 1.5000 (   410 PWs)   bands (ev):

    -3.5529  -0.9269   4.8803   4.8803   7.5023   9.3832   9.3832

          k =-1.0000 0.0000 0.0000 (   412 PWs)   bands (ev):

    -1.7480  -1.7480   3.2158   3.2158   6.6815   6.6815  16.0531

          k =-1.0000 0.0000 1.0000 (   412 PWs)   bands (ev):

    -1.7480  -1.7480   3.2158   3.2158   6.6815   6.6815  16.0531

          k = 0.0000 0.0000 1.0000 (   412 PWs)   bands (ev):

    -1.7480  -1.7480   3.2158   3.2158   6.6815   6.6815  16.0531

          k = 0.0000 0.0000 2.0000 (   411 PWs)   bands (ev):

    -5.8914   6.0879   6.0879   6.0879   8.6004   8.6004   8.6004

          k =-0.5000 0.5000 0.5000 (   410 PWs)   bands (ev):

    -3.5529  -0.9269   4.8803   4.8803   7.5023   9.3832   9.3832

          k =-0.5000 0.5000 1.5000 (   410 PWs)   bands (ev):

    -3.5529  -0.9269   4.8803   4.8803   7.5023   9.3832   9.3832

 ------ SPIN DOWN ----------


          k = 0.0000 0.0000 0.0000 (   411 PWs)   bands (ev):

    -5.8914   6.0879   6.0879   6.0879   8.6004   8.6004   8.6004

          k = 0.0000 0.0000 1.0000 (   412 PWs)   bands (ev):

    -1.7480  -1.7480   3.2158   3.2158   6.6815   6.6815  16.0531

          k =-0.5000 0.5000-0.5000 (   410 PWs)   bands (ev):

    -3.5529  -0.9269   4.8803   4.8803   7.5023   9.3832   9.3832

          k =-0.5000 0.5000 0.5000 (   410 PWs)   bands (ev):

    -3.5529  -0.9269   4.8803   4.8803   7.5023   9.3832   9.3832

          k = 0.5000 0.5000 0.5000 (   410 PWs)   bands (ev):

    -3.5529  -0.9269   4.8803   4.8803   7.5023   9.3832   9.3832

          k = 0.5000 0.5000 1.5000 (   410 PWs)   bands (ev):

    -3.5529  -0.9269   4.8803   4.8803   7.5023   9.3832   9.3832

          k = 0.0000 1.0000 0.0000 (   412 PWs)   bands (ev):

    -1.7480  -1.7480   3.2158   3.2158   6.6815   6.6815  16.0531

          k = 0.0000 1.0000 1.0000 (   412 PWs)   bands (ev):

    -1.7480  -1.7480   3.2158   3.2158   6.6815   6.6815  16.0531

          k =-0.5000-0.5000 0.5000 (   410 PWs)   bands (ev):

    -3.5529  -0.9269   4.8803   4.8803   7.5023   9.3832   9.3832

          k =-0.5000-0.5000 1.5000 (   410 PWs)   bands (ev):

    -3.5529  -0.9269   4.8803   4.8803   7.5023   9.3832   9.3832

          k =-1.0000 0.0000 0.0000 (   412 PWs)   bands (ev):

    -1.7480  -1.7480   3.2158   3.2158   6.6815   6.6815  16.0531

          k =-1.0000 0.0000 1.0000 (   412 PWs)   bands (ev):

    -1.7480  -1.7480   3.2158   3.2158   6.6815   6.6815  16.0531

          k = 0.0000 0.0000 1.0000 (   412 PWs)   bands (ev):

    -1.7480  -1.7480   3.2158   3.2158   6.6815   6.6815  16.0531

          k = 0.0000 0.0000 2.0000 (   411 PWs)   bands (ev):

    -5.8914   6.0879   6.0879   6.0879   8.6004   8.6004   8.6004

          k =-0.5000 0.5000 0.5000 (   410 PWs)   bands (ev):

    -3.5529  -0.9269   4.8803   4.8803   7.5023   9.3832   9.3832

          k =-0.5000 0.5000 1.5000 (   410 PWs)   bands (ev):

    -3.5529  -0.9269   4.8803   4.8803   7.5023   9.3832   9.3832

     highest occupied, lowest unoccupied level (ev):     6.0879    6.6815

     Writing all to output data dir /home/colonna_n/CODES/q-e-kcw/tempdir/kcw/q7/Si.save/ :
     XML data file, pseudopotentials, collected wavefunctions

        INFO: NSCF calculation DONE

        INFO: kcw_q initialization DONE


        Start LR calculation for the wannier #  1   iq =  7   spin =  1

        SYM : iwann=     1 iq =     7 weight =   0.12500000

      iter #   1 total cpu time :    24.5 secs   av.it.:  13.4
      thresh= 1.000E-06 alpha_mix =  0.700 |ddv_scf|^2 =  5.019E-06

      iter #   2 total cpu time :    24.6 secs   av.it.:  13.6
      thresh= 1.000E-06 alpha_mix =  0.700 |ddv_scf|^2 =  1.247E-05

      iter #   3 total cpu time :    24.6 secs   av.it.:  13.2
      thresh= 1.000E-06 alpha_mix =  0.700 |ddv_scf|^2 =  5.605E-08

      iter #   4 total cpu time :    24.7 secs   av.it.:  11.9
      thresh= 1.000E-06 alpha_mix =  0.700 |ddv_scf|^2 =  2.203E-10

      iter #   5 total cpu time :    24.7 secs   av.it.:  11.4
      thresh= 1.484E-07 alpha_mix =  0.700 |ddv_scf|^2 =  3.402E-11

      iter #   6 total cpu time :    24.8 secs   av.it.:  11.2
      thresh= 5.832E-08 alpha_mix =  0.700 |ddv_scf|^2 =  5.344E-13

      iter #   7 total cpu time :    24.8 secs   av.it.:  11.4
      thresh= 7.310E-09 alpha_mix =  0.700 |ddv_scf|^2 =  6.538E-15

      iter #   8 total cpu time :    24.9 secs   av.it.:  10.9
      thresh= 8.086E-10 alpha_mix =  0.700 |ddv_scf|^2 =  5.603E-17

      iter #   9 total cpu time :    24.9 secs   av.it.:  11.2
      thresh= 7.486E-11 alpha_mix =  0.700 |ddv_scf|^2 =  1.085E-18

      iter #  10 total cpu time :    24.9 secs   av.it.:  11.3
      thresh= 1.042E-11 alpha_mix =  0.700 |ddv_scf|^2 =  8.158E-20
 (TO COMPARE with output) iq =            7 rvect=           0           0
           0 pi_q_unrelax= (7.086991825039912E-002,8.046491882571462E-019)
 (7.086991825039912E-002,8.046491882571462E-019) pi_q_relax = 
 (2.566993966614079E-002,-3.079580971516575E-009)
 (2.566993966614079E-002,-3.079580971516575E-009)
 (TO COMPARE with output) iq =            7 rvect=           0           0
           0 pi_q_unrelax= (7.086991825039912E-002,8.046491882571462E-019)
 (7.086991825039912E-002,8.046491882571462E-019) pi_q_relax = 
 (2.566993966614079E-002,-3.079580971516575E-009)
 (2.566993966614079E-002,-3.079580971516575E-009)
 (TO COMPARE with output) iq =            7 rvect=           0           0
           0 pi_q_unrelax= (7.086991825039912E-002,8.046491882571462E-019)
 (7.086991825039912E-002,8.046491882571462E-019) pi_q_relax = 
 (2.566993966614079E-002,-3.079580971516575E-009)
 (2.566993966614079E-002,-3.079580971516575E-009)
 (TO COMPARE with output) iq =            7 rvect=           0           0
           0 pi_q_unrelax= (7.086991825039912E-002,8.046491882571462E-019)
 (7.086991825039912E-002,8.046491882571462E-019) pi_q_relax = 
 (2.566993966614079E-002,-3.079580971516575E-009)
 (2.566993966614079E-002,-3.079580971516575E-009)

        iq =   7   iwann =   1   rPi_q =     0.02566994    -0.00000000   uPi_q =     0.07086992    -0.00000000   SH_q =     0.03543496    -0.00000000

        Start LR calculation for the wannier #  2   iq =  7   spin =  1

        SYM : iwann=     2 iq =     7 weight =   0.12500000

      iter #   1 total cpu time :    25.0 secs   av.it.:  13.4
      thresh= 1.000E-06 alpha_mix =  0.700 |ddv_scf|^2 =  5.019E-06

      iter #   2 total cpu time :    25.0 secs   av.it.:  13.6
      thresh= 1.000E-06 alpha_mix =  0.700 |ddv_scf|^2 =  1.247E-05

      iter #   3 total cpu time :    25.1 secs   av.it.:  13.2
      thresh= 1.000E-06 alpha_mix =  0.700 |ddv_scf|^2 =  5.605E-08

      iter #   4 total cpu time :    25.1 secs   av.it.:  11.9
      thresh= 1.000E-06 alpha_mix =  0.700 |ddv_scf|^2 =  2.203E-10

      iter #   5 total cpu time :    25.2 secs   av.it.:  11.4
      thresh= 1.484E-07 alpha_mix =  0.700 |ddv_scf|^2 =  3.402E-11

      iter #   6 total cpu time :    25.2 secs   av.it.:  11.2
      thresh= 5.832E-08 alpha_mix =  0.700 |ddv_scf|^2 =  5.344E-13

      iter #   7 total cpu time :    25.3 secs   av.it.:  11.4
      thresh= 7.310E-09 alpha_mix =  0.700 |ddv_scf|^2 =  6.538E-15

      iter #   8 total cpu time :    25.3 secs   av.it.:  10.8
      thresh= 8.086E-10 alpha_mix =  0.700 |ddv_scf|^2 =  5.599E-17

      iter #   9 total cpu time :    25.3 secs   av.it.:  11.2
      thresh= 7.483E-11 alpha_mix =  0.700 |ddv_scf|^2 =  1.114E-18

      iter #  10 total cpu time :    25.4 secs   av.it.:  11.3
      thresh= 1.055E-11 alpha_mix =  0.700 |ddv_scf|^2 =  1.715E-19
 (TO COMPARE with output) iq =            7 rvect=           0           0
           0 pi_q_unrelax= (7.086990821010525E-002,2.797073904055317E-018)
 (7.086990821010525E-002,2.797073904055317E-018) pi_q_relax = 
 (2.566993767452283E-002,9.591228239161878E-010)
 (2.566993767452283E-002,9.591228239161878E-010)
 (TO COMPARE with output) iq =            7 rvect=           0           0
           0 pi_q_unrelax= (7.086990821010525E-002,2.797073904055317E-018)
 (7.086990821010525E-002,2.797073904055317E-018) pi_q_relax = 
 (2.566993767452283E-002,9.591228239161878E-010)
 (2.566993767452283E-002,9.591228239161878E-010)
 (TO COMPARE with output) iq =            7 rvect=           0           0
           0 pi_q_unrelax= (7.086990821010525E-002,2.797073904055317E-018)
 (7.086990821010525E-002,2.797073904055317E-018) pi_q_relax = 
 (2.566993767452283E-002,9.591228239161878E-010)
 (2.566993767452283E-002,9.591228239161878E-010)
 (TO COMPARE with output) iq =            7 rvect=           0           0
           0 pi_q_unrelax= (7.086990821010525E-002,2.797073904055317E-018)
 (7.086990821010525E-002,2.797073904055317E-018) pi_q_relax = 
 (2.566993767452283E-002,9.591228239161878E-010)
 (2.566993767452283E-002,9.591228239161878E-010)

        iq =   7   iwann =   2   rPi_q =     0.02566994     0.00000000   uPi_q =     0.07086991    -0.00000000   SH_q =     0.03543495     0.00000000

        Start LR calculation for the wannier #  3   iq =  7   spin =  1

        SYM : iwann=     3 iq =     7 weight =   0.12500000

      iter #   1 total cpu time :    25.4 secs   av.it.:  13.4
      thresh= 1.000E-06 alpha_mix =  0.700 |ddv_scf|^2 =  5.019E-06

      iter #   2 total cpu time :    25.5 secs   av.it.:  13.8
      thresh= 1.000E-06 alpha_mix =  0.700 |ddv_scf|^2 =  1.247E-05

      iter #   3 total cpu time :    25.5 secs   av.it.:  13.2
      thresh= 1.000E-06 alpha_mix =  0.700 |ddv_scf|^2 =  5.605E-08

      iter #   4 total cpu time :    25.6 secs   av.it.:  11.9
      thresh= 1.000E-06 alpha_mix =  0.700 |ddv_scf|^2 =  2.203E-10

      iter #   5 total cpu time :    25.6 secs   av.it.:  11.4
      thresh= 1.484E-07 alpha_mix =  0.700 |ddv_scf|^2 =  3.402E-11

      iter #   6 total cpu time :    25.7 secs   av.it.:  11.2
      thresh= 5.832E-08 alpha_mix =  0.700 |ddv_scf|^2 =  5.344E-13

      iter #   7 total cpu time :    25.7 secs   av.it.:  11.4
      thresh= 7.310E-09 alpha_mix =  0.700 |ddv_scf|^2 =  6.538E-15

      iter #   8 total cpu time :    25.8 secs   av.it.:  10.8
      thresh= 8.086E-10 alpha_mix =  0.700 |ddv_scf|^2 =  5.644E-17

      iter #   9 total cpu time :    25.9 secs   av.it.:  11.2
      thresh= 7.512E-11 alpha_mix =  0.700 |ddv_scf|^2 =  1.107E-18

      iter #  10 total cpu time :    25.9 secs   av.it.:  11.3
      thresh= 1.052E-11 alpha_mix =  0.700 |ddv_scf|^2 =  2.137E-19
 (TO COMPARE with output) iq =            7 rvect=           0           0
           0 pi_q_unrelax= (7.086992312943059E-002,-2.380521788018742E-018)
 (7.086992312943059E-002,-2.380521788018742E-018) pi_q_relax = 
 (2.566994432267305E-002,-9.271816523610179E-010)
 (2.566994432267305E-002,-9.271816523610179E-010)
 (TO COMPARE with output) iq =            7 rvect=           0           0
           0 pi_q_unrelax= (7.086992312943059E-002,-2.380521788018742E-018)
 (7.086992312943059E-002,-2.380521788018742E-018) pi_q_relax = 
 (2.566994432267305E-002,-9.271816523610179E-010)
 (2.566994432267305E-002,-9.271816523610179E-010)
 (TO COMPARE with output) iq =            7 rvect=           0           0
           0 pi_q_unrelax= (7.086992312943059E-002,-2.380521788018742E-018)
 (7.086992312943059E-002,-2.380521788018742E-018) pi_q_relax = 
 (2.566994432267305E-002,-9.271816523610179E-010)
 (2.566994432267305E-002,-9.271816523610179E-010)
 (TO COMPARE with output) iq =            7 rvect=           0           0
           0 pi_q_unrelax= (7.086992312943059E-002,-2.380521788018742E-018)
 (7.086992312943059E-002,-2.380521788018742E-018) pi_q_relax = 
 (2.566994432267305E-002,-9.271816523610179E-010)
 (2.566994432267305E-002,-9.271816523610179E-010)

        iq =   7   iwann =   3   rPi_q =     0.02566994    -0.00000000   uPi_q =     0.07086992     0.00000000   SH_q =     0.03543496     0.00000000

        Start LR calculation for the wannier #  4   iq =  7   spin =  1

        SYM : iwann=     4 iq =     7 weight =   0.12500000

      iter #   1 total cpu time :    26.1 secs   av.it.:  13.4
      thresh= 1.000E-06 alpha_mix =  0.700 |ddv_scf|^2 =  5.019E-06

      iter #   2 total cpu time :    26.1 secs   av.it.:  13.7
      thresh= 1.000E-06 alpha_mix =  0.700 |ddv_scf|^2 =  1.247E-05

      iter #   3 total cpu time :    26.2 secs   av.it.:  13.2
      thresh= 1.000E-06 alpha_mix =  0.700 |ddv_scf|^2 =  5.605E-08

      iter #   4 total cpu time :    26.2 secs   av.it.:  11.9
      thresh= 1.000E-06 alpha_mix =  0.700 |ddv_scf|^2 =  2.203E-10

      iter #   5 total cpu time :    26.3 secs   av.it.:  11.4
      thresh= 1.484E-07 alpha_mix =  0.700 |ddv_scf|^2 =  3.402E-11

      iter #   6 total cpu time :    26.3 secs   av.it.:  11.2
      thresh= 5.832E-08 alpha_mix =  0.700 |ddv_scf|^2 =  5.344E-13

      iter #   7 total cpu time :    26.3 secs   av.it.:  11.4
      thresh= 7.310E-09 alpha_mix =  0.700 |ddv_scf|^2 =  6.537E-15

      iter #   8 total cpu time :    26.4 secs   av.it.:  10.9
      thresh= 8.085E-10 alpha_mix =  0.700 |ddv_scf|^2 =  5.652E-17

      iter #   9 total cpu time :    26.4 secs   av.it.:  11.2
      thresh= 7.518E-11 alpha_mix =  0.700 |ddv_scf|^2 =  1.154E-18

      iter #  10 total cpu time :    26.5 secs   av.it.:  11.3
      thresh= 1.074E-11 alpha_mix =  0.700 |ddv_scf|^2 =  3.934E-19
 (TO COMPARE with output) iq =            7 rvect=           0           0
           0 pi_q_unrelax= (7.086991863390552E-002,4.038797798508356E-019)
 (7.086991863390552E-002,4.038797798508356E-019) pi_q_relax = 
 (2.566994316628007E-002,3.009816617602693E-009)
 (2.566994316628007E-002,3.009816617602693E-009)
 (TO COMPARE with output) iq =            7 rvect=           0           0
           0 pi_q_unrelax= (7.086991863390552E-002,4.038797798508356E-019)
 (7.086991863390552E-002,4.038797798508356E-019) pi_q_relax = 
 (2.566994316628007E-002,3.009816617602693E-009)
 (2.566994316628007E-002,3.009816617602693E-009)
 (TO COMPARE with output) iq =            7 rvect=           0           0
           0 pi_q_unrelax= (7.086991863390552E-002,4.038797798508356E-019)
 (7.086991863390552E-002,4.038797798508356E-019) pi_q_relax = 
 (2.566994316628007E-002,3.009816617602693E-009)
 (2.566994316628007E-002,3.009816617602693E-009)
 (TO COMPARE with output) iq =            7 rvect=           0           0
           0 pi_q_unrelax= (7.086991863390552E-002,4.038797798508356E-019)
 (7.086991863390552E-002,4.038797798508356E-019) pi_q_relax = 
 (2.566994316628007E-002,3.009816617602693E-009)
 (2.566994316628007E-002,3.009816617602693E-009)

        iq =   7   iwann =   4   rPi_q =     0.02566994     0.00000000   uPi_q =     0.07086992     0.00000000   SH_q =     0.03543496    -0.00000000

        Start LR calculation for the wannier #  5   iq =  7   spin =  1

        SYM : iwann=     5 iq =     7 weight =   0.12500000

      iter #   1 total cpu time :    26.5 secs   av.it.:  13.4
      thresh= 1.000E-06 alpha_mix =  0.700 |ddv_scf|^2 =  5.019E-06

      iter #   2 total cpu time :    26.6 secs   av.it.:  13.7
      thresh= 1.000E-06 alpha_mix =  0.700 |ddv_scf|^2 =  1.247E-05

      iter #   3 total cpu time :    26.6 secs   av.it.:  13.2
      thresh= 1.000E-06 alpha_mix =  0.700 |ddv_scf|^2 =  5.605E-08

      iter #   4 total cpu time :    26.7 secs   av.it.:  11.9
      thresh= 1.000E-06 alpha_mix =  0.700 |ddv_scf|^2 =  2.203E-10

      iter #   5 total cpu time :    26.7 secs   av.it.:  11.4
      thresh= 1.484E-07 alpha_mix =  0.700 |ddv_scf|^2 =  3.402E-11

      iter #   6 total cpu time :    26.8 secs   av.it.:  11.2
      thresh= 5.832E-08 alpha_mix =  0.700 |ddv_scf|^2 =  5.344E-13

      iter #   7 total cpu time :    26.8 secs   av.it.:  11.4
      thresh= 7.310E-09 alpha_mix =  0.700 |ddv_scf|^2 =  6.538E-15

      iter #   8 total cpu time :    26.8 secs   av.it.:  10.8
      thresh= 8.086E-10 alpha_mix =  0.700 |ddv_scf|^2 =  5.625E-17

      iter #   9 total cpu time :    26.9 secs   av.it.:  11.2
      thresh= 7.500E-11 alpha_mix =  0.700 |ddv_scf|^2 =  1.065E-18

      iter #  10 total cpu time :    26.9 secs   av.it.:  11.3
      thresh= 1.032E-11 alpha_mix =  0.700 |ddv_scf|^2 =  4.420E-20
 (TO COMPARE with output) iq =            7 rvect=           0           0
           0 pi_q_unrelax= (7.086991113476522E-002,-3.658887243222048E-018)
 (7.086991113476522E-002,-3.658887243222048E-018) pi_q_relax = 
 (2.566993901922479E-002,6.348424265013278E-010)
 (2.566993901922479E-002,6.348424265013278E-010)
 (TO COMPARE with output) iq =            7 rvect=           0           0
           0 pi_q_unrelax= (7.086991113476522E-002,-3.658887243222048E-018)
 (7.086991113476522E-002,-3.658887243222048E-018) pi_q_relax = 
 (2.566993901922479E-002,6.348424265013278E-010)
 (2.566993901922479E-002,6.348424265013278E-010)
 (TO COMPARE with output) iq =            7 rvect=           0           0
           0 pi_q_unrelax= (7.086991113476522E-002,-3.658887243222048E-018)
 (7.086991113476522E-002,-3.658887243222048E-018) pi_q_relax = 
 (2.566993901922479E-002,6.348424265013278E-010)
 (2.566993901922479E-002,6.348424265013278E-010)
 (TO COMPARE with output) iq =            7 rvect=           0           0
           0 pi_q_unrelax= (7.086991113476522E-002,-3.658887243222048E-018)
 (7.086991113476522E-002,-3.658887243222048E-018) pi_q_relax = 
 (2.566993901922479E-002,6.348424265013278E-010)
 (2.566993901922479E-002,6.348424265013278E-010)

        iq =   7   iwann =   5   rPi_q =     0.02566994     0.00000000   uPi_q =     0.07086991     0.00000000   SH_q =     0.03543496     0.00000000

        Start LR calculation for the wannier #  6   iq =  7   spin =  1

        SYM : iwann=     6 iq =     7 weight =   0.12500000

      iter #   1 total cpu time :    27.0 secs   av.it.:  13.4
      thresh= 1.000E-06 alpha_mix =  0.700 |ddv_scf|^2 =  5.019E-06

      iter #   2 total cpu time :    27.0 secs   av.it.:  13.6
      thresh= 1.000E-06 alpha_mix =  0.700 |ddv_scf|^2 =  1.247E-05

      iter #   3 total cpu time :    27.1 secs   av.it.:  13.2
      thresh= 1.000E-06 alpha_mix =  0.700 |ddv_scf|^2 =  5.605E-08

      iter #   4 total cpu time :    27.1 secs   av.it.:  11.9
      thresh= 1.000E-06 alpha_mix =  0.700 |ddv_scf|^2 =  2.203E-10

      iter #   5 total cpu time :    27.2 secs   av.it.:  11.4
      thresh= 1.484E-07 alpha_mix =  0.700 |ddv_scf|^2 =  3.402E-11

      iter #   6 total cpu time :    27.2 secs   av.it.:  11.2
      thresh= 5.832E-08 alpha_mix =  0.700 |ddv_scf|^2 =  5.344E-13

      iter #   7 total cpu time :    27.2 secs   av.it.:  11.4
      thresh= 7.310E-09 alpha_mix =  0.700 |ddv_scf|^2 =  6.537E-15

      iter #   8 total cpu time :    27.3 secs   av.it.:  10.8
      thresh= 8.085E-10 alpha_mix =  0.700 |ddv_scf|^2 =  5.629E-17

      iter #   9 total cpu time :    27.3 secs   av.it.:  11.2
      thresh= 7.503E-11 alpha_mix =  0.700 |ddv_scf|^2 =  1.086E-18

      iter #  10 total cpu time :    27.4 secs   av.it.:  11.3
      thresh= 1.042E-11 alpha_mix =  0.700 |ddv_scf|^2 =  1.287E-19
 (TO COMPARE with output) iq =            7 rvect=           0           0
           0 pi_q_unrelax= (7.086990487084591E-002,2.528012176810184E-018)
 (7.086990487084591E-002,2.528012176810184E-018) pi_q_relax = 
 (2.566993834838309E-002,7.048077915787631E-009)
 (2.566993834838309E-002,7.048077915787631E-009)
 (TO COMPARE with output) iq =            7 rvect=           0           0
           0 pi_q_unrelax= (7.086990487084591E-002,2.528012176810184E-018)
 (7.086990487084591E-002,2.528012176810184E-018) pi_q_relax = 
 (2.566993834838309E-002,7.048077915787631E-009)
 (2.566993834838309E-002,7.048077915787631E-009)
 (TO COMPARE with output) iq =            7 rvect=           0           0
           0 pi_q_unrelax= (7.086990487084591E-002,2.528012176810184E-018)
 (7.086990487084591E-002,2.528012176810184E-018) pi_q_relax = 
 (2.566993834838309E-002,7.048077915787631E-009)
 (2.566993834838309E-002,7.048077915787631E-009)
 (TO COMPARE with output) iq =            7 rvect=           0           0
           0 pi_q_unrelax= (7.086990487084591E-002,2.528012176810184E-018)
 (7.086990487084591E-002,2.528012176810184E-018) pi_q_relax = 
 (2.566993834838309E-002,7.048077915787631E-009)
 (2.566993834838309E-002,7.048077915787631E-009)

        iq =   7   iwann =   6   rPi_q =     0.02566994     0.00000001   uPi_q =     0.07086990    -0.00000000   SH_q =     0.03543495     0.00000000

        Start LR calculation for the wannier #  7   iq =  7   spin =  1

        SYM : iwann=     7 iq =     7 weight =   0.12500000

      iter #   1 total cpu time :    27.4 secs   av.it.:  13.4
      thresh= 1.000E-06 alpha_mix =  0.700 |ddv_scf|^2 =  5.019E-06

      iter #   2 total cpu time :    27.5 secs   av.it.:  13.6
      thresh= 1.000E-06 alpha_mix =  0.700 |ddv_scf|^2 =  1.247E-05

      iter #   3 total cpu time :    27.5 secs   av.it.:  13.2
      thresh= 1.000E-06 alpha_mix =  0.700 |ddv_scf|^2 =  5.605E-08

      iter #   4 total cpu time :    27.6 secs   av.it.:  11.9
      thresh= 1.000E-06 alpha_mix =  0.700 |ddv_scf|^2 =  2.203E-10

      iter #   5 total cpu time :    27.6 secs   av.it.:  11.3
      thresh= 1.484E-07 alpha_mix =  0.700 |ddv_scf|^2 =  3.401E-11

      iter #   6 total cpu time :    27.7 secs   av.it.:  11.2
      thresh= 5.832E-08 alpha_mix =  0.700 |ddv_scf|^2 =  5.344E-13

      iter #   7 total cpu time :    27.7 secs   av.it.:  11.4
      thresh= 7.310E-09 alpha_mix =  0.700 |ddv_scf|^2 =  6.537E-15

      iter #   8 total cpu time :    27.7 secs   av.it.:  10.9
      thresh= 8.085E-10 alpha_mix =  0.700 |ddv_scf|^2 =  5.672E-17

      iter #   9 total cpu time :    27.8 secs   av.it.:  11.2
      thresh= 7.531E-11 alpha_mix =  0.700 |ddv_scf|^2 =  1.263E-18

      iter #  10 total cpu time :    27.8 secs   av.it.:  11.4
      thresh= 1.124E-11 alpha_mix =  0.700 |ddv_scf|^2 =  7.803E-19
 (TO COMPARE with output) iq =            7 rvect=           0           0
           0 pi_q_unrelax= (7.086991604508747E-002,9.479201596261409E-019)
 (7.086991604508747E-002,9.479201596261409E-019) pi_q_relax = 
 (2.566994408536934E-002,7.450990274931385E-010)
 (2.566994408536934E-002,7.450990274931385E-010)
 (TO COMPARE with output) iq =            7 rvect=           0           0
           0 pi_q_unrelax= (7.086991604508747E-002,9.479201596261409E-019)
 (7.086991604508747E-002,9.479201596261409E-019) pi_q_relax = 
 (2.566994408536934E-002,7.450990274931385E-010)
 (2.566994408536934E-002,7.450990274931385E-010)
 (TO COMPARE with output) iq =            7 rvect=           0           0
           0 pi_q_unrelax= (7.086991604508747E-002,9.479201596261409E-019)
 (7.086991604508747E-002,9.479201596261409E-019) pi_q_relax = 
 (2.566994408536934E-002,7.450990274931385E-010)
 (2.566994408536934E-002,7.450990274931385E-010)
 (TO COMPARE with output) iq =            7 rvect=           0           0
           0 pi_q_unrelax= (7.086991604508747E-002,9.479201596261409E-019)
 (7.086991604508747E-002,9.479201596261409E-019) pi_q_relax = 
 (2.566994408536934E-002,7.450990274931385E-010)
 (2.566994408536934E-002,7.450990274931385E-010)

        iq =   7   iwann =   7   rPi_q =     0.02566994     0.00000000   uPi_q =     0.07086992    -0.00000000   SH_q =     0.03543496    -0.00000000

        Start LR calculation for the wannier #  8   iq =  7   spin =  1

        SYM : iwann=     8 iq =     7 weight =   0.12500000

      iter #   1 total cpu time :    27.9 secs   av.it.:  13.4
      thresh= 1.000E-06 alpha_mix =  0.700 |ddv_scf|^2 =  5.019E-06

      iter #   2 total cpu time :    27.9 secs   av.it.:  13.6
      thresh= 1.000E-06 alpha_mix =  0.700 |ddv_scf|^2 =  1.247E-05

      iter #   3 total cpu time :    28.0 secs   av.it.:  13.2
      thresh= 1.000E-06 alpha_mix =  0.700 |ddv_scf|^2 =  5.605E-08

      iter #   4 total cpu time :    28.0 secs   av.it.:  11.9
      thresh= 1.000E-06 alpha_mix =  0.700 |ddv_scf|^2 =  2.203E-10

      iter #   5 total cpu time :    28.1 secs   av.it.:  11.3
      thresh= 1.484E-07 alpha_mix =  0.700 |ddv_scf|^2 =  3.402E-11

      iter #   6 total cpu time :    28.1 secs   av.it.:  11.2
      thresh= 5.832E-08 alpha_mix =  0.700 |ddv_scf|^2 =  5.344E-13

      iter #   7 total cpu time :    28.1 secs   av.it.:  11.4
      thresh= 7.310E-09 alpha_mix =  0.700 |ddv_scf|^2 =  6.537E-15

      iter #   8 total cpu time :    28.2 secs   av.it.:  10.9
      thresh= 8.085E-10 alpha_mix =  0.700 |ddv_scf|^2 =  5.659E-17

      iter #   9 total cpu time :    28.2 secs   av.it.:  11.2
      thresh= 7.523E-11 alpha_mix =  0.700 |ddv_scf|^2 =  1.183E-18

      iter #  10 total cpu time :    28.3 secs   av.it.:  11.3
      thresh= 1.087E-11 alpha_mix =  0.700 |ddv_scf|^2 =  4.984E-19
 (TO COMPARE with output) iq =            7 rvect=           0           0
           0 pi_q_unrelax= (7.086991628637473E-002,3.098209511092872E-018)
 (7.086991628637473E-002,3.098209511092872E-018) pi_q_relax = 
 (2.566994365401548E-002,-7.959080686927602E-010)
 (2.566994365401548E-002,-7.959080686927602E-010)

 (TO COMPARE with output) iq =            7 rvect=           0           0
           0 pi_q_unrelax= (7.086991628637473E-002,3.098209511092872E-018)
 (7.086991628637473E-002,3.098209511092872E-018) pi_q_relax = 
 (2.566994365401548E-002,-7.959080686927602E-010)
 (2.566994365401548E-002,-7.959080686927602E-010)
 (TO COMPARE with output) iq =            7 rvect=           0           0
           0 pi_q_unrelax= (7.086991628637473E-002,3.098209511092872E-018)
 (7.086991628637473E-002,3.098209511092872E-018) pi_q_relax = 
 (2.566994365401548E-002,-7.959080686927602E-010)
 (2.566994365401548E-002,-7.959080686927602E-010)
 (TO COMPARE with output) iq =            7 rvect=           0           0
           0 pi_q_unrelax= (7.086991628637473E-002,3.098209511092872E-018)
 (7.086991628637473E-002,3.098209511092872E-018) pi_q_relax = 
 (2.566994365401548E-002,-7.959080686927602E-010)
 (2.566994365401548E-002,-7.959080686927602E-010)
        iq =   7   iwann =   8   rPi_q =     0.02566994    -0.00000000   uPi_q =     0.07086992    -0.00000000   SH_q =     0.03543496    -0.00000000


     ==============================================================================
     Calculation of q =   -0.5000000   0.5000000   0.5000000  [Cart ]
     Calculation of q =    0.5000000   0.5000000   0.5000000  [Cryst]
     ==============================================================================

        INFO: prepare_q DONE

        INFO: rhowan_q(r) RETRIEVED

 
     Parallelization info
     --------------------
     sticks:   dense  smooth     PW     G-vecs:    dense   smooth      PW
     Min          73      73     27                  821      821     186
     Max          74      74     28                  823      823     189
     Sum         295     295    109                 3287     3287     749
 
     Using Slab Decomposition
 

     Title: 
     W2K Silicon                                                                


     bravais-lattice index     =            2
     lattice parameter (alat)  =      10.2631  a.u.
     unit-cell volume          =     270.2564 (a.u.)^3
     number of atoms/cell      =            2
     number of atomic types    =            1
     number of electrons       =         8.00 (up:   4.00, down:   4.00)
     number of Kohn-Sham states=            7
     kinetic-energy cutoff     =      20.0000  Ry
     charge density cutoff     =      80.0000  Ry
     Exchange-correlation= PW
                           (   1   4   0   0   0   0   0)

     celldm(1)=  10.263102  celldm(2)=   0.000000  celldm(3)=   0.000000
     celldm(4)=   0.000000  celldm(5)=   0.000000  celldm(6)=   0.000000

     crystal axes: (cart. coord. in units of alat)
               a(1) = (  -0.500000   0.000000   0.500000 )  
               a(2) = (   0.000000   0.500000   0.500000 )  
               a(3) = (  -0.500000   0.500000   0.000000 )  

     reciprocal axes: (cart. coord. in units 2 pi/alat)
               b(1) = ( -1.000000 -1.000000  1.000000 )  
               b(2) = (  1.000000  1.000000  1.000000 )  
               b(3) = ( -1.000000  1.000000 -1.000000 )  


     PseudoPot. # 1 for Si read from file:
     /home/colonna_n/CODES/q-e-kcw/pseudo/Si.upf
     MD5 check sum: 9e2d726316af3d4752eea8ab0afbb951
     Pseudo is Norm-conserving + core correction, Zval =  4.0
     Generated using ONCVPSP code by D. R. Hamann
     Using radial grid of 1510 points,  6 beta functions with: 
                l(1) =   0
                l(2) =   0
                l(3) =   1
                l(4) =   1
                l(5) =   2
                l(6) =   2

     atomic species   valence    mass     pseudopotential
     Si                4.00    28.08500     Si( 1.00)

     Starting magnetic structure 
     atomic species   magnetization
     Si              0.000

     48 Sym. Ops., with inversion, found



   Cartesian axes

     site n.     atom                  positions (alat units)
         1        Si     tau(   1) = (   0.0000000   0.0000000   0.0000000  )
         2        Si     tau(   2) = (  -0.2500000   0.2500000   0.2500000  )

     number of k points=    16
                       cart. coord. in units 2pi/alat
        k(    1) = (   0.0000000   0.0000000   0.0000000), wk =   0.1250000
        k(    2) = (  -0.5000000   0.5000000   0.5000000), wk =   0.0000000
        k(    3) = (  -0.5000000   0.5000000  -0.5000000), wk =   0.1250000
        k(    4) = (  -1.0000000   1.0000000  -0.0000000), wk =   0.0000000
        k(    5) = (   0.5000000   0.5000000   0.5000000), wk =   0.1250000
        k(    6) = (   0.0000000   1.0000000   1.0000000), wk =   0.0000000
        k(    7) = (   0.0000000   1.0000000   0.0000000), wk =   0.1250000
        k(    8) = (  -0.5000000   1.5000000   0.5000000), wk =   0.0000000
        k(    9) = (  -0.5000000  -0.5000000   0.5000000), wk =   0.1250000
        k(   10) = (  -1.0000000  -0.0000000   1.0000000), wk =   0.0000000
        k(   11) = (  -1.0000000   0.0000000   0.0000000), wk =   0.1250000
        k(   12) = (  -1.5000000   0.5000000   0.5000000), wk =   0.0000000
        k(   13) = (   0.0000000   0.0000000   1.0000000), wk =   0.1250000
        k(   14) = (  -0.5000000   0.5000000   1.5000000), wk =   0.0000000
        k(   15) = (  -0.5000000   0.5000000   0.5000000), wk =   0.1250000
        k(   16) = (  -1.0000000   1.0000000   1.0000000), wk =   0.0000000

     Dense  grid:     3287 G-vectors     FFT dimensions: (  24,  24,  24)

     Estimated max dynamical RAM per process >       1.44 MB

     Estimated total dynamical RAM >       5.76 MB

     The potential is recalculated from file :
     /home/colonna_n/CODES/q-e-kcw/tempdir/kcw/q8/Si.save/charge-density

     Starting wfcs are    8 atomic wfcs

     Band Structure Calculation
     Davidson diagonalization with overlap

     ethr =  1.25E-10,  avg # of iterations = 10.6

     total cpu time spent up to now is       -1.0 secs

     End of band structure calculation

 ------ SPIN UP ------------


          k = 0.0000 0.0000 0.0000 (   411 PWs)   bands (ev):

    -5.8914   6.0879   6.0879   6.0879   8.6004   8.6004   8.6004

          k =-0.5000 0.5000 0.5000 (   410 PWs)   bands (ev):

    -3.5529  -0.9269   4.8803   4.8803   7.5023   9.3832   9.3832

          k =-0.5000 0.5000-0.5000 (   410 PWs)   bands (ev):

    -3.5529  -0.9269   4.8803   4.8803   7.5023   9.3832   9.3832

          k =-1.0000 1.0000-0.0000 (   412 PWs)   bands (ev):

    -1.7480  -1.7480   3.2158   3.2158   6.6815   6.6815  16.0531

          k = 0.5000 0.5000 0.5000 (   410 PWs)   bands (ev):

    -3.5529  -0.9269   4.8803   4.8803   7.5023   9.3832   9.3832

          k = 0.0000 1.0000 1.0000 (   412 PWs)   bands (ev):

    -1.7480  -1.7480   3.2158   3.2158   6.6815   6.6815  16.0531

          k = 0.0000 1.0000 0.0000 (   412 PWs)   bands (ev):

    -1.7480  -1.7480   3.2158   3.2158   6.6815   6.6815  16.0531

          k =-0.5000 1.5000 0.5000 (   410 PWs)   bands (ev):

    -3.5529  -0.9269   4.8803   4.8803   7.5023   9.3832   9.3832

          k =-0.5000-0.5000 0.5000 (   410 PWs)   bands (ev):

    -3.5529  -0.9269   4.8803   4.8803   7.5023   9.3832   9.3832

          k =-1.0000-0.0000 1.0000 (   412 PWs)   bands (ev):

    -1.7480  -1.7480   3.2158   3.2158   6.6815   6.6815  16.0531

          k =-1.0000 0.0000 0.0000 (   412 PWs)   bands (ev):

    -1.7480  -1.7480   3.2158   3.2158   6.6815   6.6815  16.0531

          k =-1.5000 0.5000 0.5000 (   410 PWs)   bands (ev):

    -3.5529  -0.9269   4.8803   4.8803   7.5023   9.3832   9.3832

          k = 0.0000 0.0000 1.0000 (   412 PWs)   bands (ev):

    -1.7480  -1.7480   3.2158   3.2158   6.6815   6.6815  16.0531

          k =-0.5000 0.5000 1.5000 (   410 PWs)   bands (ev):

    -3.5529  -0.9269   4.8803   4.8803   7.5023   9.3832   9.3832

          k =-0.5000 0.5000 0.5000 (   410 PWs)   bands (ev):

    -3.5529  -0.9269   4.8803   4.8803   7.5023   9.3832   9.3832

          k =-1.0000 1.0000 1.0000 (   411 PWs)   bands (ev):

    -5.8914   6.0879   6.0879   6.0879   8.6004   8.6004   8.6004

 ------ SPIN DOWN ----------


          k = 0.0000 0.0000 0.0000 (   411 PWs)   bands (ev):

    -5.8914   6.0879   6.0879   6.0879   8.6004   8.6004   8.6004

          k =-0.5000 0.5000 0.5000 (   410 PWs)   bands (ev):

    -3.5529  -0.9269   4.8803   4.8803   7.5023   9.3832   9.3832

          k =-0.5000 0.5000-0.5000 (   410 PWs)   bands (ev):

    -3.5529  -0.9269   4.8803   4.8803   7.5023   9.3832   9.3832

          k =-1.0000 1.0000-0.0000 (   412 PWs)   bands (ev):

    -1.7480  -1.7480   3.2158   3.2158   6.6815   6.6815  16.0531

          k = 0.5000 0.5000 0.5000 (   410 PWs)   bands (ev):

    -3.5529  -0.9269   4.8803   4.8803   7.5023   9.3832   9.3832

          k = 0.0000 1.0000 1.0000 (   412 PWs)   bands (ev):

    -1.7480  -1.7480   3.2158   3.2158   6.6815   6.6815  16.0531

          k = 0.0000 1.0000 0.0000 (   412 PWs)   bands (ev):

    -1.7480  -1.7480   3.2158   3.2158   6.6815   6.6815  16.0531

          k =-0.5000 1.5000 0.5000 (   410 PWs)   bands (ev):

    -3.5529  -0.9269   4.8803   4.8803   7.5023   9.3832   9.3832

          k =-0.5000-0.5000 0.5000 (   410 PWs)   bands (ev):

    -3.5529  -0.9269   4.8803   4.8803   7.5023   9.3832   9.3832

          k =-1.0000-0.0000 1.0000 (   412 PWs)   bands (ev):

    -1.7480  -1.7480   3.2158   3.2158   6.6815   6.6815  16.0531

          k =-1.0000 0.0000 0.0000 (   412 PWs)   bands (ev):

    -1.7480  -1.7480   3.2158   3.2158   6.6815   6.6815  16.0531

          k =-1.5000 0.5000 0.5000 (   410 PWs)   bands (ev):

    -3.5529  -0.9269   4.8803   4.8803   7.5023   9.3832   9.3832

          k = 0.0000 0.0000 1.0000 (   412 PWs)   bands (ev):

    -1.7480  -1.7480   3.2158   3.2158   6.6815   6.6815  16.0531

          k =-0.5000 0.5000 1.5000 (   410 PWs)   bands (ev):

    -3.5529  -0.9269   4.8803   4.8803   7.5023   9.3832   9.3832

          k =-0.5000 0.5000 0.5000 (   410 PWs)   bands (ev):

    -3.5529  -0.9269   4.8803   4.8803   7.5023   9.3832   9.3832

          k =-1.0000 1.0000 1.0000 (   411 PWs)   bands (ev):

    -5.8914   6.0879   6.0879   6.0879   8.6004   8.6004   8.6004

     highest occupied, lowest unoccupied level (ev):     6.0879    6.6815

     Writing all to output data dir /home/colonna_n/CODES/q-e-kcw/tempdir/kcw/q8/Si.save/ :
     XML data file, pseudopotentials, collected wavefunctions

        INFO: NSCF calculation DONE

        INFO: kcw_q initialization DONE


        Start LR calculation for the wannier #  1   iq =  8   spin =  1

        SYM : iwann=     1 iq =     8 weight =   0.12500000

      iter #   1 total cpu time :    28.5 secs   av.it.:  13.9
      thresh= 1.000E-06 alpha_mix =  0.700 |ddv_scf|^2 =  9.947E-06

      iter #   2 total cpu time :    28.5 secs   av.it.:  13.9
      thresh= 1.000E-06 alpha_mix =  0.700 |ddv_scf|^2 =  4.868E-05

      iter #   3 total cpu time :    28.6 secs   av.it.:  13.4
      thresh= 1.000E-06 alpha_mix =  0.700 |ddv_scf|^2 =  6.673E-07

      iter #   4 total cpu time :    28.6 secs   av.it.:  12.5
      thresh= 1.000E-06 alpha_mix =  0.700 |ddv_scf|^2 =  1.366E-09

      iter #   5 total cpu time :    28.7 secs   av.it.:  11.6
      thresh= 3.695E-07 alpha_mix =  0.700 |ddv_scf|^2 =  6.886E-11

      iter #   6 total cpu time :    28.7 secs   av.it.:  11.6
      thresh= 8.298E-08 alpha_mix =  0.700 |ddv_scf|^2 =  1.027E-12

      iter #   7 total cpu time :    28.8 secs   av.it.:  11.7
      thresh= 1.013E-08 alpha_mix =  0.700 |ddv_scf|^2 =  1.505E-14

      iter #   8 total cpu time :    28.8 secs   av.it.:  11.9
      thresh= 1.227E-09 alpha_mix =  0.700 |ddv_scf|^2 =  2.993E-15

      iter #   9 total cpu time :    28.8 secs   av.it.:  11.8
      thresh= 5.471E-10 alpha_mix =  0.700 |ddv_scf|^2 =  5.719E-16

      iter #  10 total cpu time :    28.9 secs   av.it.:  11.1
      thresh= 2.391E-10 alpha_mix =  0.700 |ddv_scf|^2 =  1.039E-15

      iter #  11 total cpu time :    28.9 secs   av.it.:  10.9
      thresh= 3.224E-10 alpha_mix =  0.700 |ddv_scf|^2 =  1.503E-18

      iter #  12 total cpu time :    29.0 secs   av.it.:  11.9
      thresh= 1.226E-11 alpha_mix =  0.700 |ddv_scf|^2 =  5.825E-19
 (TO COMPARE with output) iq =            8 rvect=           0           0
           0 pi_q_unrelax= (8.381321599636181E-002,-4.557389396653637E-019)
 (8.381321599636181E-002,-4.557389396653637E-019) pi_q_relax = 
 (TO COMPARE with output) iq =            8 rvect=           0           0
           0 pi_q_unrelax= (8.381321599636181E-002,-4.557389396653637E-019)
 (8.381321599636181E-002,-4.557389396653637E-019) pi_q_relax = 
 (3.071467873018688E-002,-2.266017530800757E-009)
 (3.071467873018688E-002,-2.266017530800757E-009)
 (TO COMPARE with output) iq =            8 rvect=           0           0
           0 pi_q_unrelax= (8.381321599636181E-002,-4.557389396653637E-019)
 (8.381321599636181E-002,-4.557389396653637E-019) pi_q_relax = 
 (3.071467873018688E-002,-2.266017530800757E-009)
 (3.071467873018688E-002,-2.266017530800757E-009)
 (TO COMPARE with output) iq =            8 rvect=           0           0
           0 pi_q_unrelax= (8.381321599636181E-002,-4.557389396653637E-019)
 (8.381321599636181E-002,-4.557389396653637E-019) pi_q_relax = 
 (3.071467873018688E-002,-2.266017530800757E-009)
 (3.071467873018688E-002,-2.266017530800757E-009)
 (3.071467873018688E-002,-2.266017530800757E-009)
 (3.071467873018688E-002,-2.266017530800757E-009)

        iq =   8   iwann =   1   rPi_q =     0.03071468    -0.00000000   uPi_q =     0.08381322     0.00000000   SH_q =     0.04190661    -0.00000000

        Start LR calculation for the wannier #  2   iq =  8   spin =  1

        SYM : iwann=     2 iq =     8 weight =   0.12500000

      iter #   1 total cpu time :    29.0 secs   av.it.:  13.9
      thresh= 1.000E-06 alpha_mix =  0.700 |ddv_scf|^2 =  9.947E-06

      iter #   2 total cpu time :    29.1 secs   av.it.:  13.9
      thresh= 1.000E-06 alpha_mix =  0.700 |ddv_scf|^2 =  4.868E-05

      iter #   3 total cpu time :    29.1 secs   av.it.:  13.4
      thresh= 1.000E-06 alpha_mix =  0.700 |ddv_scf|^2 =  6.673E-07

      iter #   4 total cpu time :    29.2 secs   av.it.:  12.4
      thresh= 1.000E-06 alpha_mix =  0.700 |ddv_scf|^2 =  1.366E-09

      iter #   5 total cpu time :    29.2 secs   av.it.:  11.8
      thresh= 3.695E-07 alpha_mix =  0.700 |ddv_scf|^2 =  6.886E-11

      iter #   6 total cpu time :    29.2 secs   av.it.:  11.4
      thresh= 8.298E-08 alpha_mix =  0.700 |ddv_scf|^2 =  1.027E-12

      iter #   7 total cpu time :    29.3 secs   av.it.:  11.8
      thresh= 1.013E-08 alpha_mix =  0.700 |ddv_scf|^2 =  1.505E-14

      iter #   8 total cpu time :    29.3 secs   av.it.:  11.9
      thresh= 1.227E-09 alpha_mix =  0.700 |ddv_scf|^2 =  2.993E-15

      iter #   9 total cpu time :    29.4 secs   av.it.:  11.8
      thresh= 5.471E-10 alpha_mix =  0.700 |ddv_scf|^2 =  5.713E-16

      iter #  10 total cpu time :    29.4 secs   av.it.:  11.1
      thresh= 2.390E-10 alpha_mix =  0.700 |ddv_scf|^2 =  1.039E-15

      iter #  11 total cpu time :    29.5 secs   av.it.:  10.8
      thresh= 3.223E-10 alpha_mix =  0.700 |ddv_scf|^2 =  1.501E-18

      iter #  12 total cpu time :    29.5 secs   av.it.:  11.8
      thresh= 1.225E-11 alpha_mix =  0.700 |ddv_scf|^2 =  5.756E-19
 (TO COMPARE with output) iq =            8 rvect=           0           0
           0 pi_q_unrelax= (8.381321461642244E-002,-2.179724453427774E-018)
 (8.381321461642244E-002,-2.179724453427774E-018) pi_q_relax = 
 (3.071468093227378E-002,-1.500842959763111E-009)
 (3.071468093227378E-002,-1.500842959763111E-009)
 (TO COMPARE with output) iq =            8 rvect=           0           0
           0 pi_q_unrelax= (8.381321461642244E-002,-2.179724453427774E-018)
 (8.381321461642244E-002,-2.179724453427774E-018) pi_q_relax = 
 (3.071468093227378E-002,-1.500842959763111E-009)
 (3.071468093227378E-002,-1.500842959763111E-009)
 (TO COMPARE with output) iq =            8 rvect=           0           0
           0 pi_q_unrelax= (8.381321461642244E-002,-2.179724453427774E-018)
 (8.381321461642244E-002,-2.179724453427774E-018) pi_q_relax = 
 (3.071468093227378E-002,-1.500842959763111E-009)
 (3.071468093227378E-002,-1.500842959763111E-009)
 (TO COMPARE with output) iq =            8 rvect=           0           0
           0 pi_q_unrelax= (8.381321461642244E-002,-2.179724453427774E-018)
 (8.381321461642244E-002,-2.179724453427774E-018) pi_q_relax = 
 (3.071468093227378E-002,-1.500842959763111E-009)
 (3.071468093227378E-002,-1.500842959763111E-009)

        iq =   8   iwann =   2   rPi_q =     0.03071468    -0.00000000   uPi_q =     0.08381321     0.00000000   SH_q =     0.04190661    -0.00000000

        Start LR calculation for the wannier #  3   iq =  8   spin =  1

        SYM : iwann=     3 iq =     8 weight =   0.12500000

      iter #   1 total cpu time :    29.6 secs   av.it.:  13.8
      thresh= 1.000E-06 alpha_mix =  0.700 |ddv_scf|^2 =  9.947E-06

      iter #   2 total cpu time :    29.6 secs   av.it.:  13.9
      thresh= 1.000E-06 alpha_mix =  0.700 |ddv_scf|^2 =  4.868E-05

      iter #   3 total cpu time :    29.7 secs   av.it.:  13.4
      thresh= 1.000E-06 alpha_mix =  0.700 |ddv_scf|^2 =  6.673E-07

      iter #   4 total cpu time :    29.7 secs   av.it.:  12.5
      thresh= 1.000E-06 alpha_mix =  0.700 |ddv_scf|^2 =  1.366E-09

      iter #   5 total cpu time :    29.7 secs   av.it.:  11.7
      thresh= 3.695E-07 alpha_mix =  0.700 |ddv_scf|^2 =  6.886E-11

      iter #   6 total cpu time :    29.8 secs   av.it.:  11.6
      thresh= 8.298E-08 alpha_mix =  0.700 |ddv_scf|^2 =  1.027E-12

      iter #   7 total cpu time :    29.8 secs   av.it.:  11.7
      thresh= 1.013E-08 alpha_mix =  0.700 |ddv_scf|^2 =  1.505E-14

      iter #   8 total cpu time :    29.9 secs   av.it.:  11.9
      thresh= 1.227E-09 alpha_mix =  0.700 |ddv_scf|^2 =  2.992E-15

      iter #   9 total cpu time :    29.9 secs   av.it.:  11.8
      thresh= 5.470E-10 alpha_mix =  0.700 |ddv_scf|^2 =  5.709E-16

      iter #  10 total cpu time :    30.0 secs   av.it.:  11.2
      thresh= 2.389E-10 alpha_mix =  0.700 |ddv_scf|^2 =  1.039E-15

      iter #  11 total cpu time :    30.0 secs   av.it.:  10.8
      thresh= 3.223E-10 alpha_mix =  0.700 |ddv_scf|^2 =  1.498E-18

      iter #  12 total cpu time :    30.0 secs   av.it.:  11.8
      thresh= 1.224E-11 alpha_mix =  0.700 |ddv_scf|^2 =  5.699E-19
 (TO COMPARE with output) iq =            8 rvect=           0           0
           0 pi_q_unrelax= (8.381322622781580E-002,-1.462165637300975E-018)
 (8.381322622781580E-002,-1.462165637300975E-018) pi_q_relax = 
 (3.071468486647375E-002,-1.047419612898198E-010)
 (3.071468486647375E-002,-1.047419612898198E-010)
 (TO COMPARE with output) iq =            8 rvect=           0           0
           0 pi_q_unrelax= (8.381322622781580E-002,-1.462165637300975E-018)
 (8.381322622781580E-002,-1.462165637300975E-018) pi_q_relax = 
 (3.071468486647375E-002,-1.047419612898198E-010)
 (3.071468486647375E-002,-1.047419612898198E-010)
 (TO COMPARE with output) iq =            8 rvect=           0           0
           0 pi_q_unrelax= (8.381322622781580E-002,-1.462165637300975E-018)
 (8.381322622781580E-002,-1.462165637300975E-018) pi_q_relax = 
 (3.071468486647375E-002,-1.047419612898198E-010)
 (3.071468486647375E-002,-1.047419612898198E-010)
 (TO COMPARE with output) iq =            8 rvect=           0           0
           0 pi_q_unrelax= (8.381322622781580E-002,-1.462165637300975E-018)
 (8.381322622781580E-002,-1.462165637300975E-018) pi_q_relax = 
 (3.071468486647375E-002,-1.047419612898198E-010)
 (3.071468486647375E-002,-1.047419612898198E-010)

        iq =   8   iwann =   3   rPi_q =     0.03071468    -0.00000000   uPi_q =     0.08381323    -0.00000000   SH_q =     0.04190661    -0.00000000

        Start LR calculation for the wannier #  4   iq =  8   spin =  1

        SYM : iwann=     4 iq =     8 weight =   0.12500000

      iter #   1 total cpu time :    30.1 secs   av.it.:  13.9
      thresh= 1.000E-06 alpha_mix =  0.700 |ddv_scf|^2 =  9.947E-06

      iter #   2 total cpu time :    30.1 secs   av.it.:  13.9
      thresh= 1.000E-06 alpha_mix =  0.700 |ddv_scf|^2 =  4.868E-05

      iter #   3 total cpu time :    30.2 secs   av.it.:  13.4
      thresh= 1.000E-06 alpha_mix =  0.700 |ddv_scf|^2 =  6.673E-07

      iter #   4 total cpu time :    30.2 secs   av.it.:  12.5
      thresh= 1.000E-06 alpha_mix =  0.700 |ddv_scf|^2 =  1.366E-09

      iter #   5 total cpu time :    30.3 secs   av.it.:  11.8
      thresh= 3.695E-07 alpha_mix =  0.700 |ddv_scf|^2 =  6.886E-11

      iter #   6 total cpu time :    30.3 secs   av.it.:  11.6
      thresh= 8.298E-08 alpha_mix =  0.700 |ddv_scf|^2 =  1.027E-12

      iter #   7 total cpu time :    30.4 secs   av.it.:  11.6
      thresh= 1.013E-08 alpha_mix =  0.700 |ddv_scf|^2 =  1.505E-14

      iter #   8 total cpu time :    30.4 secs   av.it.:  11.9
      thresh= 1.227E-09 alpha_mix =  0.700 |ddv_scf|^2 =  2.992E-15

      iter #   9 total cpu time :    30.4 secs   av.it.:  11.8
      thresh= 5.470E-10 alpha_mix =  0.700 |ddv_scf|^2 =  5.708E-16

      iter #  10 total cpu time :    30.5 secs   av.it.:  11.3
      thresh= 2.389E-10 alpha_mix =  0.700 |ddv_scf|^2 =  1.039E-15

      iter #  11 total cpu time :    30.5 secs   av.it.:  10.9
      thresh= 3.223E-10 alpha_mix =  0.700 |ddv_scf|^2 =  1.497E-18

      iter #  12 total cpu time :    30.6 secs   av.it.:  11.9
      thresh= 1.224E-11 alpha_mix =  0.700 |ddv_scf|^2 =  5.700E-19
 (TO COMPARE with output) iq =            8 rvect=           0           0
           0 pi_q_unrelax= (8.381321645439539E-002,9.818988045191528E-019)
 (8.381321645439539E-002,9.818988045191528E-019) pi_q_relax = 
 (3.071467870695300E-002,2.548583713649097E-010)
 (3.071467870695300E-002,2.548583713649097E-010)
 (TO COMPARE with output) iq =            8 rvect=           0           0
           0 pi_q_unrelax= (8.381321645439539E-002,9.818988045191528E-019)
 (8.381321645439539E-002,9.818988045191528E-019) pi_q_relax = 
 (3.071467870695300E-002,2.548583713649097E-010)
 (3.071467870695300E-002,2.548583713649097E-010)
 (TO COMPARE with output) iq =            8 rvect=           0           0
           0 pi_q_unrelax= (8.381321645439539E-002,9.818988045191528E-019)
 (8.381321645439539E-002,9.818988045191528E-019) pi_q_relax = 
 (3.071467870695300E-002,2.548583713649097E-010)
 (3.071467870695300E-002,2.548583713649097E-010)
 (TO COMPARE with output) iq =            8 rvect=           0           0
           0 pi_q_unrelax= (8.381321645439539E-002,9.818988045191528E-019)
 (8.381321645439539E-002,9.818988045191528E-019) pi_q_relax = 
 (3.071467870695300E-002,2.548583713649097E-010)
 (3.071467870695300E-002,2.548583713649097E-010)

        iq =   8   iwann =   4   rPi_q =     0.03071468     0.00000000   uPi_q =     0.08381322     0.00000000   SH_q =     0.04190661    -0.00000000

        Start LR calculation for the wannier #  5   iq =  8   spin =  1

        SYM : iwann=     5 iq =     8 weight =   0.12500000

      iter #   1 total cpu time :    30.6 secs   av.it.:  13.5
      thresh= 1.000E-06 alpha_mix =  0.700 |ddv_scf|^2 =  6.308E-06

      iter #   2 total cpu time :    30.7 secs   av.it.:  13.6
      thresh= 1.000E-06 alpha_mix =  0.700 |ddv_scf|^2 =  2.338E-05

      iter #   3 total cpu time :    30.7 secs   av.it.:  13.1
      thresh= 1.000E-06 alpha_mix =  0.700 |ddv_scf|^2 =  9.680E-07

      iter #   4 total cpu time :    30.8 secs   av.it.:  12.1
      thresh= 1.000E-06 alpha_mix =  0.700 |ddv_scf|^2 =  1.203E-09

      iter #   5 total cpu time :    30.8 secs   av.it.:  10.8
      thresh= 3.468E-07 alpha_mix =  0.700 |ddv_scf|^2 =  8.881E-11

      iter #   6 total cpu time :    30.8 secs   av.it.:  10.9
      thresh= 9.424E-08 alpha_mix =  0.700 |ddv_scf|^2 =  1.070E-12

      iter #   7 total cpu time :    30.9 secs   av.it.:  11.1
      thresh= 1.035E-08 alpha_mix =  0.700 |ddv_scf|^2 =  1.559E-14

      iter #   8 total cpu time :    30.9 secs   av.it.:  10.8
      thresh= 1.249E-09 alpha_mix =  0.700 |ddv_scf|^2 =  6.727E-17

      iter #   9 total cpu time :    31.0 secs   av.it.:  11.0
      thresh= 8.202E-11 alpha_mix =  0.700 |ddv_scf|^2 =  1.994E-17

      iter #  10 total cpu time :    31.0 secs   av.it.:  10.8
      thresh= 4.465E-11 alpha_mix =  0.700 |ddv_scf|^2 =  1.982E-17

      iter #  11 total cpu time :    31.0 secs   av.it.:  10.1
      thresh= 4.452E-11 alpha_mix =  0.700 |ddv_scf|^2 =  1.122E-18

      iter #  12 total cpu time :    31.1 secs   av.it.:  10.8
      thresh= 1.059E-11 alpha_mix =  0.700 |ddv_scf|^2 =  2.061E-20
 (TO COMPARE with output) iq =            8 rvect=           0           0
           0 pi_q_unrelax= (8.282779217557705E-002,1.173216763157060E-019)
 (8.282779217557705E-002,1.173216763157060E-019) pi_q_relax = 
 (3.435445402980458E-002,1.800754603582972E-010)
 (3.435445402980458E-002,1.800754603582972E-010)
 (TO COMPARE with output) iq =            8 rvect=           0           0
           0 pi_q_unrelax= (8.282779217557705E-002,1.173216763157060E-019)
 (8.282779217557705E-002,1.173216763157060E-019) pi_q_relax = 
 (3.435445402980458E-002,1.800754603582972E-010)
 (3.435445402980458E-002,1.800754603582972E-010)
 (TO COMPARE with output) iq =            8 rvect=           0           0
           0 pi_q_unrelax= (8.282779217557705E-002,1.173216763157060E-019)
 (8.282779217557705E-002,1.173216763157060E-019) pi_q_relax = 
 (3.435445402980458E-002,1.800754603582972E-010)
 (3.435445402980458E-002,1.800754603582972E-010)
 (TO COMPARE with output) iq =            8 rvect=           0           0
           0 pi_q_unrelax= (8.282779217557705E-002,1.173216763157060E-019)
 (8.282779217557705E-002,1.173216763157060E-019) pi_q_relax = 
 (3.435445402980458E-002,1.800754603582972E-010)
 (3.435445402980458E-002,1.800754603582972E-010)

        iq =   8   iwann =   5   rPi_q =     0.03435445     0.00000000   uPi_q =     0.08282779    -0.00000000   SH_q =     0.04141390     0.00000000

        Start LR calculation for the wannier #  6   iq =  8   spin =  1

        SYM : iwann=     6 iq =     8 weight =   0.12500000

      iter #   1 total cpu time :    31.1 secs   av.it.:  13.9
      thresh= 1.000E-06 alpha_mix =  0.700 |ddv_scf|^2 =  9.947E-06

      iter #   2 total cpu time :    31.2 secs   av.it.:  13.9
      thresh= 1.000E-06 alpha_mix =  0.700 |ddv_scf|^2 =  4.868E-05

      iter #   3 total cpu time :    31.2 secs   av.it.:  13.4
      thresh= 1.000E-06 alpha_mix =  0.700 |ddv_scf|^2 =  6.673E-07

      iter #   4 total cpu time :    31.3 secs   av.it.:  12.4
      thresh= 1.000E-06 alpha_mix =  0.700 |ddv_scf|^2 =  1.366E-09

      iter #   5 total cpu time :    31.3 secs   av.it.:  11.6
      thresh= 3.695E-07 alpha_mix =  0.700 |ddv_scf|^2 =  6.886E-11

      iter #   6 total cpu time :    31.4 secs   av.it.:  11.6
      thresh= 8.298E-08 alpha_mix =  0.700 |ddv_scf|^2 =  1.027E-12

      iter #   7 total cpu time :    31.4 secs   av.it.:  11.8
      thresh= 1.013E-08 alpha_mix =  0.700 |ddv_scf|^2 =  1.505E-14

      iter #   8 total cpu time :    31.5 secs   av.it.:  11.9
      thresh= 1.227E-09 alpha_mix =  0.700 |ddv_scf|^2 =  2.992E-15

      iter #   9 total cpu time :    31.5 secs   av.it.:  11.8
      thresh= 5.470E-10 alpha_mix =  0.700 |ddv_scf|^2 =  5.707E-16

      iter #  10 total cpu time :    31.5 secs   av.it.:  11.3
      thresh= 2.389E-10 alpha_mix =  0.700 |ddv_scf|^2 =  1.039E-15

      iter #  11 total cpu time :    31.6 secs   av.it.:  10.8
      thresh= 3.223E-10 alpha_mix =  0.700 |ddv_scf|^2 =  1.497E-18

      iter #  12 total cpu time :    31.6 secs   av.it.:  11.8
      thresh= 1.223E-11 alpha_mix =  0.700 |ddv_scf|^2 =  5.704E-19
 (TO COMPARE with output) iq =            8 rvect=           0           0
           0 pi_q_unrelax= (8.381321313505388E-002,2.705528036121528E-018)
 (8.381321313505388E-002,2.705528036121528E-018) pi_q_relax = 
 (3.071468220030094E-002,6.262701765750651E-010)
 (3.071468220030094E-002,6.262701765750651E-010)
 (TO COMPARE with output) iq =            8 rvect=           0           0
           0 pi_q_unrelax= (8.381321313505388E-002,2.705528036121528E-018)
 (8.381321313505388E-002,2.705528036121528E-018) pi_q_relax = 
 (3.071468220030094E-002,6.262701765750651E-010)
 (3.071468220030094E-002,6.262701765750651E-010)
 (TO COMPARE with output) iq =            8 rvect=           0           0
           0 pi_q_unrelax= (8.381321313505388E-002,2.705528036121528E-018)
 (8.381321313505388E-002,2.705528036121528E-018) pi_q_relax = 
 (3.071468220030094E-002,6.262701765750651E-010)
 (3.071468220030094E-002,6.262701765750651E-010)
 (TO COMPARE with output) iq =            8 rvect=           0           0
           0 pi_q_unrelax= (8.381321313505388E-002,2.705528036121528E-018)
 (8.381321313505388E-002,2.705528036121528E-018) pi_q_relax = 
 (3.071468220030094E-002,6.262701765750651E-010)
 (3.071468220030094E-002,6.262701765750651E-010)

        iq =   8   iwann =   6   rPi_q =     0.03071468     0.00000000   uPi_q =     0.08381321    -0.00000000   SH_q =     0.04190661    -0.00000000

        Start LR calculation for the wannier #  7   iq =  8   spin =  1

        SYM : iwann=     7 iq =     8 weight =   0.12500000

      iter #   1 total cpu time :    31.7 secs   av.it.:  13.5
      thresh= 1.000E-06 alpha_mix =  0.700 |ddv_scf|^2 =  6.308E-06

      iter #   2 total cpu time :    31.8 secs   av.it.:  13.6
      thresh= 1.000E-06 alpha_mix =  0.700 |ddv_scf|^2 =  2.338E-05

      iter #   3 total cpu time :    31.8 secs   av.it.:  13.2
      thresh= 1.000E-06 alpha_mix =  0.700 |ddv_scf|^2 =  9.680E-07

      iter #   4 total cpu time :    31.8 secs   av.it.:  12.1
      thresh= 1.000E-06 alpha_mix =  0.700 |ddv_scf|^2 =  1.203E-09

      iter #   5 total cpu time :    31.9 secs   av.it.:  10.8
      thresh= 3.468E-07 alpha_mix =  0.700 |ddv_scf|^2 =  8.881E-11

      iter #   6 total cpu time :    31.9 secs   av.it.:  10.9
      thresh= 9.424E-08 alpha_mix =  0.700 |ddv_scf|^2 =  1.070E-12

      iter #   7 total cpu time :    32.0 secs   av.it.:  11.1
      thresh= 1.035E-08 alpha_mix =  0.700 |ddv_scf|^2 =  1.558E-14

      iter #   8 total cpu time :    32.0 secs   av.it.:  10.8
      thresh= 1.248E-09 alpha_mix =  0.700 |ddv_scf|^2 =  6.660E-17

      iter #   9 total cpu time :    32.0 secs   av.it.:  10.9
      thresh= 8.161E-11 alpha_mix =  0.700 |ddv_scf|^2 =  1.662E-17

      iter #  10 total cpu time :    32.1 secs   av.it.:  10.8
      thresh= 4.077E-11 alpha_mix =  0.700 |ddv_scf|^2 =  1.730E-17

      iter #  11 total cpu time :    32.1 secs   av.it.:  10.1
      thresh= 4.159E-11 alpha_mix =  0.700 |ddv_scf|^2 =  1.095E-18

      iter #  12 total cpu time :    32.2 secs   av.it.:  10.8
      thresh= 1.047E-11 alpha_mix =  0.700 |ddv_scf|^2 =  1.920E-20
 (TO COMPARE with output) iq =            8 rvect=           0           0
           0 pi_q_unrelax= (8.282779851232584E-002,3.235916749478670E-019)
 (8.282779851232584E-002,3.235916749478670E-019) pi_q_relax = 
 (3.435445633085918E-002,-2.072254402309244E-010)
 (3.435445633085918E-002,-2.072254402309244E-010)
 (TO COMPARE with output) iq =            8 rvect=           0           0
           0 pi_q_unrelax= (8.282779851232584E-002,3.235916749478670E-019)
 (8.282779851232584E-002,3.235916749478670E-019) pi_q_relax = 
 (3.435445633085918E-002,-2.072254402309244E-010)
 (3.435445633085918E-002,-2.072254402309244E-010)
 (TO COMPARE with output) iq =            8 rvect=           0           0
           0 pi_q_unrelax= (8.282779851232584E-002,3.235916749478670E-019)
 (8.282779851232584E-002,3.235916749478670E-019) pi_q_relax = 
 (3.435445633085918E-002,-2.072254402309244E-010)
 (3.435445633085918E-002,-2.072254402309244E-010)
 (TO COMPARE with output) iq =            8 rvect=           0           0
           0 pi_q_unrelax= (8.282779851232584E-002,3.235916749478670E-019)
 (8.282779851232584E-002,3.235916749478670E-019) pi_q_relax = 
 (3.435445633085918E-002,-2.072254402309244E-010)
 (3.435445633085918E-002,-2.072254402309244E-010)

        iq =   8   iwann =   7   rPi_q =     0.03435446    -0.00000000   uPi_q =     0.08282780     0.00000000   SH_q =     0.04141390    -0.00000000

        Start LR calculation for the wannier #  8   iq =  8   spin =  1

        SYM : iwann=     8 iq =     8 weight =   0.12500000

      iter #   1 total cpu time :    32.2 secs   av.it.:  13.9
      thresh= 1.000E-06 alpha_mix =  0.700 |ddv_scf|^2 =  9.947E-06

      iter #   2 total cpu time :    32.3 secs   av.it.:  13.9
      thresh= 1.000E-06 alpha_mix =  0.700 |ddv_scf|^2 =  4.868E-05

      iter #   3 total cpu time :    32.3 secs   av.it.:  13.4
      thresh= 1.000E-06 alpha_mix =  0.700 |ddv_scf|^2 =  6.673E-07

      iter #   4 total cpu time :    32.4 secs   av.it.:  12.5
      thresh= 1.000E-06 alpha_mix =  0.700 |ddv_scf|^2 =  1.366E-09

      iter #   5 total cpu time :    32.4 secs   av.it.:  11.6
      thresh= 3.695E-07 alpha_mix =  0.700 |ddv_scf|^2 =  6.886E-11

      iter #   6 total cpu time :    32.5 secs   av.it.:  11.5
      thresh= 8.298E-08 alpha_mix =  0.700 |ddv_scf|^2 =  1.027E-12

      iter #   7 total cpu time :    32.5 secs   av.it.:  11.7
      thresh= 1.013E-08 alpha_mix =  0.700 |ddv_scf|^2 =  1.505E-14

      iter #   8 total cpu time :    32.5 secs   av.it.:  11.9
      thresh= 1.227E-09 alpha_mix =  0.700 |ddv_scf|^2 =  2.993E-15

      iter #   9 total cpu time :    32.6 secs   av.it.:  11.8
      thresh= 5.471E-10 alpha_mix =  0.700 |ddv_scf|^2 =  5.711E-16

      iter #  10 total cpu time :    32.6 secs   av.it.:  11.2
      thresh= 2.390E-10 alpha_mix =  0.700 |ddv_scf|^2 =  1.039E-15

      iter #  11 total cpu time :    32.7 secs   av.it.:  10.8
      thresh= 3.223E-10 alpha_mix =  0.700 |ddv_scf|^2 =  1.498E-18

      iter #  12 total cpu time :    32.7 secs   av.it.:  11.8
      thresh= 1.224E-11 alpha_mix =  0.700 |ddv_scf|^2 =  5.706E-19
 (TO COMPARE with output) iq =            8 rvect=           0           0
           0 pi_q_unrelax= (8.381322154634292E-002,3.297755659582276E-018)
 (8.381322154634292E-002,3.297755659582276E-018) pi_q_relax = 
 (3.071468378354894E-002,-4.597773428585132E-010)
 (3.071468378354894E-002,-4.597773428585132E-010)
 (TO COMPARE with output) iq =            8 rvect=           0           0
           0 pi_q_unrelax= (8.381322154634292E-002,3.297755659582276E-018)
 (8.381322154634292E-002,3.297755659582276E-018) pi_q_relax = 
 (3.071468378354894E-002,-4.597773428585132E-010)
 (3.071468378354894E-002,-4.597773428585132E-010)
 (TO COMPARE with output) iq =            8 rvect=           0           0
           0 pi_q_unrelax= (8.381322154634292E-002,3.297755659582276E-018)
 (8.381322154634292E-002,3.297755659582276E-018) pi_q_relax = 
 (3.071468378354894E-002,-4.597773428585132E-010)
 (3.071468378354894E-002,-4.597773428585132E-010)
 (TO COMPARE with output) iq =            8 rvect=           0           0
           0 pi_q_unrelax= (8.381322154634292E-002,3.297755659582276E-018)
 (8.381322154634292E-002,3.297755659582276E-018) pi_q_relax = 
 (3.071468378354894E-002,-4.597773428585132E-010)
 (3.071468378354894E-002,-4.597773428585132E-010)

        iq =   8   iwann =   8   rPi_q =     0.03071468    -0.00000000   uPi_q =     0.08381322    -0.00000000   SH_q =     0.04190661    -0.00000000


     INFO: LR CALCULATION ... DONE





        iwann  =     1   relaxed =      0.22106337   unrelaxed =      1.02835012   alpha =  0.21496898   self Hartree =  0.51417506

        iwann  =     2   relaxed =      0.22106336   unrelaxed =      1.02835008   alpha =  0.21496897   self Hartree =  0.51417504

        iwann  =     3   relaxed =      0.22106339   unrelaxed =      1.02835018   alpha =  0.21496898   self Hartree =  0.51417509

        iwann  =     4   relaxed =      0.22106338   unrelaxed =      1.02835013   alpha =  0.21496898   self Hartree =  0.51417506

        iwann  =     5   relaxed =      0.22106336   unrelaxed =      1.02835007   alpha =  0.21496897   self Hartree =  0.51417504

        iwann  =     6   relaxed =      0.22106335   unrelaxed =      1.02835005   alpha =  0.21496897   self Hartree =  0.51417502

        iwann  =     7   relaxed =      0.22106338   unrelaxed =      1.02835010   alpha =  0.21496898   self Hartree =  0.51417505

        iwann  =     8   relaxed =      0.22106338   unrelaxed =      1.02835013   alpha =  0.21496898   self Hartree =  0.51417507




 
     init_run     :      0.03s CPU      0.03s WALL (       7 calls)
     electrons    :      0.97s CPU      1.05s WALL (       7 calls)

     Called by init_run:
     wfcinit      :      0.00s CPU      0.00s WALL (       7 calls)
     wfcinit:atom :      0.00s CPU      0.00s WALL (     224 calls)
     wfcinit:wfcr :      0.08s CPU      0.08s WALL (     224 calls)
     potinit      :      0.01s CPU      0.01s WALL (       7 calls)
     hinit0       :      0.01s CPU      0.01s WALL (       7 calls)

     Called by electrons:
     c_bands      :      0.97s CPU      1.05s WALL (       7 calls)
     v_of_rho     :      0.01s CPU      0.01s WALL (       8 calls)
     v_h          :      0.00s CPU      0.00s WALL (       8 calls)
     v_xc         :      0.01s CPU      0.01s WALL (       8 calls)

     Called by c_bands:
     init_us_2    :      0.25s CPU      0.30s WALL (   11200 calls)
     cegterg      :      0.86s CPU      0.92s WALL (     224 calls)

     Called by sum_band:

     Called by *egterg:
     cdiaghg      :      0.21s CPU      0.23s WALL (    2604 calls)
     cegterg:over :      0.05s CPU      0.05s WALL (    2380 calls)
     cegterg:upda :      0.02s CPU      0.02s WALL (    2380 calls)
     cegterg:last :      0.01s CPU      0.01s WALL (     784 calls)
     h_psi        :     19.38s CPU     21.91s WALL (  149336 calls)
     g_psi        :      0.01s CPU      0.01s WALL (    2380 calls)

     Called by h_psi:
     h_psi:calbec :      1.36s CPU      1.54s WALL (  149336 calls)
     vloc_psi     :     16.52s CPU     18.68s WALL (  149336 calls)
                                        0.00s GPU  (  149336 calls)
     add_vuspsi   :      0.86s CPU      0.97s WALL (  149336 calls)

     General routines
     calbec       :      1.16s CPU      1.32s WALL (  149336 calls)
     fft          :      0.07s CPU      0.08s WALL (    3470 calls)
     ffts         :      0.53s CPU      0.57s WALL (   29760 calls)
     fftw         :     15.11s CPU     17.12s WALL ( 1290802 calls)
     davcio       :      0.46s CPU      1.04s WALL (   61544 calls)
 
     Parallel routines
 
     KCW          :     28.35s CPU     32.73s WALL

     INITIALIZATION: 
 
     init_vloc    :      0.01s CPU      0.01s WALL (       8 calls)
     init_us_1    :      0.00s CPU      0.00s WALL (       8 calls)
 
     solve_linter :     26.29s CPU     30.49s WALL (      64 calls)
     kcw_run_nscf :      1.04s CPU      1.12s WALL (       7 calls)
 
     solve_linter :     26.29s CPU     30.49s WALL (      64 calls)
     ortho        :      0.10s CPU      0.12s WALL (   10976 calls)
     cgsolve      :     22.11s CPU     25.04s WALL (   10976 calls)
     incdrhoscf   :      1.54s CPU      1.74s WALL (   10976 calls)
                                        0.00s GPU  (   10976 calls)
     dv_of_drho   :      0.08s CPU      0.09s WALL (     686 calls)
     mix_pot      :      0.28s CPU      0.51s WALL (     686 calls)
 
 
     cgsolve      :     22.11s CPU     25.04s WALL (   10976 calls)
     ch_psi       :     21.01s CPU     23.79s WALL (  146508 calls)
 
     ch_psi       :     21.01s CPU     23.79s WALL (  146508 calls)
     h_psi        :     19.38s CPU     21.91s WALL (  149336 calls)
     last         :      1.49s CPU      1.69s WALL (  146508 calls)
 
     h_psi        :     19.38s CPU     21.91s WALL (  149336 calls)
     add_vuspsi   :      0.86s CPU      0.97s WALL (  149336 calls)
 
     incdrhoscf   :      1.54s CPU      1.74s WALL (   10976 calls)
                                        0.00s GPU  (   10976 calls)
 
 
      General routines
     calbec       :      1.16s CPU      1.32s WALL (  149336 calls)
     fft          :      0.07s CPU      0.08s WALL (    3470 calls)
     ffts         :      0.53s CPU      0.57s WALL (   29760 calls)
     fftw         :     15.11s CPU     17.12s WALL ( 1290802 calls)
     davcio       :      0.46s CPU      1.04s WALL (   61544 calls)
 
 
     KCW          :     28.35s CPU     32.73s WALL

 
   This run was terminated on:  16:18:18  14Apr2025            

=------------------------------------------------------------------------------=
   JOB DONE.
=------------------------------------------------------------------------------=
