
     =--------------------------------------------------------------------------------=
                      :::    :::           ::::::::         :::       ::: 
                     :+:   :+:           :+:    :+:        :+:       :+:  
                    +:+  +:+            +:+               +:+       +:+   
                   +#++:++             +#+               +#+  +:+  +#+    
                  +#+  +#+            +#+               +#+ +#+#+ +#+     
                 #+#   #+#           #+#    #+#         #+#+# #+#+#       
                ###    ###           ########           ###   ###         

       Koopmans functional implementation based on DFPT; please cite this program as

        N.Colonna, R. De Gennaro, E. Linscott, and N. Marzari, JCTC 18, 5435 (2022) 

                                                                                    

       If you use the non-collinear mode (with/without spin-orbit coupling) please cite

        A. Marrazzo and N. Colonna, Phys. Rev. Research 6, 033085 (2024)  
     =--------------------------------------------------------------------------------=

     Program KCW v.7.4 starts on 14Apr2025 at 16:33:26 
        Git branch: Coulomb_me
        Last git commit: 140e689901782c8134db5a3b00019569d766bac2-dirty
        Last git commit date: Fri Mar 21 16:08:22 2025 +0100
        Last git commit subject: forgot to brodcast input vars

     This program is part of the open-source Quantum ESPRESSO suite
     for quantum simulation of materials; please cite
         "P. Giannozzi et al., J. Phys.:Condens. Matter 21 395502 (2009);
         "P. Giannozzi et al., J. Phys.:Condens. Matter 29 465901 (2017);
         "P. Giannozzi et al., J. Chem. Phys. 152 154105 (2020);
          URL http://www.quantum-espresso.org", 
     in publications or presentations arising from this work. More details at
     http://www.quantum-espresso.org/quote

     Parallel version (MPI), running on     4 processors

     MPI processes distributed on     1 nodes
     R & G space division:  proc/nbgrp/npool/nimage =       4
     50294 MiB available memory on the printing compute node when the environment starts
 

     KCW INPUT SUMMARY 
     ============================================

      CONTROL 
       # title               =       W2K Silicon
       # out_dir             =/home/colonna_n/CO
       # prefix              =                Si
       # calculation         =            screen
       # kcw_iverbosity      =                 2
       # kcw_at_ks           =                 F
       # MP grid             =     2     2     2
       # spin_component      =                 1
       # homo_only           =                 F
       # read_unitary_matrix =                 T
       # check_ks            =                 T
       # l_vcut              =                 T
       # assume_isolated     =              none
       # io_sp               =                 F
       # io_real_space       =                 F
       # get_coulomb         =                 T
       # irr_bz              =                 F
           # use_wct         =                 F

      WANNIER 
       # seedname            =                Si
       # num_wann_occ        =                 4
       # have_empty          =                 F
       # has_disentangle     =                 F
       # l_unique_manifold   =                 T

      SCREEN 
       # lrpa                =                 T
       # tr2                 =        0.1000E-17
       # niter               =                33
       # nmix                =                 4
       # eps_inf             =        0.1000E+01
       # check_spread        =                 F
     ============================================

     INFO: Reading pwscf data

     Reading xml data from directory:

     /home/colonna_n/CODES/q-e-kcw/tempdir/Si.save/

     IMPORTANT: XC functional enforced from input :
     Exchange-correlation= PW
                           (   1   4   0   0   0   0   0)
     Any further DFT definition will be discarded
     Please, verify this is what you really want

 
     Parallelization info
     --------------------
     sticks:   dense  smooth     PW     G-vecs:    dense   smooth      PW
     Min          73      73     22                  821      821     152
     Max          74      74     23                  823      823     153
     Sum         295     295     91                 3287     3287     609
 
     Using Slab Decomposition
 
     Reading collected, re-writing distributed wavefunctions

     INFO: Buffer for KS wfcs, OPENED

     INFO: Optimal Matrix READ

     INFO: total number of Wannier functions    8

     INFO: Unitary matrix, READ from file

     INFO: Buffer for WF rho, OPENED

     INFO: Dielectric tensor = NOT SPECIFIED
           NO Correction for the Screened Coulomb

     INFO: Coulomb q+G=0 treatment:
     INFO: Divergence            gb      
     INFO: q-grid dimension         2   2   2
     INFO: cell volume               270.256360799503
     INFO: Gamma Extrapolation       F
     INFO: extrapolation q->0 term not estimated
     INFO: Bare Coulomb q+G=0           -9.65859E+02
     INFO: Screened Coulomb q+G=0          0.000000000000
           Isotropic estimate              0.000000000000
     INFO: uPi(q+G=0) estimation           0.446732590576
     INFO: rPi(q+G=0) estimation           0.000000000000

     INFO: READING Wannier-orbital Densities ...

        ==============================================================================
        iq =     1
        The  Wannier density at  q =    0.0000000   0.0000000   0.0000000  [Cart ]
        The  Wannier density at  q =    0.0000000   0.0000000   0.0000000  [Cryst]
        ==============================================================================


        ==============================================================================
        iq =     2
        The  Wannier density at  q =   -0.5000000   0.5000000  -0.5000000  [Cart ]
        The  Wannier density at  q =    0.0000000   0.0000000   0.5000000  [Cryst]
        ==============================================================================


        ==============================================================================
        iq =     3
        The  Wannier density at  q =    0.5000000   0.5000000   0.5000000  [Cart ]
        The  Wannier density at  q =    0.0000000   0.5000000   0.0000000  [Cryst]
        ==============================================================================


        ==============================================================================
        iq =     4
        The  Wannier density at  q =    0.0000000   1.0000000   0.0000000  [Cart ]
        The  Wannier density at  q =    0.0000000   0.5000000   0.5000000  [Cryst]
        ==============================================================================


        ==============================================================================
        iq =     5
        The  Wannier density at  q =   -0.5000000  -0.5000000   0.5000000  [Cart ]
        The  Wannier density at  q =    0.5000000   0.0000000   0.0000000  [Cryst]
        ==============================================================================


        ==============================================================================
        iq =     6
        The  Wannier density at  q =   -1.0000000   0.0000000   0.0000000  [Cart ]
        The  Wannier density at  q =    0.5000000   0.0000000   0.5000000  [Cryst]
        ==============================================================================


        ==============================================================================
        iq =     7
        The  Wannier density at  q =    0.0000000   0.0000000   1.0000000  [Cart ]
        The  Wannier density at  q =    0.5000000   0.5000000   0.0000000  [Cryst]
        ==============================================================================


        ==============================================================================
        iq =     8
        The  Wannier density at  q =   -0.5000000   0.5000000   0.5000000  [Cart ]
        The  Wannier density at  q =    0.5000000   0.5000000   0.5000000  [Cryst]
        ==============================================================================

     INFO: total number of wannier to compute    8 from     1 to     8

     INFO: PREPARING THE KCW CALCULATION ... DONE




     INFO: LR CALCULATION ...

     INFO: total number of primitive cell    8


     ==============================================================================
     Calculation of q =    0.0000000   0.0000000   0.0000000  [Cart ]
     Calculation of q =    0.0000000   0.0000000   0.0000000  [Cryst]
     ==============================================================================

        INFO: prepare_q DONE

        INFO: rhowan_q(r) RETRIEVED

        INFO: kcw_q initialization DONE


        Start LR calculation for the wannier #  1   iq =  1   spin =  1

        SYM : iwann=     1 iq =     1 weight =   0.12500000

      iter #   1 total cpu time :     0.1 secs   av.it.:  13.1
      thresh= 1.000E-06 alpha_mix =  0.700 |ddv_scf|^2 =  2.705E-07

      iter #   2 total cpu time :     0.2 secs   av.it.:  12.8
      thresh= 1.000E-06 alpha_mix =  0.700 |ddv_scf|^2 =  1.536E-07

      iter #   3 total cpu time :     0.2 secs   av.it.:  12.1
      thresh= 1.000E-06 alpha_mix =  0.700 |ddv_scf|^2 =  1.858E-09

      iter #   4 total cpu time :     0.2 secs   av.it.:  11.3
      thresh= 4.310E-07 alpha_mix =  0.700 |ddv_scf|^2 =  2.832E-11

      iter #   5 total cpu time :     0.3 secs   av.it.:  11.4
      thresh= 5.322E-08 alpha_mix =  0.700 |ddv_scf|^2 =  1.106E-13

      iter #   6 total cpu time :     0.3 secs   av.it.:  11.4
      thresh= 3.326E-09 alpha_mix =  0.700 |ddv_scf|^2 =  1.530E-15

      iter #   7 total cpu time :     0.4 secs   av.it.:  11.4
      thresh= 3.911E-10 alpha_mix =  0.700 |ddv_scf|^2 =  2.669E-17

      iter #   8 total cpu time :     0.4 secs   av.it.:  11.2
      thresh= 5.167E-11 alpha_mix =  0.700 |ddv_scf|^2 =  5.322E-19
 (TO COMPARE with output) iq =            1 rvect=           0           0
           0 pi_q_unrelax= (0.481485336348154,-1.703500406498126E-019)
 (0.481485336348154,-1.703500406498126E-019) pi_q_relax = 
 (1.756139417440595E-002,1.961002868642218E-012)
 (1.756139417440595E-002,1.961002868642218E-012)
 (TO COMPARE with output) iq =            1 rvect=           0           0
           0 pi_q_unrelax= (0.481485336348154,-1.703500406498126E-019)
 (0.481485336348154,-1.703500406498126E-019) pi_q_relax = 
 (1.756139417440595E-002,1.961002868642218E-012)
 (1.756139417440595E-002,1.961002868642218E-012)
 (TO COMPARE with output) iq =            1 rvect=           0           0
           0 pi_q_unrelax= (0.481485336348154,-1.703500406498126E-019)
 (0.481485336348154,-1.703500406498126E-019) pi_q_relax = 
 (1.756139417440595E-002,1.961002868642218E-012)
 (1.756139417440595E-002,1.961002868642218E-012)
 (TO COMPARE with output) iq =            1 rvect=           0           0
           0 pi_q_unrelax= (0.481485336348154,-1.703500406498126E-019)
 (0.481485336348154,-1.703500406498126E-019) pi_q_relax = 
 (1.756139417440595E-002,1.961002868642218E-012)
 (1.756139417440595E-002,1.961002868642218E-012)

       INFO: Result without q+G=0      rPi*           0.01756139   uPi*           0.03475581
       INFO: The q+G=0 contribution   rPi(q+G=0)     0.00000000   uPi(q+G=0)     0.44673259

        iq =   1   iwann =   1   rPi_q =     0.01756139     0.00000000   uPi_q =     0.48148534     0.00000000   SH_q =     0.24074267    -0.00000000

        Start LR calculation for the wannier #  2   iq =  1   spin =  1

        SYM : iwann=     2 iq =     1 weight =   0.12500000

      iter #   1 total cpu time :     0.5 secs   av.it.:  13.1
      thresh= 1.000E-06 alpha_mix =  0.700 |ddv_scf|^2 =  2.704E-07

      iter #   2 total cpu time :     0.5 secs   av.it.:  12.9
      thresh= 1.000E-06 alpha_mix =  0.700 |ddv_scf|^2 =  1.536E-07

      iter #   3 total cpu time :     0.6 secs   av.it.:  12.1
      thresh= 1.000E-06 alpha_mix =  0.700 |ddv_scf|^2 =  1.858E-09

      iter #   4 total cpu time :     0.6 secs   av.it.:  11.4
      thresh= 4.310E-07 alpha_mix =  0.700 |ddv_scf|^2 =  2.832E-11

      iter #   5 total cpu time :     0.6 secs   av.it.:  11.6
      thresh= 5.322E-08 alpha_mix =  0.700 |ddv_scf|^2 =  1.106E-13

      iter #   6 total cpu time :     0.7 secs   av.it.:  11.4
      thresh= 3.326E-09 alpha_mix =  0.700 |ddv_scf|^2 =  1.530E-15

      iter #   7 total cpu time :     0.7 secs   av.it.:  11.4
      thresh= 3.911E-10 alpha_mix =  0.700 |ddv_scf|^2 =  2.671E-17

      iter #   8 total cpu time :     0.8 secs   av.it.:  11.2
      thresh= 5.168E-11 alpha_mix =  0.700 |ddv_scf|^2 =  5.324E-19
 (TO COMPARE with output) iq =            1 rvect=           0           0
           0 pi_q_unrelax= (0.481480581837573,-5.755120458878712E-019)
 (0.481480581837573,-5.755120458878712E-019) pi_q_relax = 
 (1.755865793773140E-002,-2.131795856179233E-012)
 (1.755865793773140E-002,-2.131795856179233E-012)
 (TO COMPARE with output) iq =            1 rvect=           0           0
           0 pi_q_unrelax= (0.481480581837573,-5.755120458878712E-019)
 (0.481480581837573,-5.755120458878712E-019) pi_q_relax = 
 (1.755865793773140E-002,-2.131795856179233E-012)
 (1.755865793773140E-002,-2.131795856179233E-012)
 (TO COMPARE with output) iq =            1 rvect=           0           0
           0 pi_q_unrelax= (0.481480581837573,-5.755120458878712E-019)
 (0.481480581837573,-5.755120458878712E-019) pi_q_relax = 
 (1.755865793773140E-002,-2.131795856179233E-012)
 (1.755865793773140E-002,-2.131795856179233E-012)
 (TO COMPARE with output) iq =            1 rvect=           0           0
           0 pi_q_unrelax= (0.481480581837573,-5.755120458878712E-019)
 (0.481480581837573,-5.755120458878712E-019) pi_q_relax = 
 (1.755865793773140E-002,-2.131795856179233E-012)
 (1.755865793773140E-002,-2.131795856179233E-012)

       INFO: Result without q+G=0      rPi*           0.01755866   uPi*           0.03475063
       INFO: The q+G=0 contribution   rPi(q+G=0)     0.00000000   uPi(q+G=0)     0.44673259

        iq =   1   iwann =   2   rPi_q =     0.01755866    -0.00000000   uPi_q =     0.48148058     0.00000000   SH_q =     0.24074029     0.00000000

        Start LR calculation for the wannier #  3   iq =  1   spin =  1

        SYM : iwann=     3 iq =     1 weight =   0.12500000

      iter #   1 total cpu time :     0.8 secs   av.it.:  13.1
      thresh= 1.000E-06 alpha_mix =  0.700 |ddv_scf|^2 =  2.705E-07

      iter #   2 total cpu time :     0.9 secs   av.it.:  12.9
      thresh= 1.000E-06 alpha_mix =  0.700 |ddv_scf|^2 =  1.536E-07

      iter #   3 total cpu time :     0.9 secs   av.it.:  12.1
      thresh= 1.000E-06 alpha_mix =  0.700 |ddv_scf|^2 =  1.858E-09

      iter #   4 total cpu time :     0.9 secs   av.it.:  11.2
      thresh= 4.310E-07 alpha_mix =  0.700 |ddv_scf|^2 =  2.832E-11

      iter #   5 total cpu time :     1.0 secs   av.it.:  11.8
      thresh= 5.322E-08 alpha_mix =  0.700 |ddv_scf|^2 =  1.106E-13

      iter #   6 total cpu time :     1.0 secs   av.it.:  11.3
      thresh= 3.326E-09 alpha_mix =  0.700 |ddv_scf|^2 =  1.530E-15

      iter #   7 total cpu time :     1.1 secs   av.it.:  11.4
      thresh= 3.912E-10 alpha_mix =  0.700 |ddv_scf|^2 =  2.670E-17

      iter #   8 total cpu time :     1.1 secs   av.it.:  11.2
      thresh= 5.168E-11 alpha_mix =  0.700 |ddv_scf|^2 =  5.322E-19
 (TO COMPARE with output) iq =            1 rvect=           0           0
           0 pi_q_unrelax= (0.481485058859381,5.497073660494723E-019)
 (0.481485058859381,5.497073660494723E-019) pi_q_relax = 
 (1.756136453634479E-002,5.476769617498653E-012)
 (1.756136453634479E-002,5.476769617498653E-012)
 (TO COMPARE with output) iq =            1 rvect=           0           0
           0 pi_q_unrelax= (0.481485058859381,5.497073660494723E-019)
 (0.481485058859381,5.497073660494723E-019) pi_q_relax = 
 (1.756136453634479E-002,5.476769617498653E-012)
 (1.756136453634479E-002,5.476769617498653E-012)
 (TO COMPARE with output) iq =            1 rvect=           0           0
           0 pi_q_unrelax= (0.481485058859381,5.497073660494723E-019)
 (0.481485058859381,5.497073660494723E-019) pi_q_relax = 
 (1.756136453634479E-002,5.476769617498653E-012)
 (1.756136453634479E-002,5.476769617498653E-012)
 (TO COMPARE with output) iq =            1 rvect=           0           0
           0 pi_q_unrelax= (0.481485058859381,5.497073660494723E-019)
 (0.481485058859381,5.497073660494723E-019) pi_q_relax = 
 (1.756136453634479E-002,5.476769617498653E-012)
 (1.756136453634479E-002,5.476769617498653E-012)

       INFO: Result without q+G=0      rPi*           0.01756136   uPi*           0.03475573
       INFO: The q+G=0 contribution   rPi(q+G=0)     0.00000000   uPi(q+G=0)     0.44673259

        iq =   1   iwann =   3   rPi_q =     0.01756136     0.00000000   uPi_q =     0.48148506    -0.00000000   SH_q =     0.24074253    -0.00000000

        Start LR calculation for the wannier #  4   iq =  1   spin =  1

        SYM : iwann=     4 iq =     1 weight =   0.12500000

      iter #   1 total cpu time :     1.2 secs   av.it.:  13.1
      thresh= 1.000E-06 alpha_mix =  0.700 |ddv_scf|^2 =  2.704E-07

      iter #   2 total cpu time :     1.2 secs   av.it.:  12.9
      thresh= 1.000E-06 alpha_mix =  0.700 |ddv_scf|^2 =  1.536E-07

      iter #   3 total cpu time :     1.3 secs   av.it.:  12.1
      thresh= 1.000E-06 alpha_mix =  0.700 |ddv_scf|^2 =  1.858E-09

      iter #   4 total cpu time :     1.3 secs   av.it.:  11.2
      thresh= 4.310E-07 alpha_mix =  0.700 |ddv_scf|^2 =  2.832E-11

      iter #   5 total cpu time :     1.3 secs   av.it.:  11.6
      thresh= 5.322E-08 alpha_mix =  0.700 |ddv_scf|^2 =  1.106E-13

      iter #   6 total cpu time :     1.4 secs   av.it.:  11.3
      thresh= 3.325E-09 alpha_mix =  0.700 |ddv_scf|^2 =  1.530E-15

      iter #   7 total cpu time :     1.4 secs   av.it.:  11.3
      thresh= 3.911E-10 alpha_mix =  0.700 |ddv_scf|^2 =  2.671E-17

      iter #   8 total cpu time :     1.5 secs   av.it.:  11.2
      thresh= 5.168E-11 alpha_mix =  0.700 |ddv_scf|^2 =  5.323E-19
 (TO COMPARE with output) iq =            1 rvect=           0           0
           0 pi_q_unrelax= (0.481480603884219,6.141567882378490E-019)
 (0.481480603884219,6.141567882378490E-019) pi_q_relax = 
 (1.755866981223337E-002,-5.259256274416338E-012)
 (1.755866981223337E-002,-5.259256274416338E-012)
 (TO COMPARE with output) iq =            1 rvect=           0           0
           0 pi_q_unrelax= (0.481480603884219,6.141567882378490E-019)
 (0.481480603884219,6.141567882378490E-019) pi_q_relax = 
 (1.755866981223337E-002,-5.259256274416338E-012)
 (1.755866981223337E-002,-5.259256274416338E-012)
 (TO COMPARE with output) iq =            1 rvect=           0           0
           0 pi_q_unrelax= (0.481480603884219,6.141567882378490E-019)
 (0.481480603884219,6.141567882378490E-019) pi_q_relax = 
 (1.755866981223337E-002,-5.259256274416338E-012)
 (1.755866981223337E-002,-5.259256274416338E-012)
 (TO COMPARE with output) iq =            1 rvect=           0           0
           0 pi_q_unrelax= (0.481480603884219,6.141567882378490E-019)
 (0.481480603884219,6.141567882378490E-019) pi_q_relax = 
 (1.755866981223337E-002,-5.259256274416338E-012)
 (1.755866981223337E-002,-5.259256274416338E-012)

       INFO: Result without q+G=0      rPi*           0.01755867   uPi*           0.03475065
       INFO: The q+G=0 contribution   rPi(q+G=0)     0.00000000   uPi(q+G=0)     0.44673259

        iq =   1   iwann =   4   rPi_q =     0.01755867    -0.00000000   uPi_q =     0.48148060    -0.00000000   SH_q =     0.24074030     0.00000000

        Start LR calculation for the wannier #  5   iq =  1   spin =  1

        SYM : iwann=     5 iq =     1 weight =   0.12500000

      iter #   1 total cpu time :     1.5 secs   av.it.:  13.1
      thresh= 1.000E-06 alpha_mix =  0.700 |ddv_scf|^2 =  2.704E-07

      iter #   2 total cpu time :     1.6 secs   av.it.:  12.9
      thresh= 1.000E-06 alpha_mix =  0.700 |ddv_scf|^2 =  1.536E-07

      iter #   3 total cpu time :     1.6 secs   av.it.:  12.1
      thresh= 1.000E-06 alpha_mix =  0.700 |ddv_scf|^2 =  1.858E-09

      iter #   4 total cpu time :     1.7 secs   av.it.:  11.2
      thresh= 4.310E-07 alpha_mix =  0.700 |ddv_scf|^2 =  2.832E-11

      iter #   5 total cpu time :     1.7 secs   av.it.:  11.8
      thresh= 5.322E-08 alpha_mix =  0.700 |ddv_scf|^2 =  1.106E-13

      iter #   6 total cpu time :     1.7 secs   av.it.:  11.3
      thresh= 3.326E-09 alpha_mix =  0.700 |ddv_scf|^2 =  1.530E-15

      iter #   7 total cpu time :     1.8 secs   av.it.:  11.4
      thresh= 3.911E-10 alpha_mix =  0.700 |ddv_scf|^2 =  2.671E-17

      iter #   8 total cpu time :     1.8 secs   av.it.:  11.2
      thresh= 5.168E-11 alpha_mix =  0.700 |ddv_scf|^2 =  5.323E-19
 (TO COMPARE with output) iq =            1 rvect=           0           0
           0 pi_q_unrelax= (0.481479831751870,-1.523131021557129E-019)
 (0.481479831751870,-1.523131021557129E-019) pi_q_relax = 
 (1.755861147467707E-002,-1.124368541380963E-012)
 (1.755861147467707E-002,-1.124368541380963E-012)
 (TO COMPARE with output) iq =            1 rvect=           0           0
           0 pi_q_unrelax= (0.481479831751870,-1.523131021557129E-019)
 (0.481479831751870,-1.523131021557129E-019) pi_q_relax = 
 (1.755861147467707E-002,-1.124368541380963E-012)
 (1.755861147467707E-002,-1.124368541380963E-012)
 (TO COMPARE with output) iq =            1 rvect=           0           0
           0 pi_q_unrelax= (0.481479831751870,-1.523131021557129E-019)
 (0.481479831751870,-1.523131021557129E-019) pi_q_relax = 
 (1.755861147467707E-002,-1.124368541380963E-012)
 (1.755861147467707E-002,-1.124368541380963E-012)
 (TO COMPARE with output) iq =            1 rvect=           0           0
           0 pi_q_unrelax= (0.481479831751870,-1.523131021557129E-019)
 (0.481479831751870,-1.523131021557129E-019) pi_q_relax = 
 (1.755861147467707E-002,-1.124368541380963E-012)
 (1.755861147467707E-002,-1.124368541380963E-012)

       INFO: Result without q+G=0      rPi*           0.01755861   uPi*           0.03475051
       INFO: The q+G=0 contribution   rPi(q+G=0)     0.00000000   uPi(q+G=0)     0.44673259

        iq =   1   iwann =   5   rPi_q =     0.01755861    -0.00000000   uPi_q =     0.48147983     0.00000000   SH_q =     0.24073992     0.00000000

        Start LR calculation for the wannier #  6   iq =  1   spin =  1

        SYM : iwann=     6 iq =     1 weight =   0.12500000

      iter #   1 total cpu time :     1.9 secs   av.it.:  13.1
      thresh= 1.000E-06 alpha_mix =  0.700 |ddv_scf|^2 =  2.705E-07

      iter #   2 total cpu time :     1.9 secs   av.it.:  12.9
      thresh= 1.000E-06 alpha_mix =  0.700 |ddv_scf|^2 =  1.536E-07

      iter #   3 total cpu time :     2.0 secs   av.it.:  12.1
      thresh= 1.000E-06 alpha_mix =  0.700 |ddv_scf|^2 =  1.858E-09

      iter #   4 total cpu time :     2.0 secs   av.it.:  11.2
      thresh= 4.310E-07 alpha_mix =  0.700 |ddv_scf|^2 =  2.832E-11

      iter #   5 total cpu time :     2.1 secs   av.it.:  11.6
      thresh= 5.322E-08 alpha_mix =  0.700 |ddv_scf|^2 =  1.106E-13

      iter #   6 total cpu time :     2.1 secs   av.it.:  11.3
      thresh= 3.326E-09 alpha_mix =  0.700 |ddv_scf|^2 =  1.530E-15

      iter #   7 total cpu time :     2.1 secs   av.it.:  11.3
      thresh= 3.912E-10 alpha_mix =  0.700 |ddv_scf|^2 =  2.670E-17

      iter #   8 total cpu time :     2.2 secs   av.it.:  11.2
      thresh= 5.167E-11 alpha_mix =  0.700 |ddv_scf|^2 =  5.323E-19
 (TO COMPARE with output) iq =            1 rvect=           0           0
           0 pi_q_unrelax= (0.481485825786474,-5.307358047724404E-019)
 (0.481485825786474,-5.307358047724404E-019) pi_q_relax = 
 (1.756142061942633E-002,9.717237255705001E-013)
 (1.756142061942633E-002,9.717237255705001E-013)
 (TO COMPARE with output) iq =            1 rvect=           0           0
           0 pi_q_unrelax= (0.481485825786474,-5.307358047724404E-019)
 (0.481485825786474,-5.307358047724404E-019) pi_q_relax = 
 (1.756142061942633E-002,9.717237255705001E-013)
 (1.756142061942633E-002,9.717237255705001E-013)
 (TO COMPARE with output) iq =            1 rvect=           0           0
           0 pi_q_unrelax= (0.481485825786474,-5.307358047724404E-019)
 (0.481485825786474,-5.307358047724404E-019) pi_q_relax = 
 (1.756142061942633E-002,9.717237255705001E-013)
 (1.756142061942633E-002,9.717237255705001E-013)
 (TO COMPARE with output) iq =            1 rvect=           0           0
           0 pi_q_unrelax= (0.481485825786474,-5.307358047724404E-019)
 (0.481485825786474,-5.307358047724404E-019) pi_q_relax = 
 (1.756142061942633E-002,9.717237255705001E-013)
 (1.756142061942633E-002,9.717237255705001E-013)

       INFO: Result without q+G=0      rPi*           0.01756142   uPi*           0.03475587
       INFO: The q+G=0 contribution   rPi(q+G=0)     0.00000000   uPi(q+G=0)     0.44673259

        iq =   1   iwann =   6   rPi_q =     0.01756142     0.00000000   uPi_q =     0.48148583     0.00000000   SH_q =     0.24074291    -0.00000000

        Start LR calculation for the wannier #  7   iq =  1   spin =  1

        SYM : iwann=     7 iq =     1 weight =   0.12500000

      iter #   1 total cpu time :     2.2 secs   av.it.:  13.1
      thresh= 1.000E-06 alpha_mix =  0.700 |ddv_scf|^2 =  2.704E-07

      iter #   2 total cpu time :     2.3 secs   av.it.:  13.0
      thresh= 1.000E-06 alpha_mix =  0.700 |ddv_scf|^2 =  1.536E-07

      iter #   3 total cpu time :     2.3 secs   av.it.:  12.1
      thresh= 1.000E-06 alpha_mix =  0.700 |ddv_scf|^2 =  1.858E-09

      iter #   4 total cpu time :     2.4 secs   av.it.:  11.3
      thresh= 4.310E-07 alpha_mix =  0.700 |ddv_scf|^2 =  2.832E-11

      iter #   5 total cpu time :     2.4 secs   av.it.:  11.4
      thresh= 5.322E-08 alpha_mix =  0.700 |ddv_scf|^2 =  1.106E-13

      iter #   6 total cpu time :     2.4 secs   av.it.:  11.4
      thresh= 3.325E-09 alpha_mix =  0.700 |ddv_scf|^2 =  1.529E-15

      iter #   7 total cpu time :     2.5 secs   av.it.:  11.4
      thresh= 3.911E-10 alpha_mix =  0.700 |ddv_scf|^2 =  2.670E-17

      iter #   8 total cpu time :     2.5 secs   av.it.:  11.2
      thresh= 5.167E-11 alpha_mix =  0.700 |ddv_scf|^2 =  5.321E-19
 (TO COMPARE with output) iq =            1 rvect=           0           0
           0 pi_q_unrelax= (0.481480112609836,-7.757917775990111E-019)
 (0.481480112609836,-7.757917775990111E-019) pi_q_relax = 
 (1.755864253366446E-002,-4.707580440504174E-012)
 (1.755864253366446E-002,-4.707580440504174E-012)
 (TO COMPARE with output) iq =            1 rvect=           0           0
           0 pi_q_unrelax= (0.481480112609836,-7.757917775990111E-019)
 (0.481480112609836,-7.757917775990111E-019) pi_q_relax = 
 (1.755864253366446E-002,-4.707580440504174E-012)
 (1.755864253366446E-002,-4.707580440504174E-012)
 (TO COMPARE with output) iq =            1 rvect=           0           0
           0 pi_q_unrelax= (0.481480112609836,-7.757917775990111E-019)
 (0.481480112609836,-7.757917775990111E-019) pi_q_relax = 
 (1.755864253366446E-002,-4.707580440504174E-012)
 (1.755864253366446E-002,-4.707580440504174E-012)
 (TO COMPARE with output) iq =            1 rvect=           0           0
           0 pi_q_unrelax= (0.481480112609836,-7.757917775990111E-019)
 (0.481480112609836,-7.757917775990111E-019) pi_q_relax = 
 (1.755864253366446E-002,-4.707580440504174E-012)
 (1.755864253366446E-002,-4.707580440504174E-012)

       INFO: Result without q+G=0      rPi*           0.01755864   uPi*           0.03475059
       INFO: The q+G=0 contribution   rPi(q+G=0)     0.00000000   uPi(q+G=0)     0.44673259

        iq =   1   iwann =   7   rPi_q =     0.01755864    -0.00000000   uPi_q =     0.48148011     0.00000000   SH_q =     0.24074006     0.00000000

        Start LR calculation for the wannier #  8   iq =  1   spin =  1

        SYM : iwann=     8 iq =     1 weight =   0.12500000

      iter #   1 total cpu time :     2.6 secs   av.it.:  13.1
      thresh= 1.000E-06 alpha_mix =  0.700 |ddv_scf|^2 =  2.705E-07

      iter #   2 total cpu time :     2.6 secs   av.it.:  12.9
      thresh= 1.000E-06 alpha_mix =  0.700 |ddv_scf|^2 =  1.536E-07

      iter #   3 total cpu time :     2.7 secs   av.it.:  12.1
      thresh= 1.000E-06 alpha_mix =  0.700 |ddv_scf|^2 =  1.858E-09

      iter #   4 total cpu time :     2.7 secs   av.it.:  11.4
      thresh= 4.310E-07 alpha_mix =  0.700 |ddv_scf|^2 =  2.832E-11

      iter #   5 total cpu time :     2.7 secs   av.it.:  11.6
      thresh= 5.322E-08 alpha_mix =  0.700 |ddv_scf|^2 =  1.106E-13

      iter #   6 total cpu time :     2.8 secs   av.it.:  11.4
      thresh= 3.326E-09 alpha_mix =  0.700 |ddv_scf|^2 =  1.530E-15

      iter #   7 total cpu time :     2.8 secs   av.it.:  11.4
      thresh= 3.912E-10 alpha_mix =  0.700 |ddv_scf|^2 =  2.670E-17

      iter #   8 total cpu time :     2.9 secs   av.it.:  11.2
      thresh= 5.167E-11 alpha_mix =  0.700 |ddv_scf|^2 =  5.323E-19
 (TO COMPARE with output) iq =            1 rvect=           0           0
           0 pi_q_unrelax= (0.481485803590264,-6.413860579539368E-019)
 (0.481485803590264,-6.413860579539368E-019) pi_q_relax = 
 (1.756140868916113E-002,4.544244004848874E-012)
 (1.756140868916113E-002,4.544244004848874E-012)

       INFO: Result without q+G=0      rPi*           0.01756141   uPi*           0.03475586
       INFO: The q+G=0 contribution   rPi(q+G=0)     0.00000000   uPi(q+G=0)     0.44673259

        iq =   1   iwann =   8   rPi_q =     0.01756141     0.00000000   uPi_q =     0.48148580     0.00000000   SH_q =     0.24074290     0.00000000
 (TO COMPARE with output) iq =            1 rvect=           0           0
           0 pi_q_unrelax= (0.481485803590264,-6.413860579539368E-019)
 (0.481485803590264,-6.413860579539368E-019) pi_q_relax = 
 (1.756140868916113E-002,4.544244004848874E-012)
 (1.756140868916113E-002,4.544244004848874E-012)
 (TO COMPARE with output) iq =            1 rvect=           0           0
           0 pi_q_unrelax= (0.481485803590264,-6.413860579539368E-019)
 (0.481485803590264,-6.413860579539368E-019) pi_q_relax = 
 (1.756140868916113E-002,4.544244004848874E-012)
 (1.756140868916113E-002,4.544244004848874E-012)
 (TO COMPARE with output) iq =            1 rvect=           0           0
           0 pi_q_unrelax= (0.481485803590264,-6.413860579539368E-019)
 (0.481485803590264,-6.413860579539368E-019) pi_q_relax = 
 (1.756140868916113E-002,4.544244004848874E-012)
 (1.756140868916113E-002,4.544244004848874E-012)

        INFO: nbnd REDIFINED   20 -->     7


     ==============================================================================
     Calculation of q =   -0.5000000   0.5000000  -0.5000000  [Cart ]
     Calculation of q =    0.0000000   0.0000000   0.5000000  [Cryst]
     ==============================================================================

        INFO: prepare_q DONE

        INFO: rhowan_q(r) RETRIEVED

     Subspace diagonalization in iterative solution of the eigenvalue problem:
     a serial algorithm will be used

 
     Parallelization info
     --------------------
     sticks:   dense  smooth     PW     G-vecs:    dense   smooth      PW
     Min          73      73     27                  821      821     186
     Max          74      74     28                  823      823     189
     Sum         295     295    109                 3287     3287     749
 
     Using Slab Decomposition
 

     Title: 
     W2K Silicon                                                                


     bravais-lattice index     =            2
     lattice parameter (alat)  =      10.2631  a.u.
     unit-cell volume          =     270.2564 (a.u.)^3
     number of atoms/cell      =            2
     number of atomic types    =            1
     number of electrons       =         8.00 (up:   4.00, down:   4.00)
     number of Kohn-Sham states=            7
     kinetic-energy cutoff     =      20.0000  Ry
     charge density cutoff     =      80.0000  Ry
     Exchange-correlation= PW
                           (   1   4   0   0   0   0   0)

     celldm(1)=  10.263102  celldm(2)=   0.000000  celldm(3)=   0.000000
     celldm(4)=   0.000000  celldm(5)=   0.000000  celldm(6)=   0.000000

     crystal axes: (cart. coord. in units of alat)
               a(1) = (  -0.500000   0.000000   0.500000 )  
               a(2) = (   0.000000   0.500000   0.500000 )  
               a(3) = (  -0.500000   0.500000   0.000000 )  

     reciprocal axes: (cart. coord. in units 2 pi/alat)
               b(1) = ( -1.000000 -1.000000  1.000000 )  
               b(2) = (  1.000000  1.000000  1.000000 )  
               b(3) = ( -1.000000  1.000000 -1.000000 )  


     PseudoPot. # 1 for Si read from file:
     /home/colonna_n/CODES/q-e-kcw/pseudo/Si.upf
     MD5 check sum: 9e2d726316af3d4752eea8ab0afbb951
     Pseudo is Norm-conserving + core correction, Zval =  4.0
     Generated using ONCVPSP code by D. R. Hamann
     Using radial grid of 1510 points,  6 beta functions with: 
                l(1) =   0
                l(2) =   0
                l(3) =   1
                l(4) =   1
                l(5) =   2
                l(6) =   2

     atomic species   valence    mass     pseudopotential
     Si                4.00    28.08500     Si( 1.00)

     Starting magnetic structure 
     atomic species   magnetization
     Si              0.000

     48 Sym. Ops., with inversion, found



   Cartesian axes

     site n.     atom                  positions (alat units)
         1        Si     tau(   1) = (   0.0000000   0.0000000   0.0000000  )
         2        Si     tau(   2) = (  -0.2500000   0.2500000   0.2500000  )

     number of k points=    16
                       cart. coord. in units 2pi/alat
        k(    1) = (   0.0000000   0.0000000   0.0000000), wk =   0.1250000
        k(    2) = (  -0.5000000   0.5000000  -0.5000000), wk =   0.0000000
        k(    3) = (  -0.5000000   0.5000000  -0.5000000), wk =   0.1250000
        k(    4) = (  -1.0000000   1.0000000  -1.0000000), wk =   0.0000000
        k(    5) = (   0.5000000   0.5000000   0.5000000), wk =   0.1250000
        k(    6) = (   0.0000000   1.0000000   0.0000000), wk =   0.0000000
        k(    7) = (   0.0000000   1.0000000   0.0000000), wk =   0.1250000
        k(    8) = (  -0.5000000   1.5000000  -0.5000000), wk =   0.0000000
        k(    9) = (  -0.5000000  -0.5000000   0.5000000), wk =   0.1250000
        k(   10) = (  -1.0000000  -0.0000000   0.0000000), wk =   0.0000000
        k(   11) = (  -1.0000000   0.0000000   0.0000000), wk =   0.1250000
        k(   12) = (  -1.5000000   0.5000000  -0.5000000), wk =   0.0000000
        k(   13) = (   0.0000000   0.0000000   1.0000000), wk =   0.1250000
        k(   14) = (  -0.5000000   0.5000000   0.5000000), wk =   0.0000000
        k(   15) = (  -0.5000000   0.5000000   0.5000000), wk =   0.1250000
        k(   16) = (  -1.0000000   1.0000000   0.0000000), wk =   0.0000000

     Dense  grid:     3287 G-vectors     FFT dimensions: (  24,  24,  24)

     Estimated max dynamical RAM per process >       1.44 MB

     Estimated total dynamical RAM >       5.76 MB
     Cannot read rho : file not found

     Initial potential from superposition of free atoms
     Starting wfcs are    8 atomic wfcs

     Band Structure Calculation
     Davidson diagonalization with overlap

     ethr =  1.25E-10,  avg # of iterations = 11.0

     total cpu time spent up to now is       -1.0 secs

     End of band structure calculation

 ------ SPIN UP ------------


          k = 0.0000 0.0000 0.0000 (   411 PWs)   bands (ev):

    -6.3172   5.4873   5.4873   5.4873   8.2924   8.2924   8.2924

          k =-0.5000 0.5000-0.5000 (   410 PWs)   bands (ev):

    -4.0501  -1.3079   4.3414   4.3414   7.1397   9.1372   9.1372

          k =-0.5000 0.5000-0.5000 (   410 PWs)   bands (ev):

    -4.0501  -1.3079   4.3414   4.3414   7.1397   9.1372   9.1372

          k =-1.0000 1.0000-1.0000 (   411 PWs)   bands (ev):

    -6.3172   5.4873   5.4873   5.4873   8.2924   8.2924   8.2924

          k = 0.5000 0.5000 0.5000 (   410 PWs)   bands (ev):

    -4.0501  -1.3079   4.3414   4.3414   7.1397   9.1372   9.1372

          k = 0.0000 1.0000 0.0000 (   412 PWs)   bands (ev):

    -2.2473  -2.2473   2.7720   2.7720   6.5280   6.5280  15.6288

          k = 0.0000 1.0000 0.0000 (   412 PWs)   bands (ev):

    -2.2473  -2.2473   2.7720   2.7720   6.5280   6.5280  15.6288

          k =-0.5000 1.5000-0.5000 (   410 PWs)   bands (ev):

    -4.0501  -1.3079   4.3414   4.3414   7.1397   9.1372   9.1372

          k =-0.5000-0.5000 0.5000 (   410 PWs)   bands (ev):

    -4.0501  -1.3079   4.3414   4.3414   7.1397   9.1372   9.1372

          k =-1.0000-0.0000 0.0000 (   412 PWs)   bands (ev):

    -2.2473  -2.2473   2.7720   2.7720   6.5280   6.5280  15.6288

          k =-1.0000 0.0000 0.0000 (   412 PWs)   bands (ev):

    -2.2473  -2.2473   2.7720   2.7720   6.5280   6.5280  15.6288

          k =-1.5000 0.5000-0.5000 (   410 PWs)   bands (ev):

    -4.0501  -1.3079   4.3414   4.3414   7.1397   9.1372   9.1372

          k = 0.0000 0.0000 1.0000 (   412 PWs)   bands (ev):

    -2.2473  -2.2473   2.7720   2.7720   6.5280   6.5280  15.6288

          k =-0.5000 0.5000 0.5000 (   410 PWs)   bands (ev):

    -4.0501  -1.3079   4.3414   4.3414   7.1397   9.1372   9.1372

          k =-0.5000 0.5000 0.5000 (   410 PWs)   bands (ev):

    -4.0501  -1.3079   4.3414   4.3414   7.1397   9.1372   9.1372

          k =-1.0000 1.0000 0.0000 (   412 PWs)   bands (ev):

    -2.2473  -2.2473   2.7720   2.7720   6.5280   6.5280  15.6288

 ------ SPIN DOWN ----------


          k = 0.0000 0.0000 0.0000 (   411 PWs)   bands (ev):

    -6.3172   5.4873   5.4873   5.4873   8.2924   8.2924   8.2924

          k =-0.5000 0.5000-0.5000 (   410 PWs)   bands (ev):

    -4.0501  -1.3079   4.3414   4.3414   7.1397   9.1372   9.1372

          k =-0.5000 0.5000-0.5000 (   410 PWs)   bands (ev):

    -4.0501  -1.3079   4.3414   4.3414   7.1397   9.1372   9.1372

          k =-1.0000 1.0000-1.0000 (   411 PWs)   bands (ev):

    -6.3172   5.4873   5.4873   5.4873   8.2924   8.2924   8.2924

          k = 0.5000 0.5000 0.5000 (   410 PWs)   bands (ev):

    -4.0501  -1.3079   4.3414   4.3414   7.1397   9.1372   9.1372

          k = 0.0000 1.0000 0.0000 (   412 PWs)   bands (ev):

    -2.2473  -2.2473   2.7720   2.7720   6.5280   6.5280  15.6288

          k = 0.0000 1.0000 0.0000 (   412 PWs)   bands (ev):

    -2.2473  -2.2473   2.7720   2.7720   6.5280   6.5280  15.6288

          k =-0.5000 1.5000-0.5000 (   410 PWs)   bands (ev):

    -4.0501  -1.3079   4.3414   4.3414   7.1397   9.1372   9.1372

          k =-0.5000-0.5000 0.5000 (   410 PWs)   bands (ev):

    -4.0501  -1.3079   4.3414   4.3414   7.1397   9.1372   9.1372

          k =-1.0000-0.0000 0.0000 (   412 PWs)   bands (ev):

    -2.2473  -2.2473   2.7720   2.7720   6.5280   6.5280  15.6288

          k =-1.0000 0.0000 0.0000 (   412 PWs)   bands (ev):

    -2.2473  -2.2473   2.7720   2.7720   6.5280   6.5280  15.6288

          k =-1.5000 0.5000-0.5000 (   410 PWs)   bands (ev):

    -4.0501  -1.3079   4.3414   4.3414   7.1397   9.1372   9.1372

          k = 0.0000 0.0000 1.0000 (   412 PWs)   bands (ev):

    -2.2473  -2.2473   2.7720   2.7720   6.5280   6.5280  15.6288

          k =-0.5000 0.5000 0.5000 (   410 PWs)   bands (ev):

    -4.0501  -1.3079   4.3414   4.3414   7.1397   9.1372   9.1372

          k =-0.5000 0.5000 0.5000 (   410 PWs)   bands (ev):

    -4.0501  -1.3079   4.3414   4.3414   7.1397   9.1372   9.1372

          k =-1.0000 1.0000 0.0000 (   412 PWs)   bands (ev):

    -2.2473  -2.2473   2.7720   2.7720   6.5280   6.5280  15.6288

     highest occupied, lowest unoccupied level (ev):     5.4873    6.5280

     Writing all to output data dir /home/colonna_n/CODES/q-e-kcw/tempdir/kcw/q2/Si.save/ :
     XML data file, pseudopotentials, collected wavefunctions

        INFO: NSCF calculation DONE

        INFO: kcw_q initialization DONE


        Start LR calculation for the wannier #  1   iq =  2   spin =  1

        SYM : iwann=     1 iq =     2 weight =   0.12500000

      iter #   1 total cpu time :     3.1 secs   av.it.:  13.9
      thresh= 1.000E-06 alpha_mix =  0.700 |ddv_scf|^2 =  8.823E-06

      iter #   2 total cpu time :     3.1 secs   av.it.:  13.9
      thresh= 1.000E-06 alpha_mix =  0.700 |ddv_scf|^2 =  3.617E-05

      iter #   3 total cpu time :     3.2 secs   av.it.:  13.2
      thresh= 1.000E-06 alpha_mix =  0.700 |ddv_scf|^2 =  4.884E-07

      iter #   4 total cpu time :     3.2 secs   av.it.:  12.4
      thresh= 1.000E-06 alpha_mix =  0.700 |ddv_scf|^2 =  1.103E-09

      iter #   5 total cpu time :     3.3 secs   av.it.:  11.6
      thresh= 3.321E-07 alpha_mix =  0.700 |ddv_scf|^2 =  4.150E-11

      iter #   6 total cpu time :     3.3 secs   av.it.:  11.8
      thresh= 6.442E-08 alpha_mix =  0.700 |ddv_scf|^2 =  6.326E-13

      iter #   7 total cpu time :     3.3 secs   av.it.:  11.8
      thresh= 7.954E-09 alpha_mix =  0.700 |ddv_scf|^2 =  1.894E-14

      iter #   8 total cpu time :     3.4 secs   av.it.:  11.6
      thresh= 1.376E-09 alpha_mix =  0.700 |ddv_scf|^2 =  1.806E-15

      iter #   9 total cpu time :     3.6 secs   av.it.:  11.9
      thresh= 4.250E-10 alpha_mix =  0.700 |ddv_scf|^2 =  6.681E-16

      iter #  10 total cpu time :     3.6 secs   av.it.:  11.1
      thresh= 2.585E-10 alpha_mix =  0.700 |ddv_scf|^2 =  9.596E-16

      iter #  11 total cpu time :     3.6 secs   av.it.:  10.8
      thresh= 3.098E-10 alpha_mix =  0.700 |ddv_scf|^2 =  2.389E-18

      iter #  12 total cpu time :     3.7 secs   av.it.:  11.6
      thresh= 1.546E-11 alpha_mix =  0.700 |ddv_scf|^2 =  3.373E-19
 (TO COMPARE with output) iq =            2 rvect=           0           0
           0 pi_q_unrelax= (8.405488944280444E-002,-1.380895280626992E-019)
 (8.405488944280444E-002,-1.380895280626992E-019) pi_q_relax = 
 (3.164409312612627E-002,2.467111727232775E-010)
 (3.164409312612627E-002,2.467111727232775E-010)
 (TO COMPARE with output) iq =            2 rvect=           0           0
           0 pi_q_unrelax= (8.405488944280444E-002,-1.380895280626992E-019)
 (8.405488944280444E-002,-1.380895280626992E-019) pi_q_relax = 
 (3.164409312612627E-002,2.467111727232775E-010)
 (3.164409312612627E-002,2.467111727232775E-010)
 (TO COMPARE with output) iq =            2 rvect=           0           0
           0 pi_q_unrelax= (8.405488944280444E-002,-1.380895280626992E-019)
 (8.405488944280444E-002,-1.380895280626992E-019) pi_q_relax = 
 (3.164409312612627E-002,2.467111727232775E-010)
 (3.164409312612627E-002,2.467111727232775E-010)
 (TO COMPARE with output) iq =            2 rvect=           0           0
           0 pi_q_unrelax= (8.405488944280444E-002,-1.380895280626992E-019)
 (8.405488944280444E-002,-1.380895280626992E-019) pi_q_relax = 
 (3.164409312612627E-002,2.467111727232775E-010)
 (3.164409312612627E-002,2.467111727232775E-010)

        iq =   2   iwann =   1   rPi_q =     0.03164409     0.00000000   uPi_q =     0.08405489     0.00000000   SH_q =     0.04202744     0.00000000

        Start LR calculation for the wannier #  2   iq =  2   spin =  1

        SYM : iwann=     2 iq =     2 weight =   0.12500000

      iter #   1 total cpu time :     3.7 secs   av.it.:  13.9
      thresh= 1.000E-06 alpha_mix =  0.700 |ddv_scf|^2 =  8.822E-06

      iter #   2 total cpu time :     3.8 secs   av.it.:  13.9
      thresh= 1.000E-06 alpha_mix =  0.700 |ddv_scf|^2 =  3.616E-05

      iter #   3 total cpu time :     3.8 secs   av.it.:  13.2
      thresh= 1.000E-06 alpha_mix =  0.700 |ddv_scf|^2 =  4.885E-07

      iter #   4 total cpu time :     3.9 secs   av.it.:  12.4
      thresh= 1.000E-06 alpha_mix =  0.700 |ddv_scf|^2 =  1.103E-09

      iter #   5 total cpu time :     3.9 secs   av.it.:  11.4
      thresh= 3.321E-07 alpha_mix =  0.700 |ddv_scf|^2 =  4.150E-11

      iter #   6 total cpu time :     4.0 secs   av.it.:  11.5
      thresh= 6.442E-08 alpha_mix =  0.700 |ddv_scf|^2 =  6.326E-13

      iter #   7 total cpu time :     4.0 secs   av.it.:  11.4
      thresh= 7.953E-09 alpha_mix =  0.700 |ddv_scf|^2 =  1.894E-14

      iter #   8 total cpu time :     4.0 secs   av.it.:  11.5
      thresh= 1.376E-09 alpha_mix =  0.700 |ddv_scf|^2 =  1.806E-15

      iter #   9 total cpu time :     4.1 secs   av.it.:  11.8
      thresh= 4.250E-10 alpha_mix =  0.700 |ddv_scf|^2 =  6.677E-16

      iter #  10 total cpu time :     4.1 secs   av.it.:  11.1
      thresh= 2.584E-10 alpha_mix =  0.700 |ddv_scf|^2 =  9.594E-16

      iter #  11 total cpu time :     4.2 secs   av.it.:  10.8
      thresh= 3.097E-10 alpha_mix =  0.700 |ddv_scf|^2 =  2.387E-18

      iter #  12 total cpu time :     4.2 secs   av.it.:  11.5
      thresh= 1.545E-11 alpha_mix =  0.700 |ddv_scf|^2 =  3.372E-19
 (TO COMPARE with output) iq =            2 rvect=           0           0
           0 pi_q_unrelax= (8.404744750605048E-002,4.002820931528369E-018)
 (8.404744750605048E-002,4.002820931528369E-018) pi_q_relax = 
 (3.164067814445504E-002,-2.175751631312134E-011)
 (3.164067814445504E-002,-2.175751631312134E-011)
 (TO COMPARE with output) iq =            2 rvect=           0           0
           0 pi_q_unrelax= (8.404744750605048E-002,4.002820931528369E-018)
 (8.404744750605048E-002,4.002820931528369E-018) pi_q_relax = 
 (3.164067814445504E-002,-2.175751631312134E-011)
 (3.164067814445504E-002,-2.175751631312134E-011)
 (TO COMPARE with output) iq =            2 rvect=           0           0
           0 pi_q_unrelax= (8.404744750605048E-002,4.002820931528369E-018)
 (8.404744750605048E-002,4.002820931528369E-018) pi_q_relax = 
 (3.164067814445504E-002,-2.175751631312134E-011)
 (3.164067814445504E-002,-2.175751631312134E-011)
 (TO COMPARE with output) iq =            2 rvect=           0           0
           0 pi_q_unrelax= (8.404744750605048E-002,4.002820931528369E-018)
 (8.404744750605048E-002,4.002820931528369E-018) pi_q_relax = 
 (3.164067814445504E-002,-2.175751631312134E-011)
 (3.164067814445504E-002,-2.175751631312134E-011)

        iq =   2   iwann =   2   rPi_q =     0.03164068    -0.00000000   uPi_q =     0.08404745    -0.00000000   SH_q =     0.04202372    -0.00000000

        Start LR calculation for the wannier #  3   iq =  2   spin =  1

        SYM : iwann=     3 iq =     2 weight =   0.12500000

      iter #   1 total cpu time :     4.3 secs   av.it.:  13.9
      thresh= 1.000E-06 alpha_mix =  0.700 |ddv_scf|^2 =  8.823E-06

      iter #   2 total cpu time :     4.3 secs   av.it.:  13.9
      thresh= 1.000E-06 alpha_mix =  0.700 |ddv_scf|^2 =  3.617E-05

      iter #   3 total cpu time :     4.4 secs   av.it.:  13.2
      thresh= 1.000E-06 alpha_mix =  0.700 |ddv_scf|^2 =  4.884E-07

      iter #   4 total cpu time :     4.4 secs   av.it.:  12.2
      thresh= 1.000E-06 alpha_mix =  0.700 |ddv_scf|^2 =  1.103E-09

      iter #   5 total cpu time :     4.4 secs   av.it.:  11.4
      thresh= 3.321E-07 alpha_mix =  0.700 |ddv_scf|^2 =  4.150E-11

      iter #   6 total cpu time :     4.5 secs   av.it.:  11.5
      thresh= 6.442E-08 alpha_mix =  0.700 |ddv_scf|^2 =  6.326E-13

      iter #   7 total cpu time :     4.5 secs   av.it.:  11.2
      thresh= 7.954E-09 alpha_mix =  0.700 |ddv_scf|^2 =  1.894E-14

      iter #   8 total cpu time :     4.6 secs   av.it.:  11.2
      thresh= 1.376E-09 alpha_mix =  0.700 |ddv_scf|^2 =  1.806E-15

      iter #   9 total cpu time :     4.6 secs   av.it.:  11.6
      thresh= 4.250E-10 alpha_mix =  0.700 |ddv_scf|^2 =  6.678E-16

      iter #  10 total cpu time :     4.6 secs   av.it.:  10.9
      thresh= 2.584E-10 alpha_mix =  0.700 |ddv_scf|^2 =  9.597E-16

      iter #  11 total cpu time :     4.7 secs   av.it.:  10.8
      thresh= 3.098E-10 alpha_mix =  0.700 |ddv_scf|^2 =  2.387E-18

      iter #  12 total cpu time :     4.7 secs   av.it.:  11.4
      thresh= 1.545E-11 alpha_mix =  0.700 |ddv_scf|^2 =  3.372E-19
 (TO COMPARE with output) iq =            2 rvect=           0           0
           0 pi_q_unrelax= (8.405479235594646E-002,-2.147428274500211E-018)
 (8.405479235594646E-002,-2.147428274500211E-018) pi_q_relax = 
 (3.164405022964276E-002,5.889221222606674E-011)
 (3.164405022964276E-002,5.889221222606674E-011)
 (TO COMPARE with output) iq =            2 rvect=           0           0
           0 pi_q_unrelax= (8.405479235594646E-002,-2.147428274500211E-018)
 (8.405479235594646E-002,-2.147428274500211E-018) pi_q_relax = 
 (3.164405022964276E-002,5.889221222606674E-011)
 (3.164405022964276E-002,5.889221222606674E-011)
 (TO COMPARE with output) iq =            2 rvect=           0           0
           0 pi_q_unrelax= (8.405479235594646E-002,-2.147428274500211E-018)
 (8.405479235594646E-002,-2.147428274500211E-018) pi_q_relax = 
 (3.164405022964276E-002,5.889221222606674E-011)
 (3.164405022964276E-002,5.889221222606674E-011)
 (TO COMPARE with output) iq =            2 rvect=           0           0
           0 pi_q_unrelax= (8.405479235594646E-002,-2.147428274500211E-018)
 (8.405479235594646E-002,-2.147428274500211E-018) pi_q_relax = 
 (3.164405022964276E-002,5.889221222606674E-011)
 (3.164405022964276E-002,5.889221222606674E-011)

        iq =   2   iwann =   3   rPi_q =     0.03164405     0.00000000   uPi_q =     0.08405479     0.00000000   SH_q =     0.04202740    -0.00000000

        Start LR calculation for the wannier #  4   iq =  2   spin =  1

        SYM : iwann=     4 iq =     2 weight =   0.12500000

      iter #   1 total cpu time :     4.8 secs   av.it.:  13.4
      thresh= 1.000E-06 alpha_mix =  0.700 |ddv_scf|^2 =  5.397E-06

      iter #   2 total cpu time :     4.8 secs   av.it.:  13.6
      thresh= 1.000E-06 alpha_mix =  0.700 |ddv_scf|^2 =  1.599E-05

      iter #   3 total cpu time :     4.9 secs   av.it.:  13.1
      thresh= 1.000E-06 alpha_mix =  0.700 |ddv_scf|^2 =  7.036E-07

      iter #   4 total cpu time :     4.9 secs   av.it.:  12.0
      thresh= 1.000E-06 alpha_mix =  0.700 |ddv_scf|^2 =  9.668E-10

      iter #   5 total cpu time :     5.0 secs   av.it.:  10.8
      thresh= 3.109E-07 alpha_mix =  0.700 |ddv_scf|^2 =  6.338E-11

      iter #   6 total cpu time :     5.0 secs   av.it.:  10.8
      thresh= 7.961E-08 alpha_mix =  0.700 |ddv_scf|^2 =  6.503E-13

      iter #   7 total cpu time :     5.0 secs   av.it.:  10.9
      thresh= 8.064E-09 alpha_mix =  0.700 |ddv_scf|^2 =  1.503E-14

      iter #   8 total cpu time :     5.1 secs   av.it.:  10.8
      thresh= 1.226E-09 alpha_mix =  0.700 |ddv_scf|^2 =  4.517E-17

      iter #   9 total cpu time :     5.1 secs   av.it.:  10.8
      thresh= 6.721E-11 alpha_mix =  0.700 |ddv_scf|^2 =  1.966E-17

      iter #  10 total cpu time :     5.1 secs   av.it.:  10.6
      thresh= 4.434E-11 alpha_mix =  0.700 |ddv_scf|^2 =  9.571E-18

      iter #  11 total cpu time :     5.2 secs   av.it.:  10.5
      thresh= 3.094E-11 alpha_mix =  0.700 |ddv_scf|^2 =  1.864E-18

      iter #  12 total cpu time :     5.2 secs   av.it.:  10.6
      thresh= 1.365E-11 alpha_mix =  0.700 |ddv_scf|^2 =  1.955E-20
 (TO COMPARE with output) iq =            2 rvect=           0           0
           0 pi_q_unrelax= (8.202620752457698E-002,-1.688196705457581E-018)
 (8.202620752457698E-002,-1.688196705457581E-018) pi_q_relax = 
 (3.493546177477175E-002,2.419099081444177E-010)
 (3.493546177477175E-002,2.419099081444177E-010)
 (TO COMPARE with output) iq =            2 rvect=           0           0
           0 pi_q_unrelax= (8.202620752457698E-002,-1.688196705457581E-018)
 (8.202620752457698E-002,-1.688196705457581E-018) pi_q_relax = 
 (3.493546177477175E-002,2.419099081444177E-010)
 (3.493546177477175E-002,2.419099081444177E-010)
 (TO COMPARE with output) iq =            2 rvect=           0           0
           0 pi_q_unrelax= (8.202620752457698E-002,-1.688196705457581E-018)
 (8.202620752457698E-002,-1.688196705457581E-018) pi_q_relax = 
 (3.493546177477175E-002,2.419099081444177E-010)
 (3.493546177477175E-002,2.419099081444177E-010)
 (TO COMPARE with output) iq =            2 rvect=           0           0
           0 pi_q_unrelax= (8.202620752457698E-002,-1.688196705457581E-018)
 (8.202620752457698E-002,-1.688196705457581E-018) pi_q_relax = 
 (3.493546177477175E-002,2.419099081444177E-010)
 (3.493546177477175E-002,2.419099081444177E-010)

        iq =   2   iwann =   4   rPi_q =     0.03493546     0.00000000   uPi_q =     0.08202621     0.00000000   SH_q =     0.04101310     0.00000000

        Start LR calculation for the wannier #  5   iq =  2   spin =  1

        SYM : iwann=     5 iq =     2 weight =   0.12500000

      iter #   1 total cpu time :     5.3 secs   av.it.:  13.9
      thresh= 1.000E-06 alpha_mix =  0.700 |ddv_scf|^2 =  8.822E-06

      iter #   2 total cpu time :     5.3 secs   av.it.:  13.9
      thresh= 1.000E-06 alpha_mix =  0.700 |ddv_scf|^2 =  3.616E-05

      iter #   3 total cpu time :     5.4 secs   av.it.:  13.2
      thresh= 1.000E-06 alpha_mix =  0.700 |ddv_scf|^2 =  4.885E-07

      iter #   4 total cpu time :     5.4 secs   av.it.:  12.2
      thresh= 1.000E-06 alpha_mix =  0.700 |ddv_scf|^2 =  1.103E-09

      iter #   5 total cpu time :     5.5 secs   av.it.:  11.5
      thresh= 3.321E-07 alpha_mix =  0.700 |ddv_scf|^2 =  4.150E-11

      iter #   6 total cpu time :     5.5 secs   av.it.:  11.5
      thresh= 6.442E-08 alpha_mix =  0.700 |ddv_scf|^2 =  6.326E-13

      iter #   7 total cpu time :     5.5 secs   av.it.:  11.4
      thresh= 7.953E-09 alpha_mix =  0.700 |ddv_scf|^2 =  1.894E-14

      iter #   8 total cpu time :     5.6 secs   av.it.:  11.2
      thresh= 1.376E-09 alpha_mix =  0.700 |ddv_scf|^2 =  1.806E-15

      iter #   9 total cpu time :     5.6 secs   av.it.:  11.6
      thresh= 4.249E-10 alpha_mix =  0.700 |ddv_scf|^2 =  6.678E-16

      iter #  10 total cpu time :     5.7 secs   av.it.:  11.0
      thresh= 2.584E-10 alpha_mix =  0.700 |ddv_scf|^2 =  9.595E-16

      iter #  11 total cpu time :     5.7 secs   av.it.:  10.8
      thresh= 3.098E-10 alpha_mix =  0.700 |ddv_scf|^2 =  2.386E-18

      iter #  12 total cpu time :     5.7 secs   av.it.:  11.5
      thresh= 1.545E-11 alpha_mix =  0.700 |ddv_scf|^2 =  3.371E-19
 (TO COMPARE with output) iq =            2 rvect=           0           0
           0 pi_q_unrelax= (8.404726643308083E-002,1.491406628383075E-018)
 (8.404726643308083E-002,1.491406628383075E-018) pi_q_relax = 
 (3.164061577308711E-002,8.015506820115034E-011)
 (3.164061577308711E-002,8.015506820115034E-011)
 (TO COMPARE with output) iq =            2 rvect=           0           0
           0 pi_q_unrelax= (8.404726643308083E-002,1.491406628383075E-018)
 (8.404726643308083E-002,1.491406628383075E-018) pi_q_relax = 
 (3.164061577308711E-002,8.015506820115034E-011)
 (3.164061577308711E-002,8.015506820115034E-011)
 (TO COMPARE with output) iq =            2 rvect=           0           0
           0 pi_q_unrelax= (8.404726643308083E-002,1.491406628383075E-018)
 (8.404726643308083E-002,1.491406628383075E-018) pi_q_relax = 
 (3.164061577308711E-002,8.015506820115034E-011)
 (3.164061577308711E-002,8.015506820115034E-011)
 (TO COMPARE with output) iq =            2 rvect=           0           0
           0 pi_q_unrelax= (8.404726643308083E-002,1.491406628383075E-018)
 (8.404726643308083E-002,1.491406628383075E-018) pi_q_relax = 
 (3.164061577308711E-002,8.015506820115034E-011)
 (3.164061577308711E-002,8.015506820115034E-011)

        iq =   2   iwann =   5   rPi_q =     0.03164062     0.00000000   uPi_q =     0.08404727    -0.00000000   SH_q =     0.04202363    -0.00000000

        Start LR calculation for the wannier #  6   iq =  2   spin =  1

        SYM : iwann=     6 iq =     2 weight =   0.12500000

      iter #   1 total cpu time :     5.8 secs   av.it.:  13.4
      thresh= 1.000E-06 alpha_mix =  0.700 |ddv_scf|^2 =  5.398E-06

      iter #   2 total cpu time :     5.8 secs   av.it.:  13.6
      thresh= 1.000E-06 alpha_mix =  0.700 |ddv_scf|^2 =  1.599E-05

      iter #   3 total cpu time :     5.9 secs   av.it.:  13.1
      thresh= 1.000E-06 alpha_mix =  0.700 |ddv_scf|^2 =  7.036E-07

      iter #   4 total cpu time :     5.9 secs   av.it.:  12.0
      thresh= 1.000E-06 alpha_mix =  0.700 |ddv_scf|^2 =  9.669E-10

      iter #   5 total cpu time :     6.0 secs   av.it.:  10.8
      thresh= 3.110E-07 alpha_mix =  0.700 |ddv_scf|^2 =  6.339E-11

      iter #   6 total cpu time :     6.0 secs   av.it.:  10.8
      thresh= 7.962E-08 alpha_mix =  0.700 |ddv_scf|^2 =  6.503E-13

      iter #   7 total cpu time :     6.1 secs   av.it.:  10.9
      thresh= 8.064E-09 alpha_mix =  0.700 |ddv_scf|^2 =  1.504E-14

      iter #   8 total cpu time :     6.1 secs   av.it.:  10.8
      thresh= 1.226E-09 alpha_mix =  0.700 |ddv_scf|^2 =  4.381E-17

      iter #   9 total cpu time :     6.1 secs   av.it.:  10.8
      thresh= 6.619E-11 alpha_mix =  0.700 |ddv_scf|^2 =  1.464E-17

      iter #  10 total cpu time :     6.2 secs   av.it.:  10.6
      thresh= 3.827E-11 alpha_mix =  0.700 |ddv_scf|^2 =  4.697E-18

      iter #  11 total cpu time :     6.2 secs   av.it.:  10.5
      thresh= 2.167E-11 alpha_mix =  0.700 |ddv_scf|^2 =  1.911E-18

      iter #  12 total cpu time :     6.2 secs   av.it.:  10.5
      thresh= 1.382E-11 alpha_mix =  0.700 |ddv_scf|^2 =  1.350E-20
 (TO COMPARE with output) iq =            2 rvect=           0           0
           0 pi_q_unrelax= (8.203692817631758E-002,-4.880024640665488E-018)
 (8.203692817631758E-002,-4.880024640665488E-018) pi_q_relax = 
 (3.493994466840092E-002,2.161435191975279E-010)
 (3.493994466840092E-002,2.161435191975279E-010)
 (TO COMPARE with output) iq =            2 rvect=           0           0
           0 pi_q_unrelax= (8.203692817631758E-002,-4.880024640665488E-018)
 (8.203692817631758E-002,-4.880024640665488E-018) pi_q_relax = 
 (3.493994466840092E-002,2.161435191975279E-010)
 (3.493994466840092E-002,2.161435191975279E-010)
 (TO COMPARE with output) iq =            2 rvect=           0           0
           0 pi_q_unrelax= (8.203692817631758E-002,-4.880024640665488E-018)
 (8.203692817631758E-002,-4.880024640665488E-018) pi_q_relax = 
 (3.493994466840092E-002,2.161435191975279E-010)
 (3.493994466840092E-002,2.161435191975279E-010)
 (TO COMPARE with output) iq =            2 rvect=           0           0
           0 pi_q_unrelax= (8.203692817631758E-002,-4.880024640665488E-018)
 (8.203692817631758E-002,-4.880024640665488E-018) pi_q_relax = 
 (3.493994466840092E-002,2.161435191975279E-010)
 (3.493994466840092E-002,2.161435191975279E-010)

        iq =   2   iwann =   6   rPi_q =     0.03493994     0.00000000   uPi_q =     0.08203693     0.00000000   SH_q =     0.04101846     0.00000000

        Start LR calculation for the wannier #  7   iq =  2   spin =  1

        SYM : iwann=     7 iq =     2 weight =   0.12500000

      iter #   1 total cpu time :     6.3 secs   av.it.:  13.9
      thresh= 1.000E-06 alpha_mix =  0.700 |ddv_scf|^2 =  8.822E-06

      iter #   2 total cpu time :     6.4 secs   av.it.:  13.9
      thresh= 1.000E-06 alpha_mix =  0.700 |ddv_scf|^2 =  3.616E-05

      iter #   3 total cpu time :     6.4 secs   av.it.:  13.2
      thresh= 1.000E-06 alpha_mix =  0.700 |ddv_scf|^2 =  4.885E-07

      iter #   4 total cpu time :     6.4 secs   av.it.:  12.4
      thresh= 1.000E-06 alpha_mix =  0.700 |ddv_scf|^2 =  1.103E-09

      iter #   5 total cpu time :     6.5 secs   av.it.:  11.4
      thresh= 3.321E-07 alpha_mix =  0.700 |ddv_scf|^2 =  4.150E-11

      iter #   6 total cpu time :     6.5 secs   av.it.:  11.8
      thresh= 6.442E-08 alpha_mix =  0.700 |ddv_scf|^2 =  6.325E-13

      iter #   7 total cpu time :     6.6 secs   av.it.:  11.8
      thresh= 7.953E-09 alpha_mix =  0.700 |ddv_scf|^2 =  1.894E-14

      iter #   8 total cpu time :     6.6 secs   av.it.:  11.5
      thresh= 1.376E-09 alpha_mix =  0.700 |ddv_scf|^2 =  1.806E-15

      iter #   9 total cpu time :     6.6 secs   av.it.:  11.9
      thresh= 4.250E-10 alpha_mix =  0.700 |ddv_scf|^2 =  6.676E-16

      iter #  10 total cpu time :     6.7 secs   av.it.:  11.0
      thresh= 2.584E-10 alpha_mix =  0.700 |ddv_scf|^2 =  9.595E-16

      iter #  11 total cpu time :     6.7 secs   av.it.:  10.8
      thresh= 3.098E-10 alpha_mix =  0.700 |ddv_scf|^2 =  2.386E-18

      iter #  12 total cpu time :     6.8 secs   av.it.:  11.6
      thresh= 1.545E-11 alpha_mix =  0.700 |ddv_scf|^2 =  3.372E-19
 (TO COMPARE with output) iq =            2 rvect=           0           0
           0 pi_q_unrelax= (8.404736388822830E-002,4.483179714446134E-018)
 (8.404736388822830E-002,4.483179714446134E-018) pi_q_relax = 
 (3.164065532515226E-002,-1.564184640987339E-010)
 (3.164065532515226E-002,-1.564184640987339E-010)
 (TO COMPARE with output) iq =            2 rvect=           0           0
           0 pi_q_unrelax= (8.404736388822830E-002,4.483179714446134E-018)
 (8.404736388822830E-002,4.483179714446134E-018) pi_q_relax = 
 (3.164065532515226E-002,-1.564184640987339E-010)
 (3.164065532515226E-002,-1.564184640987339E-010)
 (TO COMPARE with output) iq =            2 rvect=           0           0
           0 pi_q_unrelax= (8.404736388822830E-002,4.483179714446134E-018)
 (8.404736388822830E-002,4.483179714446134E-018) pi_q_relax = 
 (3.164065532515226E-002,-1.564184640987339E-010)
 (3.164065532515226E-002,-1.564184640987339E-010)
 (TO COMPARE with output) iq =            2 rvect=           0           0
           0 pi_q_unrelax= (8.404736388822830E-002,4.483179714446134E-018)
 (8.404736388822830E-002,4.483179714446134E-018) pi_q_relax = 
 (3.164065532515226E-002,-1.564184640987339E-010)
 (3.164065532515226E-002,-1.564184640987339E-010)

        iq =   2   iwann =   7   rPi_q =     0.03164066    -0.00000000   uPi_q =     0.08404736    -0.00000000   SH_q =     0.04202368     0.00000000

        Start LR calculation for the wannier #  8   iq =  2   spin =  1

        SYM : iwann=     8 iq =     2 weight =   0.12500000

      iter #   1 total cpu time :     6.8 secs   av.it.:  13.9
      thresh= 1.000E-06 alpha_mix =  0.700 |ddv_scf|^2 =  8.823E-06

      iter #   2 total cpu time :     6.9 secs   av.it.:  13.9
      thresh= 1.000E-06 alpha_mix =  0.700 |ddv_scf|^2 =  3.617E-05

      iter #   3 total cpu time :     6.9 secs   av.it.:  13.2
      thresh= 1.000E-06 alpha_mix =  0.700 |ddv_scf|^2 =  4.884E-07

      iter #   4 total cpu time :     7.0 secs   av.it.:  12.4
      thresh= 1.000E-06 alpha_mix =  0.700 |ddv_scf|^2 =  1.103E-09

      iter #   5 total cpu time :     7.0 secs   av.it.:  11.5
      thresh= 3.321E-07 alpha_mix =  0.700 |ddv_scf|^2 =  4.150E-11

      iter #   6 total cpu time :     7.0 secs   av.it.:  11.5
      thresh= 6.442E-08 alpha_mix =  0.700 |ddv_scf|^2 =  6.326E-13

      iter #   7 total cpu time :     7.1 secs   av.it.:  11.5
      thresh= 7.954E-09 alpha_mix =  0.700 |ddv_scf|^2 =  1.894E-14

      iter #   8 total cpu time :     7.1 secs   av.it.:  11.5
      thresh= 1.376E-09 alpha_mix =  0.700 |ddv_scf|^2 =  1.806E-15

      iter #   9 total cpu time :     7.2 secs   av.it.:  11.8
      thresh= 4.250E-10 alpha_mix =  0.700 |ddv_scf|^2 =  6.679E-16

      iter #  10 total cpu time :     7.2 secs   av.it.:  11.1
      thresh= 2.584E-10 alpha_mix =  0.700 |ddv_scf|^2 =  9.595E-16

      iter #  11 total cpu time :     7.2 secs   av.it.:  10.8
      thresh= 3.098E-10 alpha_mix =  0.700 |ddv_scf|^2 =  2.388E-18

      iter #  12 total cpu time :     7.3 secs   av.it.:  11.5
      thresh= 1.545E-11 alpha_mix =  0.700 |ddv_scf|^2 =  3.373E-19
 (TO COMPARE with output) iq =            2 rvect=           0           0
           0 pi_q_unrelax= (8.405496749067876E-002,-2.105015322878276E-018)
 (8.405496749067876E-002,-2.105015322878276E-018) pi_q_relax = 
 (3.164411253126385E-002,1.204444080257274E-010)
 (3.164411253126385E-002,1.204444080257274E-010)

        iq =   2   iwann =   8   rPi_q =     0.03164411     0.00000000   uPi_q =     0.08405497     0.00000000   SH_q =     0.04202748    -0.00000000
 (TO COMPARE with output) iq =            2 rvect=           0           0
           0 pi_q_unrelax= (8.405496749067876E-002,-2.105015322878276E-018)
 (8.405496749067876E-002,-2.105015322878276E-018) pi_q_relax = 
 (3.164411253126385E-002,1.204444080257274E-010)
 (3.164411253126385E-002,1.204444080257274E-010)
 (TO COMPARE with output) iq =            2 rvect=           0           0
           0 pi_q_unrelax= (8.405496749067876E-002,-2.105015322878276E-018)
 (8.405496749067876E-002,-2.105015322878276E-018) pi_q_relax = 
 (3.164411253126385E-002,1.204444080257274E-010)
 (3.164411253126385E-002,1.204444080257274E-010)
 (TO COMPARE with output) iq =            2 rvect=           0           0
           0 pi_q_unrelax= (8.405496749067876E-002,-2.105015322878276E-018)
 (8.405496749067876E-002,-2.105015322878276E-018) pi_q_relax = 
 (3.164411253126385E-002,1.204444080257274E-010)
 (3.164411253126385E-002,1.204444080257274E-010)


     ==============================================================================
     Calculation of q =    0.5000000   0.5000000   0.5000000  [Cart ]
     Calculation of q =    0.0000000   0.5000000   0.0000000  [Cryst]
     ==============================================================================

        INFO: prepare_q DONE

        INFO: rhowan_q(r) RETRIEVED

 
     Parallelization info
     --------------------
     sticks:   dense  smooth     PW     G-vecs:    dense   smooth      PW
     Min          73      73     27                  821      821     186
     Max          74      74     28                  823      823     189
     Sum         295     295    109                 3287     3287     749
 
     Using Slab Decomposition
 

     Title: 
     W2K Silicon                                                                


     bravais-lattice index     =            2
     lattice parameter (alat)  =      10.2631  a.u.
     unit-cell volume          =     270.2564 (a.u.)^3
     number of atoms/cell      =            2
     number of atomic types    =            1
     number of electrons       =         8.00 (up:   4.00, down:   4.00)
     number of Kohn-Sham states=            7
     kinetic-energy cutoff     =      20.0000  Ry
     charge density cutoff     =      80.0000  Ry
     Exchange-correlation= PW
                           (   1   4   0   0   0   0   0)

     celldm(1)=  10.263102  celldm(2)=   0.000000  celldm(3)=   0.000000
     celldm(4)=   0.000000  celldm(5)=   0.000000  celldm(6)=   0.000000

     crystal axes: (cart. coord. in units of alat)
               a(1) = (  -0.500000   0.000000   0.500000 )  
               a(2) = (   0.000000   0.500000   0.500000 )  
               a(3) = (  -0.500000   0.500000   0.000000 )  

     reciprocal axes: (cart. coord. in units 2 pi/alat)
               b(1) = ( -1.000000 -1.000000  1.000000 )  
               b(2) = (  1.000000  1.000000  1.000000 )  
               b(3) = ( -1.000000  1.000000 -1.000000 )  


     PseudoPot. # 1 for Si read from file:
     /home/colonna_n/CODES/q-e-kcw/pseudo/Si.upf
     MD5 check sum: 9e2d726316af3d4752eea8ab0afbb951
     Pseudo is Norm-conserving + core correction, Zval =  4.0
     Generated using ONCVPSP code by D. R. Hamann
     Using radial grid of 1510 points,  6 beta functions with: 
                l(1) =   0
                l(2) =   0
                l(3) =   1
                l(4) =   1
                l(5) =   2
                l(6) =   2

     atomic species   valence    mass     pseudopotential
     Si                4.00    28.08500     Si( 1.00)

     Starting magnetic structure 
     atomic species   magnetization
     Si              0.000

     48 Sym. Ops., with inversion, found



   Cartesian axes

     site n.     atom                  positions (alat units)
         1        Si     tau(   1) = (   0.0000000   0.0000000   0.0000000  )
         2        Si     tau(   2) = (  -0.2500000   0.2500000   0.2500000  )

     number of k points=    16
                       cart. coord. in units 2pi/alat
        k(    1) = (   0.0000000   0.0000000   0.0000000), wk =   0.1250000
        k(    2) = (   0.5000000   0.5000000   0.5000000), wk =   0.0000000
        k(    3) = (  -0.5000000   0.5000000  -0.5000000), wk =   0.1250000
        k(    4) = (  -0.0000000   1.0000000  -0.0000000), wk =   0.0000000
        k(    5) = (   0.5000000   0.5000000   0.5000000), wk =   0.1250000
        k(    6) = (   1.0000000   1.0000000   1.0000000), wk =   0.0000000
        k(    7) = (   0.0000000   1.0000000   0.0000000), wk =   0.1250000
        k(    8) = (   0.5000000   1.5000000   0.5000000), wk =   0.0000000
        k(    9) = (  -0.5000000  -0.5000000   0.5000000), wk =   0.1250000
        k(   10) = (  -0.0000000  -0.0000000   1.0000000), wk =   0.0000000
        k(   11) = (  -1.0000000   0.0000000   0.0000000), wk =   0.1250000
        k(   12) = (  -0.5000000   0.5000000   0.5000000), wk =   0.0000000
        k(   13) = (   0.0000000   0.0000000   1.0000000), wk =   0.1250000
        k(   14) = (   0.5000000   0.5000000   1.5000000), wk =   0.0000000
        k(   15) = (  -0.5000000   0.5000000   0.5000000), wk =   0.1250000
        k(   16) = (  -0.0000000   1.0000000   1.0000000), wk =   0.0000000

     Dense  grid:     3287 G-vectors     FFT dimensions: (  24,  24,  24)

     Estimated max dynamical RAM per process >       1.44 MB

     Estimated total dynamical RAM >       5.76 MB
     Cannot read rho : file not found

     Initial potential from superposition of free atoms
     Starting wfcs are    8 atomic wfcs

     Band Structure Calculation
     Davidson diagonalization with overlap

     ethr =  1.25E-10,  avg # of iterations = 11.0

     total cpu time spent up to now is       -1.0 secs

     End of band structure calculation

 ------ SPIN UP ------------


          k = 0.0000 0.0000 0.0000 (   411 PWs)   bands (ev):

    -6.3172   5.4873   5.4873   5.4873   8.2924   8.2924   8.2924

          k = 0.5000 0.5000 0.5000 (   410 PWs)   bands (ev):

    -4.0501  -1.3079   4.3414   4.3414   7.1397   9.1372   9.1372

          k =-0.5000 0.5000-0.5000 (   410 PWs)   bands (ev):

    -4.0501  -1.3079   4.3414   4.3414   7.1397   9.1372   9.1372

          k =-0.0000 1.0000-0.0000 (   412 PWs)   bands (ev):

    -2.2473  -2.2473   2.7720   2.7720   6.5280   6.5280  15.6288

          k = 0.5000 0.5000 0.5000 (   410 PWs)   bands (ev):

    -4.0501  -1.3079   4.3414   4.3414   7.1397   9.1372   9.1372

          k = 1.0000 1.0000 1.0000 (   411 PWs)   bands (ev):

    -6.3172   5.4873   5.4873   5.4873   8.2924   8.2924   8.2924

          k = 0.0000 1.0000 0.0000 (   412 PWs)   bands (ev):

    -2.2473  -2.2473   2.7720   2.7720   6.5280   6.5280  15.6288

          k = 0.5000 1.5000 0.5000 (   410 PWs)   bands (ev):

    -4.0501  -1.3079   4.3414   4.3414   7.1397   9.1372   9.1372

          k =-0.5000-0.5000 0.5000 (   410 PWs)   bands (ev):

    -4.0501  -1.3079   4.3414   4.3414   7.1397   9.1372   9.1372

          k =-0.0000-0.0000 1.0000 (   412 PWs)   bands (ev):

    -2.2473  -2.2473   2.7720   2.7720   6.5280   6.5280  15.6288

          k =-1.0000 0.0000 0.0000 (   412 PWs)   bands (ev):

    -2.2473  -2.2473   2.7720   2.7720   6.5280   6.5280  15.6288

          k =-0.5000 0.5000 0.5000 (   410 PWs)   bands (ev):

    -4.0501  -1.3079   4.3414   4.3414   7.1397   9.1372   9.1372

          k = 0.0000 0.0000 1.0000 (   412 PWs)   bands (ev):

    -2.2473  -2.2473   2.7720   2.7720   6.5280   6.5280  15.6288

          k = 0.5000 0.5000 1.5000 (   410 PWs)   bands (ev):

    -4.0501  -1.3079   4.3414   4.3414   7.1397   9.1372   9.1372

          k =-0.5000 0.5000 0.5000 (   410 PWs)   bands (ev):

    -4.0501  -1.3079   4.3414   4.3414   7.1397   9.1372   9.1372

          k =-0.0000 1.0000 1.0000 (   412 PWs)   bands (ev):

    -2.2473  -2.2473   2.7720   2.7720   6.5280   6.5280  15.6288

 ------ SPIN DOWN ----------


          k = 0.0000 0.0000 0.0000 (   411 PWs)   bands (ev):

    -6.3172   5.4873   5.4873   5.4873   8.2924   8.2924   8.2924

          k = 0.5000 0.5000 0.5000 (   410 PWs)   bands (ev):

    -4.0501  -1.3079   4.3414   4.3414   7.1397   9.1372   9.1372

          k =-0.5000 0.5000-0.5000 (   410 PWs)   bands (ev):

    -4.0501  -1.3079   4.3414   4.3414   7.1397   9.1372   9.1372

          k =-0.0000 1.0000-0.0000 (   412 PWs)   bands (ev):

    -2.2473  -2.2473   2.7720   2.7720   6.5280   6.5280  15.6288

          k = 0.5000 0.5000 0.5000 (   410 PWs)   bands (ev):

    -4.0501  -1.3079   4.3414   4.3414   7.1397   9.1372   9.1372

          k = 1.0000 1.0000 1.0000 (   411 PWs)   bands (ev):

    -6.3172   5.4873   5.4873   5.4873   8.2924   8.2924   8.2924

          k = 0.0000 1.0000 0.0000 (   412 PWs)   bands (ev):

    -2.2473  -2.2473   2.7720   2.7720   6.5280   6.5280  15.6288

          k = 0.5000 1.5000 0.5000 (   410 PWs)   bands (ev):

    -4.0501  -1.3079   4.3414   4.3414   7.1397   9.1372   9.1372

          k =-0.5000-0.5000 0.5000 (   410 PWs)   bands (ev):

    -4.0501  -1.3079   4.3414   4.3414   7.1397   9.1372   9.1372

          k =-0.0000-0.0000 1.0000 (   412 PWs)   bands (ev):

    -2.2473  -2.2473   2.7720   2.7720   6.5280   6.5280  15.6288

          k =-1.0000 0.0000 0.0000 (   412 PWs)   bands (ev):

    -2.2473  -2.2473   2.7720   2.7720   6.5280   6.5280  15.6288

          k =-0.5000 0.5000 0.5000 (   410 PWs)   bands (ev):

    -4.0501  -1.3079   4.3414   4.3414   7.1397   9.1372   9.1372

          k = 0.0000 0.0000 1.0000 (   412 PWs)   bands (ev):

    -2.2473  -2.2473   2.7720   2.7720   6.5280   6.5280  15.6288

          k = 0.5000 0.5000 1.5000 (   410 PWs)   bands (ev):

    -4.0501  -1.3079   4.3414   4.3414   7.1397   9.1372   9.1372

          k =-0.5000 0.5000 0.5000 (   410 PWs)   bands (ev):

    -4.0501  -1.3079   4.3414   4.3414   7.1397   9.1372   9.1372

          k =-0.0000 1.0000 1.0000 (   412 PWs)   bands (ev):

    -2.2473  -2.2473   2.7720   2.7720   6.5280   6.5280  15.6288

     highest occupied, lowest unoccupied level (ev):     5.4873    6.5280

     Writing all to output data dir /home/colonna_n/CODES/q-e-kcw/tempdir/kcw/q3/Si.save/ :
     XML data file, pseudopotentials, collected wavefunctions

        INFO: NSCF calculation DONE

        INFO: kcw_q initialization DONE


        Start LR calculation for the wannier #  1   iq =  3   spin =  1

        SYM : iwann=     1 iq =     3 weight =   0.12500000

      iter #   1 total cpu time :     7.5 secs   av.it.:  13.9
      thresh= 1.000E-06 alpha_mix =  0.700 |ddv_scf|^2 =  8.823E-06

      iter #   2 total cpu time :     7.6 secs   av.it.:  13.9
      thresh= 1.000E-06 alpha_mix =  0.700 |ddv_scf|^2 =  3.617E-05

      iter #   3 total cpu time :     7.6 secs   av.it.:  13.2
      thresh= 1.000E-06 alpha_mix =  0.700 |ddv_scf|^2 =  4.884E-07

      iter #   4 total cpu time :     7.7 secs   av.it.:  12.4
      thresh= 1.000E-06 alpha_mix =  0.700 |ddv_scf|^2 =  1.103E-09

      iter #   5 total cpu time :     7.7 secs   av.it.:  11.2
      thresh= 3.321E-07 alpha_mix =  0.700 |ddv_scf|^2 =  4.150E-11

      iter #   6 total cpu time :     7.7 secs   av.it.:  11.5
      thresh= 6.442E-08 alpha_mix =  0.700 |ddv_scf|^2 =  6.327E-13

      iter #   7 total cpu time :     7.8 secs   av.it.:  11.4
      thresh= 7.954E-09 alpha_mix =  0.700 |ddv_scf|^2 =  1.895E-14

      iter #   8 total cpu time :     7.8 secs   av.it.:  11.5
      thresh= 1.376E-09 alpha_mix =  0.700 |ddv_scf|^2 =  1.806E-15

      iter #   9 total cpu time :     7.9 secs   av.it.:  11.6
      thresh= 4.250E-10 alpha_mix =  0.700 |ddv_scf|^2 =  6.681E-16

      iter #  10 total cpu time :     7.9 secs   av.it.:  11.1
      thresh= 2.585E-10 alpha_mix =  0.700 |ddv_scf|^2 =  9.594E-16

      iter #  11 total cpu time :     7.9 secs   av.it.:  10.8
      thresh= 3.097E-10 alpha_mix =  0.700 |ddv_scf|^2 =  2.389E-18

      iter #  12 total cpu time :     8.0 secs   av.it.:  11.5
      thresh= 1.546E-11 alpha_mix =  0.700 |ddv_scf|^2 =  3.373E-19
 (TO COMPARE with output) iq =            3 rvect=           0           0
           0 pi_q_unrelax= (8.405490646986251E-002,-1.390306734472620E-018)
 (8.405490646986251E-002,-1.390306734472620E-018) pi_q_relax = 
 (3.164408569531174E-002,-7.819349466362873E-011)
 (3.164408569531174E-002,-7.819349466362873E-011)
 (TO COMPARE with output) iq =            3 rvect=           0           0
           0 pi_q_unrelax= (8.405490646986251E-002,-1.390306734472620E-018)
 (8.405490646986251E-002,-1.390306734472620E-018) pi_q_relax = 
 (3.164408569531174E-002,-7.819349466362873E-011)
 (3.164408569531174E-002,-7.819349466362873E-011)
 (TO COMPARE with output) iq =            3 rvect=           0           0
           0 pi_q_unrelax= (8.405490646986251E-002,-1.390306734472620E-018)
 (8.405490646986251E-002,-1.390306734472620E-018) pi_q_relax = 
 (3.164408569531174E-002,-7.819349466362873E-011)
 (3.164408569531174E-002,-7.819349466362873E-011)
 (TO COMPARE with output) iq =            3 rvect=           0           0
           0 pi_q_unrelax= (8.405490646986251E-002,-1.390306734472620E-018)
 (8.405490646986251E-002,-1.390306734472620E-018) pi_q_relax = 
 (3.164408569531174E-002,-7.819349466362873E-011)
 (3.164408569531174E-002,-7.819349466362873E-011)

        iq =   3   iwann =   1   rPi_q =     0.03164409    -0.00000000   uPi_q =     0.08405491     0.00000000   SH_q =     0.04202745     0.00000000

        Start LR calculation for the wannier #  2   iq =  3   spin =  1

        SYM : iwann=     2 iq =     3 weight =   0.12500000

      iter #   1 total cpu time :     8.0 secs   av.it.:  13.5
      thresh= 1.000E-06 alpha_mix =  0.700 |ddv_scf|^2 =  5.397E-06

      iter #   2 total cpu time :     8.1 secs   av.it.:  13.6
      thresh= 1.000E-06 alpha_mix =  0.700 |ddv_scf|^2 =  1.599E-05

      iter #   3 total cpu time :     8.1 secs   av.it.:  13.1
      thresh= 1.000E-06 alpha_mix =  0.700 |ddv_scf|^2 =  7.036E-07

      iter #   4 total cpu time :     8.2 secs   av.it.:  12.0
      thresh= 1.000E-06 alpha_mix =  0.700 |ddv_scf|^2 =  9.668E-10

      iter #   5 total cpu time :     8.2 secs   av.it.:  10.8
      thresh= 3.109E-07 alpha_mix =  0.700 |ddv_scf|^2 =  6.338E-11

      iter #   6 total cpu time :     8.3 secs   av.it.:  10.8
      thresh= 7.961E-08 alpha_mix =  0.700 |ddv_scf|^2 =  6.503E-13

      iter #   7 total cpu time :     8.3 secs   av.it.:  10.9
      thresh= 8.064E-09 alpha_mix =  0.700 |ddv_scf|^2 =  1.503E-14

      iter #   8 total cpu time :     8.3 secs   av.it.:  10.8
      thresh= 1.226E-09 alpha_mix =  0.700 |ddv_scf|^2 =  4.407E-17

      iter #   9 total cpu time :     8.4 secs   av.it.:  10.8
      thresh= 6.638E-11 alpha_mix =  0.700 |ddv_scf|^2 =  1.566E-17

      iter #  10 total cpu time :     8.4 secs   av.it.:  10.6
      thresh= 3.957E-11 alpha_mix =  0.700 |ddv_scf|^2 =  6.070E-18

      iter #  11 total cpu time :     8.4 secs   av.it.:  10.6
      thresh= 2.464E-11 alpha_mix =  0.700 |ddv_scf|^2 =  1.890E-18

      iter #  12 total cpu time :     8.5 secs   av.it.:  10.6
      thresh= 1.375E-11 alpha_mix =  0.700 |ddv_scf|^2 =  1.558E-20
 (TO COMPARE with output) iq =            3 rvect=           0           0
           0 pi_q_unrelax= (8.202621624147792E-002,-2.733016111951414E-019)
 (8.202621624147792E-002,-2.733016111951414E-019) pi_q_relax = 
 (3.493545983924550E-002,2.809385506553358E-010)
 (3.493545983924550E-002,2.809385506553358E-010)
 (TO COMPARE with output) iq =            3 rvect=           0           0
           0 pi_q_unrelax= (8.202621624147792E-002,-2.733016111951414E-019)
 (8.202621624147792E-002,-2.733016111951414E-019) pi_q_relax = 
 (3.493545983924550E-002,2.809385506553358E-010)
 (3.493545983924550E-002,2.809385506553358E-010)
 (TO COMPARE with output) iq =            3 rvect=           0           0
           0 pi_q_unrelax= (8.202621624147792E-002,-2.733016111951414E-019)
 (8.202621624147792E-002,-2.733016111951414E-019) pi_q_relax = 
 (3.493545983924550E-002,2.809385506553358E-010)
 (3.493545983924550E-002,2.809385506553358E-010)
 (TO COMPARE with output) iq =            3 rvect=           0           0
           0 pi_q_unrelax= (8.202621624147792E-002,-2.733016111951414E-019)
 (8.202621624147792E-002,-2.733016111951414E-019) pi_q_relax = 
 (3.493545983924550E-002,2.809385506553358E-010)
 (3.493545983924550E-002,2.809385506553358E-010)

        iq =   3   iwann =   2   rPi_q =     0.03493546     0.00000000   uPi_q =     0.08202622     0.00000000   SH_q =     0.04101311    -0.00000000

        Start LR calculation for the wannier #  3   iq =  3   spin =  1

        SYM : iwann=     3 iq =     3 weight =   0.12500000

      iter #   1 total cpu time :     8.5 secs   av.it.:  13.9
      thresh= 1.000E-06 alpha_mix =  0.700 |ddv_scf|^2 =  8.823E-06

      iter #   2 total cpu time :     8.6 secs   av.it.:  13.9
      thresh= 1.000E-06 alpha_mix =  0.700 |ddv_scf|^2 =  3.617E-05

      iter #   3 total cpu time :     8.6 secs   av.it.:  13.2
      thresh= 1.000E-06 alpha_mix =  0.700 |ddv_scf|^2 =  4.884E-07

      iter #   4 total cpu time :     8.7 secs   av.it.:  12.4
      thresh= 1.000E-06 alpha_mix =  0.700 |ddv_scf|^2 =  1.103E-09

      iter #   5 total cpu time :     8.7 secs   av.it.:  11.5
      thresh= 3.321E-07 alpha_mix =  0.700 |ddv_scf|^2 =  4.150E-11

      iter #   6 total cpu time :     8.8 secs   av.it.:  11.8
      thresh= 6.442E-08 alpha_mix =  0.700 |ddv_scf|^2 =  6.326E-13

      iter #   7 total cpu time :     8.8 secs   av.it.:  11.6
      thresh= 7.954E-09 alpha_mix =  0.700 |ddv_scf|^2 =  1.894E-14

      iter #   8 total cpu time :     8.9 secs   av.it.:  11.5
      thresh= 1.376E-09 alpha_mix =  0.700 |ddv_scf|^2 =  1.806E-15

      iter #   9 total cpu time :     8.9 secs   av.it.:  11.9
      thresh= 4.250E-10 alpha_mix =  0.700 |ddv_scf|^2 =  6.676E-16

      iter #  10 total cpu time :     9.0 secs   av.it.:  11.0
      thresh= 2.584E-10 alpha_mix =  0.700 |ddv_scf|^2 =  9.596E-16

      iter #  11 total cpu time :     9.0 secs   av.it.:  10.8
      thresh= 3.098E-10 alpha_mix =  0.700 |ddv_scf|^2 =  2.387E-18

      iter #  12 total cpu time :     9.0 secs   av.it.:  11.6
      thresh= 1.545E-11 alpha_mix =  0.700 |ddv_scf|^2 =  3.373E-19
 (TO COMPARE with output) iq =            3 rvect=           0           0
           0 pi_q_unrelax= (8.405477452913800E-002,-1.331161686386737E-018)
 (8.405477452913800E-002,-1.331161686386737E-018) pi_q_relax = 
 (3.164405375659452E-002,3.601398723164784E-011)
 (3.164405375659452E-002,3.601398723164784E-011)
 (TO COMPARE with output) iq =            3 rvect=           0           0
           0 pi_q_unrelax= (8.405477452913800E-002,-1.331161686386737E-018)
 (8.405477452913800E-002,-1.331161686386737E-018) pi_q_relax = 
 (3.164405375659452E-002,3.601398723164784E-011)
 (3.164405375659452E-002,3.601398723164784E-011)
 (TO COMPARE with output) iq =            3 rvect=           0           0
           0 pi_q_unrelax= (8.405477452913800E-002,-1.331161686386737E-018)
 (8.405477452913800E-002,-1.331161686386737E-018) pi_q_relax = 
 (3.164405375659452E-002,3.601398723164784E-011)
 (3.164405375659452E-002,3.601398723164784E-011)
 (TO COMPARE with output) iq =            3 rvect=           0           0
           0 pi_q_unrelax= (8.405477452913800E-002,-1.331161686386737E-018)
 (8.405477452913800E-002,-1.331161686386737E-018) pi_q_relax = 
 (3.164405375659452E-002,3.601398723164784E-011)
 (3.164405375659452E-002,3.601398723164784E-011)

        iq =   3   iwann =   3   rPi_q =     0.03164405     0.00000000   uPi_q =     0.08405477     0.00000000   SH_q =     0.04202739     0.00000000

        Start LR calculation for the wannier #  4   iq =  3   spin =  1

        SYM : iwann=     4 iq =     3 weight =   0.12500000

      iter #   1 total cpu time :     9.1 secs   av.it.:  13.9
      thresh= 1.000E-06 alpha_mix =  0.700 |ddv_scf|^2 =  8.822E-06

      iter #   2 total cpu time :     9.1 secs   av.it.:  13.9
      thresh= 1.000E-06 alpha_mix =  0.700 |ddv_scf|^2 =  3.616E-05

      iter #   3 total cpu time :     9.2 secs   av.it.:  13.2
      thresh= 1.000E-06 alpha_mix =  0.700 |ddv_scf|^2 =  4.885E-07

      iter #   4 total cpu time :     9.2 secs   av.it.:  12.4
      thresh= 1.000E-06 alpha_mix =  0.700 |ddv_scf|^2 =  1.103E-09

      iter #   5 total cpu time :     9.3 secs   av.it.:  11.2
      thresh= 3.321E-07 alpha_mix =  0.700 |ddv_scf|^2 =  4.150E-11

      iter #   6 total cpu time :     9.3 secs   av.it.:  11.6
      thresh= 6.442E-08 alpha_mix =  0.700 |ddv_scf|^2 =  6.326E-13

      iter #   7 total cpu time :     9.4 secs   av.it.:  11.2
      thresh= 7.953E-09 alpha_mix =  0.700 |ddv_scf|^2 =  1.894E-14

      iter #   8 total cpu time :     9.4 secs   av.it.:  11.2
      thresh= 1.376E-09 alpha_mix =  0.700 |ddv_scf|^2 =  1.806E-15

      iter #   9 total cpu time :     9.4 secs   av.it.:  11.6
      thresh= 4.250E-10 alpha_mix =  0.700 |ddv_scf|^2 =  6.675E-16

      iter #  10 total cpu time :     9.5 secs   av.it.:  11.0
      thresh= 2.584E-10 alpha_mix =  0.700 |ddv_scf|^2 =  9.595E-16

      iter #  11 total cpu time :     9.5 secs   av.it.:  10.8
      thresh= 3.098E-10 alpha_mix =  0.700 |ddv_scf|^2 =  2.386E-18

      iter #  12 total cpu time :     9.6 secs   av.it.:  11.6
      thresh= 1.545E-11 alpha_mix =  0.700 |ddv_scf|^2 =  3.373E-19
 (TO COMPARE with output) iq =            3 rvect=           0           0
           0 pi_q_unrelax= (8.404745808398230E-002,-4.578635248626685E-019)
 (8.404745808398230E-002,-4.578635248626685E-019) pi_q_relax = 
 (3.164067970870867E-002,-1.773960982292978E-010)
 (3.164067970870867E-002,-1.773960982292978E-010)
 (TO COMPARE with output) iq =            3 rvect=           0           0
           0 pi_q_unrelax= (8.404745808398230E-002,-4.578635248626685E-019)
 (8.404745808398230E-002,-4.578635248626685E-019) pi_q_relax = 
 (3.164067970870867E-002,-1.773960982292978E-010)
 (3.164067970870867E-002,-1.773960982292978E-010)
 (TO COMPARE with output) iq =            3 rvect=           0           0
           0 pi_q_unrelax= (8.404745808398230E-002,-4.578635248626685E-019)
 (8.404745808398230E-002,-4.578635248626685E-019) pi_q_relax = 
 (3.164067970870867E-002,-1.773960982292978E-010)
 (3.164067970870867E-002,-1.773960982292978E-010)
 (TO COMPARE with output) iq =            3 rvect=           0           0
           0 pi_q_unrelax= (8.404745808398230E-002,-4.578635248626685E-019)
 (8.404745808398230E-002,-4.578635248626685E-019) pi_q_relax = 
 (3.164067970870867E-002,-1.773960982292978E-010)
 (3.164067970870867E-002,-1.773960982292978E-010)

        iq =   3   iwann =   4   rPi_q =     0.03164068    -0.00000000   uPi_q =     0.08404746     0.00000000   SH_q =     0.04202373     0.00000000

        Start LR calculation for the wannier #  5   iq =  3   spin =  1

        SYM : iwann=     5 iq =     3 weight =   0.12500000

      iter #   1 total cpu time :     9.6 secs   av.it.:  13.9
      thresh= 1.000E-06 alpha_mix =  0.700 |ddv_scf|^2 =  8.822E-06

      iter #   2 total cpu time :     9.7 secs   av.it.:  13.9
      thresh= 1.000E-06 alpha_mix =  0.700 |ddv_scf|^2 =  3.616E-05

      iter #   3 total cpu time :     9.7 secs   av.it.:  13.2
      thresh= 1.000E-06 alpha_mix =  0.700 |ddv_scf|^2 =  4.885E-07

      iter #   4 total cpu time :     9.8 secs   av.it.:  12.4
      thresh= 1.000E-06 alpha_mix =  0.700 |ddv_scf|^2 =  1.103E-09

      iter #   5 total cpu time :     9.8 secs   av.it.:  11.4
      thresh= 3.321E-07 alpha_mix =  0.700 |ddv_scf|^2 =  4.150E-11

      iter #   6 total cpu time :     9.8 secs   av.it.:  11.8
      thresh= 6.442E-08 alpha_mix =  0.700 |ddv_scf|^2 =  6.326E-13

      iter #   7 total cpu time :     9.9 secs   av.it.:  11.5
      thresh= 7.953E-09 alpha_mix =  0.700 |ddv_scf|^2 =  1.894E-14

      iter #   8 total cpu time :     9.9 secs   av.it.:  11.6
      thresh= 1.376E-09 alpha_mix =  0.700 |ddv_scf|^2 =  1.806E-15

      iter #   9 total cpu time :    10.0 secs   av.it.:  11.9
      thresh= 4.250E-10 alpha_mix =  0.700 |ddv_scf|^2 =  6.673E-16

      iter #  10 total cpu time :    10.0 secs   av.it.:  11.1
      thresh= 2.583E-10 alpha_mix =  0.700 |ddv_scf|^2 =  9.595E-16

      iter #  11 total cpu time :    10.0 secs   av.it.:  10.8
      thresh= 3.098E-10 alpha_mix =  0.700 |ddv_scf|^2 =  2.386E-18

      iter #  12 total cpu time :    10.1 secs   av.it.:  11.6
      thresh= 1.545E-11 alpha_mix =  0.700 |ddv_scf|^2 =  3.371E-19
 (TO COMPARE with output) iq =            3 rvect=           0           0
           0 pi_q_unrelax= (8.404724452566251E-002,-3.960667847910725E-018)
 (8.404724452566251E-002,-3.960667847910725E-018) pi_q_relax = 
 (3.164061471817921E-002,-1.356342052608933E-011)
 (3.164061471817921E-002,-1.356342052608933E-011)
 (TO COMPARE with output) iq =            3 rvect=           0           0
           0 pi_q_unrelax= (8.404724452566251E-002,-3.960667847910725E-018)
 (8.404724452566251E-002,-3.960667847910725E-018) pi_q_relax = 
 (3.164061471817921E-002,-1.356342052608933E-011)
 (3.164061471817921E-002,-1.356342052608933E-011)
 (TO COMPARE with output) iq =            3 rvect=           0           0
           0 pi_q_unrelax= (8.404724452566251E-002,-3.960667847910725E-018)
 (8.404724452566251E-002,-3.960667847910725E-018) pi_q_relax = 
 (3.164061471817921E-002,-1.356342052608933E-011)
 (3.164061471817921E-002,-1.356342052608933E-011)
 (TO COMPARE with output) iq =            3 rvect=           0           0
           0 pi_q_unrelax= (8.404724452566251E-002,-3.960667847910725E-018)
 (8.404724452566251E-002,-3.960667847910725E-018) pi_q_relax = 
 (3.164061471817921E-002,-1.356342052608933E-011)
 (3.164061471817921E-002,-1.356342052608933E-011)

        iq =   3   iwann =   5   rPi_q =     0.03164061    -0.00000000   uPi_q =     0.08404724     0.00000000   SH_q =     0.04202362    -0.00000000

        Start LR calculation for the wannier #  6   iq =  3   spin =  1

        SYM : iwann=     6 iq =     3 weight =   0.12500000

      iter #   1 total cpu time :    10.1 secs   av.it.:  13.9
      thresh= 1.000E-06 alpha_mix =  0.700 |ddv_scf|^2 =  8.823E-06

      iter #   2 total cpu time :    10.2 secs   av.it.:  13.9
      thresh= 1.000E-06 alpha_mix =  0.700 |ddv_scf|^2 =  3.617E-05

      iter #   3 total cpu time :    10.2 secs   av.it.:  13.2
      thresh= 1.000E-06 alpha_mix =  0.700 |ddv_scf|^2 =  4.884E-07

      iter #   4 total cpu time :    10.3 secs   av.it.:  12.4
      thresh= 1.000E-06 alpha_mix =  0.700 |ddv_scf|^2 =  1.103E-09

      iter #   5 total cpu time :    10.3 secs   av.it.:  11.2
      thresh= 3.321E-07 alpha_mix =  0.700 |ddv_scf|^2 =  4.150E-11

      iter #   6 total cpu time :    10.4 secs   av.it.:  11.6
      thresh= 6.442E-08 alpha_mix =  0.700 |ddv_scf|^2 =  6.326E-13

      iter #   7 total cpu time :    10.4 secs   av.it.:  11.2
      thresh= 7.954E-09 alpha_mix =  0.700 |ddv_scf|^2 =  1.894E-14

      iter #   8 total cpu time :    10.4 secs   av.it.:  11.4
      thresh= 1.376E-09 alpha_mix =  0.700 |ddv_scf|^2 =  1.806E-15

      iter #   9 total cpu time :    10.5 secs   av.it.:  11.6
      thresh= 4.250E-10 alpha_mix =  0.700 |ddv_scf|^2 =  6.676E-16

      iter #  10 total cpu time :    10.5 secs   av.it.:  11.1
      thresh= 2.584E-10 alpha_mix =  0.700 |ddv_scf|^2 =  9.597E-16

      iter #  11 total cpu time :    10.6 secs   av.it.:  10.8
      thresh= 3.098E-10 alpha_mix =  0.700 |ddv_scf|^2 =  2.387E-18

      iter #  12 total cpu time :    10.6 secs   av.it.:  11.6
      thresh= 1.545E-11 alpha_mix =  0.700 |ddv_scf|^2 =  3.373E-19
 (TO COMPARE with output) iq =            3 rvect=           0           0
           0 pi_q_unrelax= (8.405497750065821E-002,3.130077132262294E-018)
 (8.405497750065821E-002,3.130077132262294E-018) pi_q_relax = 
 (3.164411356162224E-002,1.997295847190174E-011)
 (3.164411356162224E-002,1.997295847190174E-011)
 (TO COMPARE with output) iq =            3 rvect=           0           0
           0 pi_q_unrelax= (8.405497750065821E-002,3.130077132262294E-018)
 (8.405497750065821E-002,3.130077132262294E-018) pi_q_relax = 
 (3.164411356162224E-002,1.997295847190174E-011)
 (3.164411356162224E-002,1.997295847190174E-011)
 (TO COMPARE with output) iq =            3 rvect=           0           0
           0 pi_q_unrelax= (8.405497750065821E-002,3.130077132262294E-018)
 (8.405497750065821E-002,3.130077132262294E-018) pi_q_relax = 
 (3.164411356162224E-002,1.997295847190174E-011)
 (3.164411356162224E-002,1.997295847190174E-011)
 (TO COMPARE with output) iq =            3 rvect=           0           0
           0 pi_q_unrelax= (8.405497750065821E-002,3.130077132262294E-018)
 (8.405497750065821E-002,3.130077132262294E-018) pi_q_relax = 
 (3.164411356162224E-002,1.997295847190174E-011)
 (3.164411356162224E-002,1.997295847190174E-011)

        iq =   3   iwann =   6   rPi_q =     0.03164411     0.00000000   uPi_q =     0.08405498    -0.00000000   SH_q =     0.04202749    -0.00000000

        Start LR calculation for the wannier #  7   iq =  3   spin =  1

        SYM : iwann=     7 iq =     3 weight =   0.12500000

      iter #   1 total cpu time :    10.7 secs   av.it.:  13.9
      thresh= 1.000E-06 alpha_mix =  0.700 |ddv_scf|^2 =  8.822E-06

      iter #   2 total cpu time :    10.7 secs   av.it.:  13.9
      thresh= 1.000E-06 alpha_mix =  0.700 |ddv_scf|^2 =  3.616E-05

      iter #   3 total cpu time :    10.8 secs   av.it.:  13.2
      thresh= 1.000E-06 alpha_mix =  0.700 |ddv_scf|^2 =  4.885E-07

      iter #   4 total cpu time :    10.8 secs   av.it.:  12.4
      thresh= 1.000E-06 alpha_mix =  0.700 |ddv_scf|^2 =  1.103E-09

      iter #   5 total cpu time :    10.8 secs   av.it.:  11.4
      thresh= 3.321E-07 alpha_mix =  0.700 |ddv_scf|^2 =  4.150E-11

      iter #   6 total cpu time :    10.9 secs   av.it.:  11.6
      thresh= 6.442E-08 alpha_mix =  0.700 |ddv_scf|^2 =  6.326E-13

      iter #   7 total cpu time :    10.9 secs   av.it.:  11.2
      thresh= 7.953E-09 alpha_mix =  0.700 |ddv_scf|^2 =  1.894E-14

      iter #   8 total cpu time :    11.0 secs   av.it.:  11.5
      thresh= 1.376E-09 alpha_mix =  0.700 |ddv_scf|^2 =  1.806E-15

      iter #   9 total cpu time :    11.1 secs   av.it.:  11.6
      thresh= 4.250E-10 alpha_mix =  0.700 |ddv_scf|^2 =  6.681E-16

      iter #  10 total cpu time :    11.2 secs   av.it.:  11.0
      thresh= 2.585E-10 alpha_mix =  0.700 |ddv_scf|^2 =  9.592E-16

      iter #  11 total cpu time :    11.3 secs   av.it.:  10.8
      thresh= 3.097E-10 alpha_mix =  0.700 |ddv_scf|^2 =  2.389E-18

      iter #  12 total cpu time :    11.3 secs   av.it.:  11.6
      thresh= 1.546E-11 alpha_mix =  0.700 |ddv_scf|^2 =  3.372E-19
 (TO COMPARE with output) iq =            3 rvect=           0           0
           0 pi_q_unrelax= (8.404738503885122E-002,9.169439045586516E-021)
 (8.404738503885122E-002,9.169439045586516E-021) pi_q_relax = 
 (3.164065201610321E-002,-1.430611883555621E-010)
 (3.164065201610321E-002,-1.430611883555621E-010)
 (TO COMPARE with output) iq =            3 rvect=           0           0
           0 pi_q_unrelax= (8.404738503885122E-002,9.169439045586516E-021)
 (8.404738503885122E-002,9.169439045586516E-021) pi_q_relax = 
 (3.164065201610321E-002,-1.430611883555621E-010)
 (3.164065201610321E-002,-1.430611883555621E-010)
 (TO COMPARE with output) iq =            3 rvect=           0           0
           0 pi_q_unrelax= (8.404738503885122E-002,9.169439045586516E-021)
 (8.404738503885122E-002,9.169439045586516E-021) pi_q_relax = 
 (3.164065201610321E-002,-1.430611883555621E-010)
 (3.164065201610321E-002,-1.430611883555621E-010)
 (TO COMPARE with output) iq =            3 rvect=           0           0
           0 pi_q_unrelax= (8.404738503885122E-002,9.169439045586516E-021)
 (8.404738503885122E-002,9.169439045586516E-021) pi_q_relax = 
 (3.164065201610321E-002,-1.430611883555621E-010)
 (3.164065201610321E-002,-1.430611883555621E-010)

        iq =   3   iwann =   7   rPi_q =     0.03164065    -0.00000000   uPi_q =     0.08404739    -0.00000000   SH_q =     0.04202369     0.00000000

        Start LR calculation for the wannier #  8   iq =  3   spin =  1

        SYM : iwann=     8 iq =     3 weight =   0.12500000

      iter #   1 total cpu time :    11.4 secs   av.it.:  13.5
      thresh= 1.000E-06 alpha_mix =  0.700 |ddv_scf|^2 =  5.398E-06

      iter #   2 total cpu time :    11.4 secs   av.it.:  13.6
      thresh= 1.000E-06 alpha_mix =  0.700 |ddv_scf|^2 =  1.599E-05

      iter #   3 total cpu time :    11.5 secs   av.it.:  13.1
      thresh= 1.000E-06 alpha_mix =  0.700 |ddv_scf|^2 =  7.036E-07

      iter #   4 total cpu time :    11.5 secs   av.it.:  12.0
      thresh= 1.000E-06 alpha_mix =  0.700 |ddv_scf|^2 =  9.669E-10

      iter #   5 total cpu time :    11.6 secs   av.it.:  10.8
      thresh= 3.110E-07 alpha_mix =  0.700 |ddv_scf|^2 =  6.339E-11

      iter #   6 total cpu time :    11.6 secs   av.it.:  10.8
      thresh= 7.962E-08 alpha_mix =  0.700 |ddv_scf|^2 =  6.503E-13

      iter #   7 total cpu time :    11.6 secs   av.it.:  10.9
      thresh= 8.064E-09 alpha_mix =  0.700 |ddv_scf|^2 =  1.503E-14

      iter #   8 total cpu time :    11.7 secs   av.it.:  10.8
      thresh= 1.226E-09 alpha_mix =  0.700 |ddv_scf|^2 =  4.334E-17

      iter #   9 total cpu time :    11.7 secs   av.it.:  10.8
      thresh= 6.583E-11 alpha_mix =  0.700 |ddv_scf|^2 =  1.284E-17

      iter #  10 total cpu time :    11.8 secs   av.it.:  10.6
      thresh= 3.584E-11 alpha_mix =  0.700 |ddv_scf|^2 =  1.536E-18

      iter #  11 total cpu time :    11.8 secs   av.it.:  10.8
      thresh= 1.239E-11 alpha_mix =  0.700 |ddv_scf|^2 =  1.705E-18

      iter #  12 total cpu time :    11.8 secs   av.it.:  10.5
      thresh= 1.306E-11 alpha_mix =  0.700 |ddv_scf|^2 =  5.536E-21
 (TO COMPARE with output) iq =            3 rvect=           0           0
           0 pi_q_unrelax= (8.203693701128081E-002,-3.114532569004605E-018)
 (8.203693701128081E-002,-3.114532569004605E-018) pi_q_relax = 
 (3.493994380016085E-002,-7.932027474907594E-011)
 (3.493994380016085E-002,-7.932027474907594E-011)
 (TO COMPARE with output) iq =            3 rvect=           0           0
           0 pi_q_unrelax= (8.203693701128081E-002,-3.114532569004605E-018)
 (8.203693701128081E-002,-3.114532569004605E-018) pi_q_relax = 
 (3.493994380016085E-002,-7.932027474907594E-011)
 (3.493994380016085E-002,-7.932027474907594E-011)
 (TO COMPARE with output) iq =            3 rvect=           0           0
           0 pi_q_unrelax= (8.203693701128081E-002,-3.114532569004605E-018)
 (8.203693701128081E-002,-3.114532569004605E-018) pi_q_relax = 
 (3.493994380016085E-002,-7.932027474907594E-011)
 (3.493994380016085E-002,-7.932027474907594E-011)
 (TO COMPARE with output) iq =            3 rvect=           0           0
           0 pi_q_unrelax= (8.203693701128081E-002,-3.114532569004605E-018)
 (8.203693701128081E-002,-3.114532569004605E-018) pi_q_relax = 
 (3.493994380016085E-002,-7.932027474907594E-011)
 (3.493994380016085E-002,-7.932027474907594E-011)

        iq =   3   iwann =   8   rPi_q =     0.03493994    -0.00000000   uPi_q =     0.08203694     0.00000000   SH_q =     0.04101847     0.00000000


     ==============================================================================
     Calculation of q =    0.0000000   1.0000000   0.0000000  [Cart ]
     Calculation of q =    0.0000000   0.5000000   0.5000000  [Cryst]
     ==============================================================================

        INFO: prepare_q DONE

        INFO: rhowan_q(r) RETRIEVED

 
     Parallelization info
     --------------------
     sticks:   dense  smooth     PW     G-vecs:    dense   smooth      PW
     Min          73      73     30                  821      821     216
     Max          74      74     31                  823      823     218
     Sum         295     295    121                 3287     3287     869
 
     Using Slab Decomposition
 

     Title: 
     W2K Silicon                                                                


     bravais-lattice index     =            2
     lattice parameter (alat)  =      10.2631  a.u.
     unit-cell volume          =     270.2564 (a.u.)^3
     number of atoms/cell      =            2
     number of atomic types    =            1
     number of electrons       =         8.00 (up:   4.00, down:   4.00)
     number of Kohn-Sham states=            7
     kinetic-energy cutoff     =      20.0000  Ry
     charge density cutoff     =      80.0000  Ry
     Exchange-correlation= PW
                           (   1   4   0   0   0   0   0)

     celldm(1)=  10.263102  celldm(2)=   0.000000  celldm(3)=   0.000000
     celldm(4)=   0.000000  celldm(5)=   0.000000  celldm(6)=   0.000000

     crystal axes: (cart. coord. in units of alat)
               a(1) = (  -0.500000   0.000000   0.500000 )  
               a(2) = (   0.000000   0.500000   0.500000 )  
               a(3) = (  -0.500000   0.500000   0.000000 )  

     reciprocal axes: (cart. coord. in units 2 pi/alat)
               b(1) = ( -1.000000 -1.000000  1.000000 )  
               b(2) = (  1.000000  1.000000  1.000000 )  
               b(3) = ( -1.000000  1.000000 -1.000000 )  


     PseudoPot. # 1 for Si read from file:
     /home/colonna_n/CODES/q-e-kcw/pseudo/Si.upf
     MD5 check sum: 9e2d726316af3d4752eea8ab0afbb951
     Pseudo is Norm-conserving + core correction, Zval =  4.0
     Generated using ONCVPSP code by D. R. Hamann
     Using radial grid of 1510 points,  6 beta functions with: 
                l(1) =   0
                l(2) =   0
                l(3) =   1
                l(4) =   1
                l(5) =   2
                l(6) =   2

     atomic species   valence    mass     pseudopotential
     Si                4.00    28.08500     Si( 1.00)

     Starting magnetic structure 
     atomic species   magnetization
     Si              0.000

     48 Sym. Ops., with inversion, found



   Cartesian axes

     site n.     atom                  positions (alat units)
         1        Si     tau(   1) = (   0.0000000   0.0000000   0.0000000  )
         2        Si     tau(   2) = (  -0.2500000   0.2500000   0.2500000  )

     number of k points=    16
                       cart. coord. in units 2pi/alat
        k(    1) = (   0.0000000   0.0000000   0.0000000), wk =   0.1250000
        k(    2) = (   0.0000000   1.0000000   0.0000000), wk =   0.0000000
        k(    3) = (  -0.5000000   0.5000000  -0.5000000), wk =   0.1250000
        k(    4) = (  -0.5000000   1.5000000  -0.5000000), wk =   0.0000000
        k(    5) = (   0.5000000   0.5000000   0.5000000), wk =   0.1250000
        k(    6) = (   0.5000000   1.5000000   0.5000000), wk =   0.0000000
        k(    7) = (   0.0000000   1.0000000   0.0000000), wk =   0.1250000
        k(    8) = (   0.0000000   2.0000000   0.0000000), wk =   0.0000000
        k(    9) = (  -0.5000000  -0.5000000   0.5000000), wk =   0.1250000
        k(   10) = (  -0.5000000   0.5000000   0.5000000), wk =   0.0000000
        k(   11) = (  -1.0000000   0.0000000   0.0000000), wk =   0.1250000
        k(   12) = (  -1.0000000   1.0000000   0.0000000), wk =   0.0000000
        k(   13) = (   0.0000000   0.0000000   1.0000000), wk =   0.1250000
        k(   14) = (   0.0000000   1.0000000   1.0000000), wk =   0.0000000
        k(   15) = (  -0.5000000   0.5000000   0.5000000), wk =   0.1250000
        k(   16) = (  -0.5000000   1.5000000   0.5000000), wk =   0.0000000

     Dense  grid:     3287 G-vectors     FFT dimensions: (  24,  24,  24)

     Estimated max dynamical RAM per process >       1.45 MB

     Estimated total dynamical RAM >       5.78 MB
     Cannot read rho : file not found

     Initial potential from superposition of free atoms
     Starting wfcs are    8 atomic wfcs

     Band Structure Calculation
     Davidson diagonalization with overlap

     ethr =  1.25E-10,  avg # of iterations = 11.0

     total cpu time spent up to now is       -1.0 secs

     End of band structure calculation

 ------ SPIN UP ------------


          k = 0.0000 0.0000 0.0000 (   411 PWs)   bands (ev):

    -6.3172   5.4873   5.4873   5.4873   8.2924   8.2924   8.2924

          k = 0.0000 1.0000 0.0000 (   412 PWs)   bands (ev):

    -2.2473  -2.2473   2.7720   2.7720   6.5280   6.5280  15.6288

          k =-0.5000 0.5000-0.5000 (   410 PWs)   bands (ev):

    -4.0501  -1.3079   4.3414   4.3414   7.1397   9.1372   9.1372

          k =-0.5000 1.5000-0.5000 (   410 PWs)   bands (ev):

    -4.0501  -1.3079   4.3414   4.3414   7.1397   9.1372   9.1372

          k = 0.5000 0.5000 0.5000 (   410 PWs)   bands (ev):

    -4.0501  -1.3079   4.3414   4.3414   7.1397   9.1372   9.1372

          k = 0.5000 1.5000 0.5000 (   410 PWs)   bands (ev):

    -4.0501  -1.3079   4.3414   4.3414   7.1397   9.1372   9.1372

          k = 0.0000 1.0000 0.0000 (   412 PWs)   bands (ev):

    -2.2473  -2.2473   2.7720   2.7720   6.5280   6.5280  15.6288

          k = 0.0000 2.0000 0.0000 (   411 PWs)   bands (ev):

    -6.3172   5.4873   5.4873   5.4873   8.2924   8.2924   8.2924

          k =-0.5000-0.5000 0.5000 (   410 PWs)   bands (ev):

    -4.0501  -1.3079   4.3414   4.3414   7.1397   9.1372   9.1372

          k =-0.5000 0.5000 0.5000 (   410 PWs)   bands (ev):

    -4.0501  -1.3079   4.3414   4.3414   7.1397   9.1372   9.1372

          k =-1.0000 0.0000 0.0000 (   412 PWs)   bands (ev):

    -2.2473  -2.2473   2.7720   2.7720   6.5280   6.5280  15.6288

          k =-1.0000 1.0000 0.0000 (   412 PWs)   bands (ev):

    -2.2473  -2.2473   2.7720   2.7720   6.5280   6.5280  15.6288

          k = 0.0000 0.0000 1.0000 (   412 PWs)   bands (ev):

    -2.2473  -2.2473   2.7720   2.7720   6.5280   6.5280  15.6288

          k = 0.0000 1.0000 1.0000 (   412 PWs)   bands (ev):

    -2.2473  -2.2473   2.7720   2.7720   6.5280   6.5280  15.6288

          k =-0.5000 0.5000 0.5000 (   410 PWs)   bands (ev):

    -4.0501  -1.3079   4.3414   4.3414   7.1397   9.1372   9.1372

          k =-0.5000 1.5000 0.5000 (   410 PWs)   bands (ev):

    -4.0501  -1.3079   4.3414   4.3414   7.1397   9.1372   9.1372

 ------ SPIN DOWN ----------


          k = 0.0000 0.0000 0.0000 (   411 PWs)   bands (ev):

    -6.3172   5.4873   5.4873   5.4873   8.2924   8.2924   8.2924

          k = 0.0000 1.0000 0.0000 (   412 PWs)   bands (ev):

    -2.2473  -2.2473   2.7720   2.7720   6.5280   6.5280  15.6288

          k =-0.5000 0.5000-0.5000 (   410 PWs)   bands (ev):

    -4.0501  -1.3079   4.3414   4.3414   7.1397   9.1372   9.1372

          k =-0.5000 1.5000-0.5000 (   410 PWs)   bands (ev):

    -4.0501  -1.3079   4.3414   4.3414   7.1397   9.1372   9.1372

          k = 0.5000 0.5000 0.5000 (   410 PWs)   bands (ev):

    -4.0501  -1.3079   4.3414   4.3414   7.1397   9.1372   9.1372

          k = 0.5000 1.5000 0.5000 (   410 PWs)   bands (ev):

    -4.0501  -1.3079   4.3414   4.3414   7.1397   9.1372   9.1372

          k = 0.0000 1.0000 0.0000 (   412 PWs)   bands (ev):

    -2.2473  -2.2473   2.7720   2.7720   6.5280   6.5280  15.6288

          k = 0.0000 2.0000 0.0000 (   411 PWs)   bands (ev):

    -6.3172   5.4873   5.4873   5.4873   8.2924   8.2924   8.2924

          k =-0.5000-0.5000 0.5000 (   410 PWs)   bands (ev):

    -4.0501  -1.3079   4.3414   4.3414   7.1397   9.1372   9.1372

          k =-0.5000 0.5000 0.5000 (   410 PWs)   bands (ev):

    -4.0501  -1.3079   4.3414   4.3414   7.1397   9.1372   9.1372

          k =-1.0000 0.0000 0.0000 (   412 PWs)   bands (ev):

    -2.2473  -2.2473   2.7720   2.7720   6.5280   6.5280  15.6288

          k =-1.0000 1.0000 0.0000 (   412 PWs)   bands (ev):

    -2.2473  -2.2473   2.7720   2.7720   6.5280   6.5280  15.6288

          k = 0.0000 0.0000 1.0000 (   412 PWs)   bands (ev):

    -2.2473  -2.2473   2.7720   2.7720   6.5280   6.5280  15.6288

          k = 0.0000 1.0000 1.0000 (   412 PWs)   bands (ev):

    -2.2473  -2.2473   2.7720   2.7720   6.5280   6.5280  15.6288

          k =-0.5000 0.5000 0.5000 (   410 PWs)   bands (ev):

    -4.0501  -1.3079   4.3414   4.3414   7.1397   9.1372   9.1372

          k =-0.5000 1.5000 0.5000 (   410 PWs)   bands (ev):

    -4.0501  -1.3079   4.3414   4.3414   7.1397   9.1372   9.1372

     highest occupied, lowest unoccupied level (ev):     5.4873    6.5280

     Writing all to output data dir /home/colonna_n/CODES/q-e-kcw/tempdir/kcw/q4/Si.save/ :
     XML data file, pseudopotentials, collected wavefunctions

        INFO: NSCF calculation DONE

        INFO: kcw_q initialization DONE


        Start LR calculation for the wannier #  1   iq =  4   spin =  1

        SYM : iwann=     1 iq =     4 weight =   0.12500000

      iter #   1 total cpu time :    12.1 secs   av.it.:  13.4
      thresh= 1.000E-06 alpha_mix =  0.700 |ddv_scf|^2 =  4.259E-06

      iter #   2 total cpu time :    12.1 secs   av.it.:  13.4
      thresh= 1.000E-06 alpha_mix =  0.700 |ddv_scf|^2 =  8.346E-06

      iter #   3 total cpu time :    12.2 secs   av.it.:  13.2
      thresh= 1.000E-06 alpha_mix =  0.700 |ddv_scf|^2 =  2.377E-08

      iter #   4 total cpu time :    12.2 secs   av.it.:  11.4
      thresh= 1.000E-06 alpha_mix =  0.700 |ddv_scf|^2 =  1.491E-10

      iter #   5 total cpu time :    12.2 secs   av.it.:  11.0
      thresh= 1.221E-07 alpha_mix =  0.700 |ddv_scf|^2 =  1.745E-11

      iter #   6 total cpu time :    12.3 secs   av.it.:  11.1
      thresh= 4.178E-08 alpha_mix =  0.700 |ddv_scf|^2 =  2.218E-13

      iter #   7 total cpu time :    12.3 secs   av.it.:  11.2
      thresh= 4.710E-09 alpha_mix =  0.700 |ddv_scf|^2 =  5.073E-15

      iter #   8 total cpu time :    12.4 secs   av.it.:  10.9
      thresh= 7.122E-10 alpha_mix =  0.700 |ddv_scf|^2 =  2.506E-17

      iter #   9 total cpu time :    12.4 secs   av.it.:  11.2
      thresh= 5.006E-11 alpha_mix =  0.700 |ddv_scf|^2 =  7.952E-19
 (TO COMPARE with output) iq =            4 rvect=           0           0
           0 pi_q_unrelax= (7.088915154470857E-002,-2.553318734682209E-018)
 (7.088915154470857E-002,-2.553318734682209E-018) pi_q_relax = 
 (2.659526357724023E-002,1.723157203928076E-008)
 (2.659526357724023E-002,1.723157203928076E-008)
 (TO COMPARE with output) iq =            4 rvect=           0           0
           0 pi_q_unrelax= (7.088915154470857E-002,-2.553318734682209E-018)
 (7.088915154470857E-002,-2.553318734682209E-018) pi_q_relax = 
 (2.659526357724023E-002,1.723157203928076E-008)
 (2.659526357724023E-002,1.723157203928076E-008)
 (TO COMPARE with output) iq =            4 rvect=           0           0
           0 pi_q_unrelax= (7.088915154470857E-002,-2.553318734682209E-018)
 (7.088915154470857E-002,-2.553318734682209E-018) pi_q_relax = 
 (2.659526357724023E-002,1.723157203928076E-008)
 (2.659526357724023E-002,1.723157203928076E-008)
 (TO COMPARE with output) iq =            4 rvect=           0           0
           0 pi_q_unrelax= (7.088915154470857E-002,-2.553318734682209E-018)
 (7.088915154470857E-002,-2.553318734682209E-018) pi_q_relax = 
 (2.659526357724023E-002,1.723157203928076E-008)
 (2.659526357724023E-002,1.723157203928076E-008)

        iq =   4   iwann =   1   rPi_q =     0.02659526     0.00000002   uPi_q =     0.07088915     0.00000000   SH_q =     0.03544458     0.00000000

        Start LR calculation for the wannier #  2   iq =  4   spin =  1

        SYM : iwann=     2 iq =     4 weight =   0.12500000

      iter #   1 total cpu time :    12.5 secs   av.it.:  13.4
      thresh= 1.000E-06 alpha_mix =  0.700 |ddv_scf|^2 =  4.258E-06

      iter #   2 total cpu time :    12.5 secs   av.it.:  13.4
      thresh= 1.000E-06 alpha_mix =  0.700 |ddv_scf|^2 =  8.345E-06

      iter #   3 total cpu time :    12.6 secs   av.it.:  13.2
      thresh= 1.000E-06 alpha_mix =  0.700 |ddv_scf|^2 =  2.377E-08

      iter #   4 total cpu time :    12.6 secs   av.it.:  11.4
      thresh= 1.000E-06 alpha_mix =  0.700 |ddv_scf|^2 =  1.491E-10

      iter #   5 total cpu time :    12.6 secs   av.it.:  10.9
      thresh= 1.221E-07 alpha_mix =  0.700 |ddv_scf|^2 =  1.745E-11

      iter #   6 total cpu time :    12.7 secs   av.it.:  11.2
      thresh= 4.178E-08 alpha_mix =  0.700 |ddv_scf|^2 =  2.218E-13

      iter #   7 total cpu time :    12.7 secs   av.it.:  11.2
      thresh= 4.709E-09 alpha_mix =  0.700 |ddv_scf|^2 =  5.073E-15

      iter #   8 total cpu time :    12.8 secs   av.it.:  10.9
      thresh= 7.122E-10 alpha_mix =  0.700 |ddv_scf|^2 =  2.488E-17

      iter #   9 total cpu time :    12.8 secs   av.it.:  11.2
      thresh= 4.988E-11 alpha_mix =  0.700 |ddv_scf|^2 =  4.516E-19
 (TO COMPARE with output) iq =            4 rvect=           0           0
           0 pi_q_unrelax= (7.088074209199903E-002,3.981070880818192E-018)
 (7.088074209199903E-002,3.981070880818192E-018) pi_q_relax = 
 (2.659150878309766E-002,4.692884127475821E-009)
 (2.659150878309766E-002,4.692884127475821E-009)
 (TO COMPARE with output) iq =            4 rvect=           0           0
           0 pi_q_unrelax= (7.088074209199903E-002,3.981070880818192E-018)
 (7.088074209199903E-002,3.981070880818192E-018) pi_q_relax = 
 (2.659150878309766E-002,4.692884127475821E-009)
 (2.659150878309766E-002,4.692884127475821E-009)
 (TO COMPARE with output) iq =            4 rvect=           0           0
           0 pi_q_unrelax= (7.088074209199903E-002,3.981070880818192E-018)
 (7.088074209199903E-002,3.981070880818192E-018) pi_q_relax = 
 (2.659150878309766E-002,4.692884127475821E-009)
 (2.659150878309766E-002,4.692884127475821E-009)
 (TO COMPARE with output) iq =            4 rvect=           0           0
           0 pi_q_unrelax= (7.088074209199903E-002,3.981070880818192E-018)
 (7.088074209199903E-002,3.981070880818192E-018) pi_q_relax = 
 (2.659150878309766E-002,4.692884127475821E-009)
 (2.659150878309766E-002,4.692884127475821E-009)

        iq =   4   iwann =   2   rPi_q =     0.02659151     0.00000000   uPi_q =     0.07088074    -0.00000000   SH_q =     0.03544037    -0.00000000

        Start LR calculation for the wannier #  3   iq =  4   spin =  1

        SYM : iwann=     3 iq =     4 weight =   0.12500000

      iter #   1 total cpu time :    12.9 secs   av.it.:  13.4
      thresh= 1.000E-06 alpha_mix =  0.700 |ddv_scf|^2 =  4.259E-06

      iter #   2 total cpu time :    12.9 secs   av.it.:  13.4
      thresh= 1.000E-06 alpha_mix =  0.700 |ddv_scf|^2 =  8.346E-06

      iter #   3 total cpu time :    13.0 secs   av.it.:  13.2
      thresh= 1.000E-06 alpha_mix =  0.700 |ddv_scf|^2 =  2.377E-08

      iter #   4 total cpu time :    13.0 secs   av.it.:  11.4
      thresh= 1.000E-06 alpha_mix =  0.700 |ddv_scf|^2 =  1.491E-10

      iter #   5 total cpu time :    13.0 secs   av.it.:  11.0
      thresh= 1.221E-07 alpha_mix =  0.700 |ddv_scf|^2 =  1.745E-11

      iter #   6 total cpu time :    13.1 secs   av.it.:  11.1
      thresh= 4.178E-08 alpha_mix =  0.700 |ddv_scf|^2 =  2.218E-13

      iter #   7 total cpu time :    13.1 secs   av.it.:  11.2
      thresh= 4.710E-09 alpha_mix =  0.700 |ddv_scf|^2 =  5.073E-15

      iter #   8 total cpu time :    13.2 secs   av.it.:  10.9
      thresh= 7.123E-10 alpha_mix =  0.700 |ddv_scf|^2 =  2.505E-17

      iter #   9 total cpu time :    13.2 secs   av.it.:  11.2
      thresh= 5.005E-11 alpha_mix =  0.700 |ddv_scf|^2 =  7.590E-19
 (TO COMPARE with output) iq =            4 rvect=           0           0
           0 pi_q_unrelax= (7.088902573111787E-002,4.216167569656557E-019)
 (7.088902573111787E-002,4.216167569656557E-019) pi_q_relax = 
 (2.659522244810865E-002,1.538582909200678E-008)
 (2.659522244810865E-002,1.538582909200678E-008)
 (TO COMPARE with output) iq =            4 rvect=           0           0
           0 pi_q_unrelax= (7.088902573111787E-002,4.216167569656557E-019)
 (7.088902573111787E-002,4.216167569656557E-019) pi_q_relax = 
 (2.659522244810865E-002,1.538582909200678E-008)
 (2.659522244810865E-002,1.538582909200678E-008)
 (TO COMPARE with output) iq =            4 rvect=           0           0
           0 pi_q_unrelax= (7.088902573111787E-002,4.216167569656557E-019)
 (7.088902573111787E-002,4.216167569656557E-019) pi_q_relax = 
 (2.659522244810865E-002,1.538582909200678E-008)
 (2.659522244810865E-002,1.538582909200678E-008)
 (TO COMPARE with output) iq =            4 rvect=           0           0
           0 pi_q_unrelax= (7.088902573111787E-002,4.216167569656557E-019)
 (7.088902573111787E-002,4.216167569656557E-019) pi_q_relax = 
 (2.659522244810865E-002,1.538582909200678E-008)
 (2.659522244810865E-002,1.538582909200678E-008)

        iq =   4   iwann =   3   rPi_q =     0.02659522     0.00000002   uPi_q =     0.07088903    -0.00000000   SH_q =     0.03544451    -0.00000000

        Start LR calculation for the wannier #  4   iq =  4   spin =  1

        SYM : iwann=     4 iq =     4 weight =   0.12500000

      iter #   1 total cpu time :    13.3 secs   av.it.:  13.4
      thresh= 1.000E-06 alpha_mix =  0.700 |ddv_scf|^2 =  4.258E-06

      iter #   2 total cpu time :    13.3 secs   av.it.:  13.4
      thresh= 1.000E-06 alpha_mix =  0.700 |ddv_scf|^2 =  8.345E-06

      iter #   3 total cpu time :    13.4 secs   av.it.:  13.2
      thresh= 1.000E-06 alpha_mix =  0.700 |ddv_scf|^2 =  2.377E-08

      iter #   4 total cpu time :    13.4 secs   av.it.:  11.4
      thresh= 1.000E-06 alpha_mix =  0.700 |ddv_scf|^2 =  1.491E-10

      iter #   5 total cpu time :    13.4 secs   av.it.:  10.9
      thresh= 1.221E-07 alpha_mix =  0.700 |ddv_scf|^2 =  1.745E-11

      iter #   6 total cpu time :    13.5 secs   av.it.:  11.2
      thresh= 4.178E-08 alpha_mix =  0.700 |ddv_scf|^2 =  2.218E-13

      iter #   7 total cpu time :    13.5 secs   av.it.:  11.2
      thresh= 4.709E-09 alpha_mix =  0.700 |ddv_scf|^2 =  5.071E-15

      iter #   8 total cpu time :    13.6 secs   av.it.:  10.9
      thresh= 7.121E-10 alpha_mix =  0.700 |ddv_scf|^2 =  2.517E-17

      iter #   9 total cpu time :    13.6 secs   av.it.:  11.2
      thresh= 5.017E-11 alpha_mix =  0.700 |ddv_scf|^2 =  9.042E-19
 (TO COMPARE with output) iq =            4 rvect=           0           0
           0 pi_q_unrelax= (7.088073810891883E-002,3.893234636440129E-018)
 (7.088073810891883E-002,3.893234636440129E-018) pi_q_relax = 
 (2.659150865961082E-002,4.105127860188903E-009)
 (2.659150865961082E-002,4.105127860188903E-009)
 (TO COMPARE with output) iq =            4 rvect=           0           0
           0 pi_q_unrelax= (7.088073810891883E-002,3.893234636440129E-018)
 (7.088073810891883E-002,3.893234636440129E-018) pi_q_relax = 
 (2.659150865961082E-002,4.105127860188903E-009)
 (2.659150865961082E-002,4.105127860188903E-009)
 (TO COMPARE with output) iq =            4 rvect=           0           0
           0 pi_q_unrelax= (7.088073810891883E-002,3.893234636440129E-018)
 (7.088073810891883E-002,3.893234636440129E-018) pi_q_relax = 
 (2.659150865961082E-002,4.105127860188903E-009)
 (2.659150865961082E-002,4.105127860188903E-009)
 (TO COMPARE with output) iq =            4 rvect=           0           0
           0 pi_q_unrelax= (7.088073810891883E-002,3.893234636440129E-018)
 (7.088073810891883E-002,3.893234636440129E-018) pi_q_relax = 
 (2.659150865961082E-002,4.105127860188903E-009)
 (2.659150865961082E-002,4.105127860188903E-009)

        iq =   4   iwann =   4   rPi_q =     0.02659151     0.00000000   uPi_q =     0.07088074    -0.00000000   SH_q =     0.03544037     0.00000000

        Start LR calculation for the wannier #  5   iq =  4   spin =  1

        SYM : iwann=     5 iq =     4 weight =   0.12500000

      iter #   1 total cpu time :    13.7 secs   av.it.:  13.4
      thresh= 1.000E-06 alpha_mix =  0.700 |ddv_scf|^2 =  4.258E-06

      iter #   2 total cpu time :    13.7 secs   av.it.:  13.4
      thresh= 1.000E-06 alpha_mix =  0.700 |ddv_scf|^2 =  8.345E-06

      iter #   3 total cpu time :    13.8 secs   av.it.:  13.2
      thresh= 1.000E-06 alpha_mix =  0.700 |ddv_scf|^2 =  2.377E-08

      iter #   4 total cpu time :    13.8 secs   av.it.:  11.4
      thresh= 1.000E-06 alpha_mix =  0.700 |ddv_scf|^2 =  1.491E-10

      iter #   5 total cpu time :    13.8 secs   av.it.:  11.0
      thresh= 1.221E-07 alpha_mix =  0.700 |ddv_scf|^2 =  1.745E-11

      iter #   6 total cpu time :    13.9 secs   av.it.:  11.1
      thresh= 4.178E-08 alpha_mix =  0.700 |ddv_scf|^2 =  2.218E-13

      iter #   7 total cpu time :    13.9 secs   av.it.:  11.2
      thresh= 4.709E-09 alpha_mix =  0.700 |ddv_scf|^2 =  5.071E-15

      iter #   8 total cpu time :    14.0 secs   av.it.:  10.9
      thresh= 7.121E-10 alpha_mix =  0.700 |ddv_scf|^2 =  2.505E-17

      iter #   9 total cpu time :    14.0 secs   av.it.:  11.2
      thresh= 5.005E-11 alpha_mix =  0.700 |ddv_scf|^2 =  7.808E-19
 (TO COMPARE with output) iq =            4 rvect=           0           0
           0 pi_q_unrelax= (7.088054177227250E-002,2.381986550350032E-018)
 (7.088054177227250E-002,2.381986550350032E-018) pi_q_relax = 
 (2.659145911506942E-002,-1.545671293572145E-008)
 (2.659145911506942E-002,-1.545671293572145E-008)
 (TO COMPARE with output) iq =            4 rvect=           0           0
           0 pi_q_unrelax= (7.088054177227250E-002,2.381986550350032E-018)
 (7.088054177227250E-002,2.381986550350032E-018) pi_q_relax = 
 (2.659145911506942E-002,-1.545671293572145E-008)
 (2.659145911506942E-002,-1.545671293572145E-008)
 (TO COMPARE with output) iq =            4 rvect=           0           0
           0 pi_q_unrelax= (7.088054177227250E-002,2.381986550350032E-018)
 (7.088054177227250E-002,2.381986550350032E-018) pi_q_relax = 
 (2.659145911506942E-002,-1.545671293572145E-008)
 (2.659145911506942E-002,-1.545671293572145E-008)
 (TO COMPARE with output) iq =            4 rvect=           0           0
           0 pi_q_unrelax= (7.088054177227250E-002,2.381986550350032E-018)
 (7.088054177227250E-002,2.381986550350032E-018) pi_q_relax = 
 (2.659145911506942E-002,-1.545671293572145E-008)
 (2.659145911506942E-002,-1.545671293572145E-008)

        iq =   4   iwann =   5   rPi_q =     0.02659146    -0.00000002   uPi_q =     0.07088054    -0.00000000   SH_q =     0.03544027     0.00000000

        Start LR calculation for the wannier #  6   iq =  4   spin =  1

        SYM : iwann=     6 iq =     4 weight =   0.12500000

      iter #   1 total cpu time :    14.1 secs   av.it.:  13.4
      thresh= 1.000E-06 alpha_mix =  0.700 |ddv_scf|^2 =  4.259E-06

      iter #   2 total cpu time :    14.1 secs   av.it.:  13.4
      thresh= 1.000E-06 alpha_mix =  0.700 |ddv_scf|^2 =  8.346E-06

      iter #   3 total cpu time :    14.2 secs   av.it.:  13.2
      thresh= 1.000E-06 alpha_mix =  0.700 |ddv_scf|^2 =  2.377E-08

      iter #   4 total cpu time :    14.2 secs   av.it.:  11.4
      thresh= 1.000E-06 alpha_mix =  0.700 |ddv_scf|^2 =  1.491E-10

      iter #   5 total cpu time :    14.3 secs   av.it.:  10.9
      thresh= 1.221E-07 alpha_mix =  0.700 |ddv_scf|^2 =  1.745E-11

      iter #   6 total cpu time :    14.3 secs   av.it.:  11.2
      thresh= 4.178E-08 alpha_mix =  0.700 |ddv_scf|^2 =  2.219E-13

      iter #   7 total cpu time :    14.3 secs   av.it.:  11.2
      thresh= 4.710E-09 alpha_mix =  0.700 |ddv_scf|^2 =  5.074E-15

      iter #   8 total cpu time :    14.4 secs   av.it.:  10.9
      thresh= 7.123E-10 alpha_mix =  0.700 |ddv_scf|^2 =  2.508E-17

      iter #   9 total cpu time :    14.4 secs   av.it.:  11.2
      thresh= 5.008E-11 alpha_mix =  0.700 |ddv_scf|^2 =  7.576E-19
 (TO COMPARE with output) iq =            4 rvect=           0           0
           0 pi_q_unrelax= (7.088921049290628E-002,-6.645216584461519E-019)
 (7.088921049290628E-002,-6.645216584461519E-019) pi_q_relax = 
 (2.659526801927550E-002,-4.479005094284204E-009)
 (2.659526801927550E-002,-4.479005094284204E-009)
 (TO COMPARE with output) iq =            4 rvect=           0           0
           0 pi_q_unrelax= (7.088921049290628E-002,-6.645216584461519E-019)
 (7.088921049290628E-002,-6.645216584461519E-019) pi_q_relax = 
 (2.659526801927550E-002,-4.479005094284204E-009)
 (2.659526801927550E-002,-4.479005094284204E-009)
 (TO COMPARE with output) iq =            4 rvect=           0           0
           0 pi_q_unrelax= (7.088921049290628E-002,-6.645216584461519E-019)
 (7.088921049290628E-002,-6.645216584461519E-019) pi_q_relax = 
 (2.659526801927550E-002,-4.479005094284204E-009)
 (2.659526801927550E-002,-4.479005094284204E-009)
 (TO COMPARE with output) iq =            4 rvect=           0           0
           0 pi_q_unrelax= (7.088921049290628E-002,-6.645216584461519E-019)
 (7.088921049290628E-002,-6.645216584461519E-019) pi_q_relax = 
 (2.659526801927550E-002,-4.479005094284204E-009)
 (2.659526801927550E-002,-4.479005094284204E-009)

        iq =   4   iwann =   6   rPi_q =     0.02659527    -0.00000000   uPi_q =     0.07088921     0.00000000   SH_q =     0.03544461    -0.00000000

        Start LR calculation for the wannier #  7   iq =  4   spin =  1

        SYM : iwann=     7 iq =     4 weight =   0.12500000

      iter #   1 total cpu time :    14.5 secs   av.it.:  13.4
      thresh= 1.000E-06 alpha_mix =  0.700 |ddv_scf|^2 =  4.258E-06

      iter #   2 total cpu time :    14.5 secs   av.it.:  13.4
      thresh= 1.000E-06 alpha_mix =  0.700 |ddv_scf|^2 =  8.345E-06

      iter #   3 total cpu time :    14.6 secs   av.it.:  13.2
      thresh= 1.000E-06 alpha_mix =  0.700 |ddv_scf|^2 =  2.377E-08

      iter #   4 total cpu time :    14.6 secs   av.it.:  11.4
      thresh= 1.000E-06 alpha_mix =  0.700 |ddv_scf|^2 =  1.491E-10

      iter #   5 total cpu time :    14.7 secs   av.it.:  11.0
      thresh= 1.221E-07 alpha_mix =  0.700 |ddv_scf|^2 =  1.745E-11

      iter #   6 total cpu time :    14.7 secs   av.it.:  11.1
      thresh= 4.178E-08 alpha_mix =  0.700 |ddv_scf|^2 =  2.218E-13

      iter #   7 total cpu time :    14.7 secs   av.it.:  11.2
      thresh= 4.709E-09 alpha_mix =  0.700 |ddv_scf|^2 =  5.071E-15

      iter #   8 total cpu time :    14.8 secs   av.it.:  10.9
      thresh= 7.121E-10 alpha_mix =  0.700 |ddv_scf|^2 =  2.499E-17

      iter #   9 total cpu time :    14.8 secs   av.it.:  11.2
      thresh= 4.999E-11 alpha_mix =  0.700 |ddv_scf|^2 =  6.612E-19
 (TO COMPARE with output) iq =            4 rvect=           0           0
           0 pi_q_unrelax= (7.088067316773432E-002,-1.922066989963950E-018)
 (7.088067316773432E-002,-1.922066989963950E-018) pi_q_relax = 
 (2.659150221309761E-002,-1.361171956100384E-008)
 (2.659150221309761E-002,-1.361171956100384E-008)
 (TO COMPARE with output) iq =            4 rvect=           0           0
           0 pi_q_unrelax= (7.088067316773432E-002,-1.922066989963950E-018)
 (7.088067316773432E-002,-1.922066989963950E-018) pi_q_relax = 
 (2.659150221309761E-002,-1.361171956100384E-008)
 (2.659150221309761E-002,-1.361171956100384E-008)
 (TO COMPARE with output) iq =            4 rvect=           0           0
           0 pi_q_unrelax= (7.088067316773432E-002,-1.922066989963950E-018)
 (7.088067316773432E-002,-1.922066989963950E-018) pi_q_relax = 
 (2.659150221309761E-002,-1.361171956100384E-008)
 (2.659150221309761E-002,-1.361171956100384E-008)
 (TO COMPARE with output) iq =            4 rvect=           0           0
           0 pi_q_unrelax= (7.088067316773432E-002,-1.922066989963950E-018)
 (7.088067316773432E-002,-1.922066989963950E-018) pi_q_relax = 
 (2.659150221309761E-002,-1.361171956100384E-008)
 (2.659150221309761E-002,-1.361171956100384E-008)

        iq =   4   iwann =   7   rPi_q =     0.02659150    -0.00000001   uPi_q =     0.07088067     0.00000000   SH_q =     0.03544034     0.00000000

        Start LR calculation for the wannier #  8   iq =  4   spin =  1

        SYM : iwann=     8 iq =     4 weight =   0.12500000

      iter #   1 total cpu time :    14.9 secs   av.it.:  13.4
      thresh= 1.000E-06 alpha_mix =  0.700 |ddv_scf|^2 =  4.259E-06

      iter #   2 total cpu time :    14.9 secs   av.it.:  13.4
      thresh= 1.000E-06 alpha_mix =  0.700 |ddv_scf|^2 =  8.346E-06

      iter #   3 total cpu time :    15.0 secs   av.it.:  13.2
      thresh= 1.000E-06 alpha_mix =  0.700 |ddv_scf|^2 =  2.377E-08

      iter #   4 total cpu time :    15.0 secs   av.it.:  11.4
      thresh= 1.000E-06 alpha_mix =  0.700 |ddv_scf|^2 =  1.491E-10

      iter #   5 total cpu time :    15.1 secs   av.it.:  10.9
      thresh= 1.221E-07 alpha_mix =  0.700 |ddv_scf|^2 =  1.745E-11

      iter #   6 total cpu time :    15.1 secs   av.it.:  11.2
      thresh= 4.178E-08 alpha_mix =  0.700 |ddv_scf|^2 =  2.218E-13

      iter #   7 total cpu time :    15.1 secs   av.it.:  11.2
      thresh= 4.710E-09 alpha_mix =  0.700 |ddv_scf|^2 =  5.074E-15

      iter #   8 total cpu time :    15.2 secs   av.it.:  10.9
      thresh= 7.124E-10 alpha_mix =  0.700 |ddv_scf|^2 =  2.495E-17

      iter #   9 total cpu time :    15.2 secs   av.it.:  11.2
      thresh= 4.995E-11 alpha_mix =  0.700 |ddv_scf|^2 =  5.486E-19
 (TO COMPARE with output) iq =            4 rvect=           0           0
           0 pi_q_unrelax= (7.088921428075715E-002,1.428068423190950E-018)
 (7.088921428075715E-002,1.428068423190950E-018) pi_q_relax = 
 (2.659526790964602E-002,-3.892849224509224E-009)
 (2.659526790964602E-002,-3.892849224509224E-009)

        iq =   4   iwann =   8   rPi_q =     0.02659527    -0.00000000   uPi_q =     0.07088921     0.00000000   SH_q =     0.03544461     0.00000000
 (TO COMPARE with output) iq =            4 rvect=           0           0
           0 pi_q_unrelax= (7.088921428075715E-002,1.428068423190950E-018)
 (7.088921428075715E-002,1.428068423190950E-018) pi_q_relax = 
 (2.659526790964602E-002,-3.892849224509224E-009)
 (2.659526790964602E-002,-3.892849224509224E-009)
 (TO COMPARE with output) iq =            4 rvect=           0           0
           0 pi_q_unrelax= (7.088921428075715E-002,1.428068423190950E-018)
 (7.088921428075715E-002,1.428068423190950E-018) pi_q_relax = 
 (2.659526790964602E-002,-3.892849224509224E-009)
 (2.659526790964602E-002,-3.892849224509224E-009)
 (TO COMPARE with output) iq =            4 rvect=           0           0
           0 pi_q_unrelax= (7.088921428075715E-002,1.428068423190950E-018)
 (7.088921428075715E-002,1.428068423190950E-018) pi_q_relax = 
 (2.659526790964602E-002,-3.892849224509224E-009)
 (2.659526790964602E-002,-3.892849224509224E-009)


     ==============================================================================
     Calculation of q =   -0.5000000  -0.5000000   0.5000000  [Cart ]
     Calculation of q =    0.5000000   0.0000000   0.0000000  [Cryst]
     ==============================================================================

        INFO: prepare_q DONE

        INFO: rhowan_q(r) RETRIEVED

 
     Parallelization info
     --------------------
     sticks:   dense  smooth     PW     G-vecs:    dense   smooth      PW
     Min          73      73     27                  821      821     186
     Max          74      74     28                  823      823     189
     Sum         295     295    109                 3287     3287     749
 
     Using Slab Decomposition
 

     Title: 
     W2K Silicon                                                                


     bravais-lattice index     =            2
     lattice parameter (alat)  =      10.2631  a.u.
     unit-cell volume          =     270.2564 (a.u.)^3
     number of atoms/cell      =            2
     number of atomic types    =            1
     number of electrons       =         8.00 (up:   4.00, down:   4.00)
     number of Kohn-Sham states=            7
     kinetic-energy cutoff     =      20.0000  Ry
     charge density cutoff     =      80.0000  Ry
     Exchange-correlation= PW
                           (   1   4   0   0   0   0   0)

     celldm(1)=  10.263102  celldm(2)=   0.000000  celldm(3)=   0.000000
     celldm(4)=   0.000000  celldm(5)=   0.000000  celldm(6)=   0.000000

     crystal axes: (cart. coord. in units of alat)
               a(1) = (  -0.500000   0.000000   0.500000 )  
               a(2) = (   0.000000   0.500000   0.500000 )  
               a(3) = (  -0.500000   0.500000   0.000000 )  

     reciprocal axes: (cart. coord. in units 2 pi/alat)
               b(1) = ( -1.000000 -1.000000  1.000000 )  
               b(2) = (  1.000000  1.000000  1.000000 )  
               b(3) = ( -1.000000  1.000000 -1.000000 )  


     PseudoPot. # 1 for Si read from file:
     /home/colonna_n/CODES/q-e-kcw/pseudo/Si.upf
     MD5 check sum: 9e2d726316af3d4752eea8ab0afbb951
     Pseudo is Norm-conserving + core correction, Zval =  4.0
     Generated using ONCVPSP code by D. R. Hamann
     Using radial grid of 1510 points,  6 beta functions with: 
                l(1) =   0
                l(2) =   0
                l(3) =   1
                l(4) =   1
                l(5) =   2
                l(6) =   2

     atomic species   valence    mass     pseudopotential
     Si                4.00    28.08500     Si( 1.00)

     Starting magnetic structure 
     atomic species   magnetization
     Si              0.000

     48 Sym. Ops., with inversion, found



   Cartesian axes

     site n.     atom                  positions (alat units)
         1        Si     tau(   1) = (   0.0000000   0.0000000   0.0000000  )
         2        Si     tau(   2) = (  -0.2500000   0.2500000   0.2500000  )

     number of k points=    16
                       cart. coord. in units 2pi/alat
        k(    1) = (   0.0000000   0.0000000   0.0000000), wk =   0.1250000
        k(    2) = (  -0.5000000  -0.5000000   0.5000000), wk =   0.0000000
        k(    3) = (  -0.5000000   0.5000000  -0.5000000), wk =   0.1250000
        k(    4) = (  -1.0000000   0.0000000  -0.0000000), wk =   0.0000000
        k(    5) = (   0.5000000   0.5000000   0.5000000), wk =   0.1250000
        k(    6) = (   0.0000000   0.0000000   1.0000000), wk =   0.0000000
        k(    7) = (   0.0000000   1.0000000   0.0000000), wk =   0.1250000
        k(    8) = (  -0.5000000   0.5000000   0.5000000), wk =   0.0000000
        k(    9) = (  -0.5000000  -0.5000000   0.5000000), wk =   0.1250000
        k(   10) = (  -1.0000000  -1.0000000   1.0000000), wk =   0.0000000
        k(   11) = (  -1.0000000   0.0000000   0.0000000), wk =   0.1250000
        k(   12) = (  -1.5000000  -0.5000000   0.5000000), wk =   0.0000000
        k(   13) = (   0.0000000   0.0000000   1.0000000), wk =   0.1250000
        k(   14) = (  -0.5000000  -0.5000000   1.5000000), wk =   0.0000000
        k(   15) = (  -0.5000000   0.5000000   0.5000000), wk =   0.1250000
        k(   16) = (  -1.0000000   0.0000000   1.0000000), wk =   0.0000000

     Dense  grid:     3287 G-vectors     FFT dimensions: (  24,  24,  24)

     Estimated max dynamical RAM per process >       1.44 MB

     Estimated total dynamical RAM >       5.76 MB
     Cannot read rho : file not found

     Initial potential from superposition of free atoms
     Starting wfcs are    8 atomic wfcs

     Band Structure Calculation
     Davidson diagonalization with overlap

     ethr =  1.25E-10,  avg # of iterations = 11.0

     total cpu time spent up to now is       -1.0 secs

     End of band structure calculation

 ------ SPIN UP ------------


          k = 0.0000 0.0000 0.0000 (   411 PWs)   bands (ev):

    -6.3172   5.4873   5.4873   5.4873   8.2924   8.2924   8.2924

          k =-0.5000-0.5000 0.5000 (   410 PWs)   bands (ev):

    -4.0501  -1.3079   4.3414   4.3414   7.1397   9.1372   9.1372

          k =-0.5000 0.5000-0.5000 (   410 PWs)   bands (ev):

    -4.0501  -1.3079   4.3414   4.3414   7.1397   9.1372   9.1372

          k =-1.0000 0.0000-0.0000 (   412 PWs)   bands (ev):

    -2.2473  -2.2473   2.7720   2.7720   6.5280   6.5280  15.6288

          k = 0.5000 0.5000 0.5000 (   410 PWs)   bands (ev):

    -4.0501  -1.3079   4.3414   4.3414   7.1397   9.1372   9.1372

          k = 0.0000 0.0000 1.0000 (   412 PWs)   bands (ev):

    -2.2473  -2.2473   2.7720   2.7720   6.5280   6.5280  15.6288

          k = 0.0000 1.0000 0.0000 (   412 PWs)   bands (ev):

    -2.2473  -2.2473   2.7720   2.7720   6.5280   6.5280  15.6288

          k =-0.5000 0.5000 0.5000 (   410 PWs)   bands (ev):

    -4.0501  -1.3079   4.3414   4.3414   7.1397   9.1372   9.1372

          k =-0.5000-0.5000 0.5000 (   410 PWs)   bands (ev):

    -4.0501  -1.3079   4.3414   4.3414   7.1397   9.1372   9.1372

          k =-1.0000-1.0000 1.0000 (   411 PWs)   bands (ev):

    -6.3172   5.4873   5.4873   5.4873   8.2924   8.2924   8.2924

          k =-1.0000 0.0000 0.0000 (   412 PWs)   bands (ev):

    -2.2473  -2.2473   2.7720   2.7720   6.5280   6.5280  15.6288

          k =-1.5000-0.5000 0.5000 (   410 PWs)   bands (ev):

    -4.0501  -1.3079   4.3414   4.3414   7.1397   9.1372   9.1372

          k = 0.0000 0.0000 1.0000 (   412 PWs)   bands (ev):

    -2.2473  -2.2473   2.7720   2.7720   6.5280   6.5280  15.6288

          k =-0.5000-0.5000 1.5000 (   410 PWs)   bands (ev):

    -4.0501  -1.3079   4.3414   4.3414   7.1397   9.1372   9.1372

          k =-0.5000 0.5000 0.5000 (   410 PWs)   bands (ev):

    -4.0501  -1.3079   4.3414   4.3414   7.1397   9.1372   9.1372

          k =-1.0000 0.0000 1.0000 (   412 PWs)   bands (ev):

    -2.2473  -2.2473   2.7720   2.7720   6.5280   6.5280  15.6288

 ------ SPIN DOWN ----------


          k = 0.0000 0.0000 0.0000 (   411 PWs)   bands (ev):

    -6.3172   5.4873   5.4873   5.4873   8.2924   8.2924   8.2924

          k =-0.5000-0.5000 0.5000 (   410 PWs)   bands (ev):

    -4.0501  -1.3079   4.3414   4.3414   7.1397   9.1372   9.1372

          k =-0.5000 0.5000-0.5000 (   410 PWs)   bands (ev):

    -4.0501  -1.3079   4.3414   4.3414   7.1397   9.1372   9.1372

          k =-1.0000 0.0000-0.0000 (   412 PWs)   bands (ev):

    -2.2473  -2.2473   2.7720   2.7720   6.5280   6.5280  15.6288

          k = 0.5000 0.5000 0.5000 (   410 PWs)   bands (ev):

    -4.0501  -1.3079   4.3414   4.3414   7.1397   9.1372   9.1372

          k = 0.0000 0.0000 1.0000 (   412 PWs)   bands (ev):

    -2.2473  -2.2473   2.7720   2.7720   6.5280   6.5280  15.6288

          k = 0.0000 1.0000 0.0000 (   412 PWs)   bands (ev):

    -2.2473  -2.2473   2.7720   2.7720   6.5280   6.5280  15.6288

          k =-0.5000 0.5000 0.5000 (   410 PWs)   bands (ev):

    -4.0501  -1.3079   4.3414   4.3414   7.1397   9.1372   9.1372

          k =-0.5000-0.5000 0.5000 (   410 PWs)   bands (ev):

    -4.0501  -1.3079   4.3414   4.3414   7.1397   9.1372   9.1372

          k =-1.0000-1.0000 1.0000 (   411 PWs)   bands (ev):

    -6.3172   5.4873   5.4873   5.4873   8.2924   8.2924   8.2924

          k =-1.0000 0.0000 0.0000 (   412 PWs)   bands (ev):

    -2.2473  -2.2473   2.7720   2.7720   6.5280   6.5280  15.6288

          k =-1.5000-0.5000 0.5000 (   410 PWs)   bands (ev):

    -4.0501  -1.3079   4.3414   4.3414   7.1397   9.1372   9.1372

          k = 0.0000 0.0000 1.0000 (   412 PWs)   bands (ev):

    -2.2473  -2.2473   2.7720   2.7720   6.5280   6.5280  15.6288

          k =-0.5000-0.5000 1.5000 (   410 PWs)   bands (ev):

    -4.0501  -1.3079   4.3414   4.3414   7.1397   9.1372   9.1372

          k =-0.5000 0.5000 0.5000 (   410 PWs)   bands (ev):

    -4.0501  -1.3079   4.3414   4.3414   7.1397   9.1372   9.1372

          k =-1.0000 0.0000 1.0000 (   412 PWs)   bands (ev):

    -2.2473  -2.2473   2.7720   2.7720   6.5280   6.5280  15.6288

     highest occupied, lowest unoccupied level (ev):     5.4873    6.5280

     Writing all to output data dir /home/colonna_n/CODES/q-e-kcw/tempdir/kcw/q5/Si.save/ :
     XML data file, pseudopotentials, collected wavefunctions

        INFO: NSCF calculation DONE

        INFO: kcw_q initialization DONE


        Start LR calculation for the wannier #  1   iq =  5   spin =  1

        SYM : iwann=     1 iq =     5 weight =   0.12500000

      iter #   1 total cpu time :    15.5 secs   av.it.:  13.5
      thresh= 1.000E-06 alpha_mix =  0.700 |ddv_scf|^2 =  5.398E-06

      iter #   2 total cpu time :    15.5 secs   av.it.:  13.6
      thresh= 1.000E-06 alpha_mix =  0.700 |ddv_scf|^2 =  1.599E-05

      iter #   3 total cpu time :    15.5 secs   av.it.:  13.1
      thresh= 1.000E-06 alpha_mix =  0.700 |ddv_scf|^2 =  7.036E-07

      iter #   4 total cpu time :    15.6 secs   av.it.:  12.0
      thresh= 1.000E-06 alpha_mix =  0.700 |ddv_scf|^2 =  9.669E-10

      iter #   5 total cpu time :    15.6 secs   av.it.:  10.8
      thresh= 3.110E-07 alpha_mix =  0.700 |ddv_scf|^2 =  6.339E-11

      iter #   6 total cpu time :    15.7 secs   av.it.:  10.8
      thresh= 7.962E-08 alpha_mix =  0.700 |ddv_scf|^2 =  6.503E-13

      iter #   7 total cpu time :    15.7 secs   av.it.:  11.0
      thresh= 8.064E-09 alpha_mix =  0.700 |ddv_scf|^2 =  1.503E-14

      iter #   8 total cpu time :    15.7 secs   av.it.:  10.8
      thresh= 1.226E-09 alpha_mix =  0.700 |ddv_scf|^2 =  4.432E-17

      iter #   9 total cpu time :    15.8 secs   av.it.:  10.8
      thresh= 6.657E-11 alpha_mix =  0.700 |ddv_scf|^2 =  1.651E-17

      iter #  10 total cpu time :    15.8 secs   av.it.:  10.6
      thresh= 4.063E-11 alpha_mix =  0.700 |ddv_scf|^2 =  6.995E-18

      iter #  11 total cpu time :    15.9 secs   av.it.:  10.5
      thresh= 2.645E-11 alpha_mix =  0.700 |ddv_scf|^2 =  1.881E-18

      iter #  12 total cpu time :    15.9 secs   av.it.:  10.6
      thresh= 1.371E-11 alpha_mix =  0.700 |ddv_scf|^2 =  1.677E-20
 (TO COMPARE with output) iq =            5 rvect=           0           0
           0 pi_q_unrelax= (8.203681365124864E-002,-1.957637727794318E-019)
 (8.203681365124864E-002,-1.957637727794318E-019) pi_q_relax = 
 (3.493991633914546E-002,-2.602831172946656E-010)
 (3.493991633914546E-002,-2.602831172946656E-010)
 (TO COMPARE with output) iq =            5 rvect=           0           0
           0 pi_q_unrelax= (8.203681365124864E-002,-1.957637727794318E-019)
 (8.203681365124864E-002,-1.957637727794318E-019) pi_q_relax = 
 (3.493991633914546E-002,-2.602831172946656E-010)
 (3.493991633914546E-002,-2.602831172946656E-010)
 (TO COMPARE with output) iq =            5 rvect=           0           0
           0 pi_q_unrelax= (8.203681365124864E-002,-1.957637727794318E-019)
 (8.203681365124864E-002,-1.957637727794318E-019) pi_q_relax = 
 (3.493991633914546E-002,-2.602831172946656E-010)
 (3.493991633914546E-002,-2.602831172946656E-010)
 (TO COMPARE with output) iq =            5 rvect=           0           0
           0 pi_q_unrelax= (8.203681365124864E-002,-1.957637727794318E-019)
 (8.203681365124864E-002,-1.957637727794318E-019) pi_q_relax = 
 (3.493991633914546E-002,-2.602831172946656E-010)
 (3.493991633914546E-002,-2.602831172946656E-010)

        iq =   5   iwann =   1   rPi_q =     0.03493992    -0.00000000   uPi_q =     0.08203681     0.00000000   SH_q =     0.04101841     0.00000000

        Start LR calculation for the wannier #  2   iq =  5   spin =  1

        SYM : iwann=     2 iq =     5 weight =   0.12500000

      iter #   1 total cpu time :    16.0 secs   av.it.:  13.9
      thresh= 1.000E-06 alpha_mix =  0.700 |ddv_scf|^2 =  8.822E-06

      iter #   2 total cpu time :    16.0 secs   av.it.:  13.9
      thresh= 1.000E-06 alpha_mix =  0.700 |ddv_scf|^2 =  3.616E-05

      iter #   3 total cpu time :    16.1 secs   av.it.:  13.2
      thresh= 1.000E-06 alpha_mix =  0.700 |ddv_scf|^2 =  4.885E-07

      iter #   4 total cpu time :    16.1 secs   av.it.:  12.4
      thresh= 1.000E-06 alpha_mix =  0.700 |ddv_scf|^2 =  1.103E-09

      iter #   5 total cpu time :    16.1 secs   av.it.:  11.2
      thresh= 3.321E-07 alpha_mix =  0.700 |ddv_scf|^2 =  4.150E-11

      iter #   6 total cpu time :    16.2 secs   av.it.:  11.6
      thresh= 6.442E-08 alpha_mix =  0.700 |ddv_scf|^2 =  6.326E-13

      iter #   7 total cpu time :    16.2 secs   av.it.:  11.4
      thresh= 7.953E-09 alpha_mix =  0.700 |ddv_scf|^2 =  1.894E-14

      iter #   8 total cpu time :    16.3 secs   av.it.:  11.5
      thresh= 1.376E-09 alpha_mix =  0.700 |ddv_scf|^2 =  1.806E-15

      iter #   9 total cpu time :    16.3 secs   av.it.:  11.6
      thresh= 4.250E-10 alpha_mix =  0.700 |ddv_scf|^2 =  6.682E-16

      iter #  10 total cpu time :    16.3 secs   av.it.:  11.1
      thresh= 2.585E-10 alpha_mix =  0.700 |ddv_scf|^2 =  9.589E-16

      iter #  11 total cpu time :    16.4 secs   av.it.:  10.8
      thresh= 3.097E-10 alpha_mix =  0.700 |ddv_scf|^2 =  2.391E-18

      iter #  12 total cpu time :    16.4 secs   av.it.:  11.6
      thresh= 1.546E-11 alpha_mix =  0.700 |ddv_scf|^2 =  3.372E-19
 (TO COMPARE with output) iq =            5 rvect=           0           0
           0 pi_q_unrelax= (8.404745543245806E-002,-6.473553350217351E-019)
 (8.404745543245806E-002,-6.473553350217351E-019) pi_q_relax = 
 (3.164066492038489E-002,-1.205760371502885E-010)
 (3.164066492038489E-002,-1.205760371502885E-010)
 (TO COMPARE with output) iq =            5 rvect=           0           0
           0 pi_q_unrelax= (8.404745543245806E-002,-6.473553350217351E-019)
 (8.404745543245806E-002,-6.473553350217351E-019) pi_q_relax = 
 (3.164066492038489E-002,-1.205760371502885E-010)
 (3.164066492038489E-002,-1.205760371502885E-010)
 (TO COMPARE with output) iq =            5 rvect=           0           0
           0 pi_q_unrelax= (8.404745543245806E-002,-6.473553350217351E-019)
 (8.404745543245806E-002,-6.473553350217351E-019) pi_q_relax = 
 (3.164066492038489E-002,-1.205760371502885E-010)
 (3.164066492038489E-002,-1.205760371502885E-010)
 (TO COMPARE with output) iq =            5 rvect=           0           0
           0 pi_q_unrelax= (8.404745543245806E-002,-6.473553350217351E-019)
 (8.404745543245806E-002,-6.473553350217351E-019) pi_q_relax = 
 (3.164066492038489E-002,-1.205760371502885E-010)
 (3.164066492038489E-002,-1.205760371502885E-010)

        iq =   5   iwann =   2   rPi_q =     0.03164066    -0.00000000   uPi_q =     0.08404746     0.00000000   SH_q =     0.04202373     0.00000000

        Start LR calculation for the wannier #  3   iq =  5   spin =  1

        SYM : iwann=     3 iq =     5 weight =   0.12500000

      iter #   1 total cpu time :    16.5 secs   av.it.:  13.9
      thresh= 1.000E-06 alpha_mix =  0.700 |ddv_scf|^2 =  8.823E-06

      iter #   2 total cpu time :    16.5 secs   av.it.:  13.9
      thresh= 1.000E-06 alpha_mix =  0.700 |ddv_scf|^2 =  3.617E-05

      iter #   3 total cpu time :    16.6 secs   av.it.:  13.2
      thresh= 1.000E-06 alpha_mix =  0.700 |ddv_scf|^2 =  4.884E-07

      iter #   4 total cpu time :    16.6 secs   av.it.:  12.4
      thresh= 1.000E-06 alpha_mix =  0.700 |ddv_scf|^2 =  1.103E-09

      iter #   5 total cpu time :    16.7 secs   av.it.:  11.2
      thresh= 3.321E-07 alpha_mix =  0.700 |ddv_scf|^2 =  4.150E-11

      iter #   6 total cpu time :    16.7 secs   av.it.:  11.6
      thresh= 6.442E-08 alpha_mix =  0.700 |ddv_scf|^2 =  6.326E-13

      iter #   7 total cpu time :    16.8 secs   av.it.:  11.2
      thresh= 7.954E-09 alpha_mix =  0.700 |ddv_scf|^2 =  1.894E-14

      iter #   8 total cpu time :    16.8 secs   av.it.:  11.5
      thresh= 1.376E-09 alpha_mix =  0.700 |ddv_scf|^2 =  1.806E-15

      iter #   9 total cpu time :    16.8 secs   av.it.:  11.6
      thresh= 4.250E-10 alpha_mix =  0.700 |ddv_scf|^2 =  6.677E-16

      iter #  10 total cpu time :    16.9 secs   av.it.:  10.9
      thresh= 2.584E-10 alpha_mix =  0.700 |ddv_scf|^2 =  9.597E-16

      iter #  11 total cpu time :    16.9 secs   av.it.:  10.8
      thresh= 3.098E-10 alpha_mix =  0.700 |ddv_scf|^2 =  2.386E-18

      iter #  12 total cpu time :    17.0 secs   av.it.:  11.6
      thresh= 1.545E-11 alpha_mix =  0.700 |ddv_scf|^2 =  3.373E-19
 (TO COMPARE with output) iq =            5 rvect=           0           0
           0 pi_q_unrelax= (8.405479630375706E-002,7.622890845990286E-020)
 (8.405479630375706E-002,7.622890845990286E-020) pi_q_relax = 
 (3.164409341725009E-002,6.697693365210908E-011)
 (3.164409341725009E-002,6.697693365210908E-011)
 (TO COMPARE with output) iq =            5 rvect=           0           0
           0 pi_q_unrelax= (8.405479630375706E-002,7.622890845990286E-020)
 (8.405479630375706E-002,7.622890845990286E-020) pi_q_relax = 
 (3.164409341725009E-002,6.697693365210908E-011)
 (3.164409341725009E-002,6.697693365210908E-011)
 (TO COMPARE with output) iq =            5 rvect=           0           0
           0 pi_q_unrelax= (8.405479630375706E-002,7.622890845990286E-020)
 (8.405479630375706E-002,7.622890845990286E-020) pi_q_relax = 
 (3.164409341725009E-002,6.697693365210908E-011)
 (3.164409341725009E-002,6.697693365210908E-011)
 (TO COMPARE with output) iq =            5 rvect=           0           0
           0 pi_q_unrelax= (8.405479630375706E-002,7.622890845990286E-020)
 (8.405479630375706E-002,7.622890845990286E-020) pi_q_relax = 
 (3.164409341725009E-002,6.697693365210908E-011)
 (3.164409341725009E-002,6.697693365210908E-011)

        iq =   5   iwann =   3   rPi_q =     0.03164409     0.00000000   uPi_q =     0.08405480    -0.00000000   SH_q =     0.04202740    -0.00000000

        Start LR calculation for the wannier #  4   iq =  5   spin =  1

        SYM : iwann=     4 iq =     5 weight =   0.12500000

      iter #   1 total cpu time :    17.0 secs   av.it.:  13.9
      thresh= 1.000E-06 alpha_mix =  0.700 |ddv_scf|^2 =  8.822E-06

      iter #   2 total cpu time :    17.1 secs   av.it.:  13.9
      thresh= 1.000E-06 alpha_mix =  0.700 |ddv_scf|^2 =  3.616E-05

      iter #   3 total cpu time :    17.1 secs   av.it.:  13.2
      thresh= 1.000E-06 alpha_mix =  0.700 |ddv_scf|^2 =  4.885E-07

      iter #   4 total cpu time :    17.2 secs   av.it.:  12.4
      thresh= 1.000E-06 alpha_mix =  0.700 |ddv_scf|^2 =  1.103E-09

      iter #   5 total cpu time :    17.2 secs   av.it.:  11.5
      thresh= 3.321E-07 alpha_mix =  0.700 |ddv_scf|^2 =  4.150E-11

      iter #   6 total cpu time :    17.3 secs   av.it.:  11.8
      thresh= 6.442E-08 alpha_mix =  0.700 |ddv_scf|^2 =  6.326E-13

      iter #   7 total cpu time :    17.3 secs   av.it.:  11.6
      thresh= 7.953E-09 alpha_mix =  0.700 |ddv_scf|^2 =  1.894E-14

      iter #   8 total cpu time :    17.4 secs   av.it.:  11.6
      thresh= 1.376E-09 alpha_mix =  0.700 |ddv_scf|^2 =  1.806E-15

      iter #   9 total cpu time :    17.4 secs   av.it.:  11.9
      thresh= 4.250E-10 alpha_mix =  0.700 |ddv_scf|^2 =  6.680E-16

      iter #  10 total cpu time :    17.4 secs   av.it.:  11.0
      thresh= 2.585E-10 alpha_mix =  0.700 |ddv_scf|^2 =  9.595E-16

      iter #  11 total cpu time :    17.5 secs   av.it.:  10.8
      thresh= 3.098E-10 alpha_mix =  0.700 |ddv_scf|^2 =  2.388E-18

      iter #  12 total cpu time :    17.5 secs   av.it.:  11.6
      thresh= 1.545E-11 alpha_mix =  0.700 |ddv_scf|^2 =  3.372E-19
 (TO COMPARE with output) iq =            5 rvect=           0           0
           0 pi_q_unrelax= (8.404744214171948E-002,-1.308045784775163E-018)
 (8.404744214171948E-002,-1.308045784775163E-018) pi_q_relax = 
 (3.164067444559202E-002,-3.235601684904532E-010)
 (3.164067444559202E-002,-3.235601684904532E-010)
 (TO COMPARE with output) iq =            5 rvect=           0           0
           0 pi_q_unrelax= (8.404744214171948E-002,-1.308045784775163E-018)
 (8.404744214171948E-002,-1.308045784775163E-018) pi_q_relax = 
 (3.164067444559202E-002,-3.235601684904532E-010)
 (3.164067444559202E-002,-3.235601684904532E-010)
 (TO COMPARE with output) iq =            5 rvect=           0           0
           0 pi_q_unrelax= (8.404744214171948E-002,-1.308045784775163E-018)
 (8.404744214171948E-002,-1.308045784775163E-018) pi_q_relax = 
 (3.164067444559202E-002,-3.235601684904532E-010)
 (3.164067444559202E-002,-3.235601684904532E-010)
 (TO COMPARE with output) iq =            5 rvect=           0           0
           0 pi_q_unrelax= (8.404744214171948E-002,-1.308045784775163E-018)
 (8.404744214171948E-002,-1.308045784775163E-018) pi_q_relax = 
 (3.164067444559202E-002,-3.235601684904532E-010)
 (3.164067444559202E-002,-3.235601684904532E-010)

        iq =   5   iwann =   4   rPi_q =     0.03164067    -0.00000000   uPi_q =     0.08404744    -0.00000000   SH_q =     0.04202372     0.00000000

        Start LR calculation for the wannier #  5   iq =  5   spin =  1

        SYM : iwann=     5 iq =     5 weight =   0.12500000

      iter #   1 total cpu time :    17.6 secs   av.it.:  13.9
      thresh= 1.000E-06 alpha_mix =  0.700 |ddv_scf|^2 =  8.822E-06

      iter #   2 total cpu time :    17.7 secs   av.it.:  13.9
      thresh= 1.000E-06 alpha_mix =  0.700 |ddv_scf|^2 =  3.616E-05

      iter #   3 total cpu time :    17.7 secs   av.it.:  13.2
      thresh= 1.000E-06 alpha_mix =  0.700 |ddv_scf|^2 =  4.885E-07

      iter #   4 total cpu time :    17.7 secs   av.it.:  12.4
      thresh= 1.000E-06 alpha_mix =  0.700 |ddv_scf|^2 =  1.103E-09

      iter #   5 total cpu time :    17.8 secs   av.it.:  11.2
      thresh= 3.321E-07 alpha_mix =  0.700 |ddv_scf|^2 =  4.150E-11

      iter #   6 total cpu time :    17.8 secs   av.it.:  11.6
      thresh= 6.442E-08 alpha_mix =  0.700 |ddv_scf|^2 =  6.326E-13

      iter #   7 total cpu time :    17.9 secs   av.it.:  11.0
      thresh= 7.953E-09 alpha_mix =  0.700 |ddv_scf|^2 =  1.893E-14

      iter #   8 total cpu time :    17.9 secs   av.it.:  11.4
      thresh= 1.376E-09 alpha_mix =  0.700 |ddv_scf|^2 =  1.806E-15

      iter #   9 total cpu time :    17.9 secs   av.it.:  11.6
      thresh= 4.249E-10 alpha_mix =  0.700 |ddv_scf|^2 =  6.675E-16

      iter #  10 total cpu time :    18.0 secs   av.it.:  11.0
      thresh= 2.584E-10 alpha_mix =  0.700 |ddv_scf|^2 =  9.595E-16

      iter #  11 total cpu time :    18.0 secs   av.it.:  10.8
      thresh= 3.098E-10 alpha_mix =  0.700 |ddv_scf|^2 =  2.386E-18

      iter #  12 total cpu time :    18.1 secs   av.it.:  11.6
      thresh= 1.545E-11 alpha_mix =  0.700 |ddv_scf|^2 =  3.372E-19
 (TO COMPARE with output) iq =            5 rvect=           0           0
           0 pi_q_unrelax= (8.404726885699469E-002,-9.847021920748650E-019)
 (8.404726885699469E-002,-9.847021920748650E-019) pi_q_relax = 
 (3.164065560294363E-002,-1.212636503763327E-010)
 (3.164065560294363E-002,-1.212636503763327E-010)
 (TO COMPARE with output) iq =            5 rvect=           0           0
           0 pi_q_unrelax= (8.404726885699469E-002,-9.847021920748650E-019)
 (8.404726885699469E-002,-9.847021920748650E-019) pi_q_relax = 
 (3.164065560294363E-002,-1.212636503763327E-010)
 (3.164065560294363E-002,-1.212636503763327E-010)
 (TO COMPARE with output) iq =            5 rvect=           0           0
           0 pi_q_unrelax= (8.404726885699469E-002,-9.847021920748650E-019)
 (8.404726885699469E-002,-9.847021920748650E-019) pi_q_relax = 
 (3.164065560294363E-002,-1.212636503763327E-010)
 (3.164065560294363E-002,-1.212636503763327E-010)
 (TO COMPARE with output) iq =            5 rvect=           0           0
           0 pi_q_unrelax= (8.404726885699469E-002,-9.847021920748650E-019)
 (8.404726885699469E-002,-9.847021920748650E-019) pi_q_relax = 
 (3.164065560294363E-002,-1.212636503763327E-010)
 (3.164065560294363E-002,-1.212636503763327E-010)

        iq =   5   iwann =   5   rPi_q =     0.03164066    -0.00000000   uPi_q =     0.08404727    -0.00000000   SH_q =     0.04202363    -0.00000000

        Start LR calculation for the wannier #  6   iq =  5   spin =  1

        SYM : iwann=     6 iq =     5 weight =   0.12500000

      iter #   1 total cpu time :    18.1 secs   av.it.:  13.9
      thresh= 1.000E-06 alpha_mix =  0.700 |ddv_scf|^2 =  8.823E-06

      iter #   2 total cpu time :    18.2 secs   av.it.:  13.9
      thresh= 1.000E-06 alpha_mix =  0.700 |ddv_scf|^2 =  3.617E-05

      iter #   3 total cpu time :    18.2 secs   av.it.:  13.2
      thresh= 1.000E-06 alpha_mix =  0.700 |ddv_scf|^2 =  4.884E-07

      iter #   4 total cpu time :    18.3 secs   av.it.:  12.4
      thresh= 1.000E-06 alpha_mix =  0.700 |ddv_scf|^2 =  1.103E-09

      iter #   5 total cpu time :    18.4 secs   av.it.:  11.4
      thresh= 3.321E-07 alpha_mix =  0.700 |ddv_scf|^2 =  4.150E-11

      iter #   6 total cpu time :    18.4 secs   av.it.:  11.8
      thresh= 6.442E-08 alpha_mix =  0.700 |ddv_scf|^2 =  6.326E-13

      iter #   7 total cpu time :    18.5 secs   av.it.:  11.8
      thresh= 7.954E-09 alpha_mix =  0.700 |ddv_scf|^2 =  1.894E-14

      iter #   8 total cpu time :    18.5 secs   av.it.:  11.5
      thresh= 1.376E-09 alpha_mix =  0.700 |ddv_scf|^2 =  1.806E-15

      iter #   9 total cpu time :    18.6 secs   av.it.:  11.9
      thresh= 4.250E-10 alpha_mix =  0.700 |ddv_scf|^2 =  6.677E-16

      iter #  10 total cpu time :    18.6 secs   av.it.:  11.0
      thresh= 2.584E-10 alpha_mix =  0.700 |ddv_scf|^2 =  9.597E-16

      iter #  11 total cpu time :    18.7 secs   av.it.:  10.8
      thresh= 3.098E-10 alpha_mix =  0.700 |ddv_scf|^2 =  2.387E-18

      iter #  12 total cpu time :    18.7 secs   av.it.:  11.6
      thresh= 1.545E-11 alpha_mix =  0.700 |ddv_scf|^2 =  3.373E-19
 (TO COMPARE with output) iq =            5 rvect=           0           0
           0 pi_q_unrelax= (8.405495817735091E-002,4.769282348465171E-019)
 (8.405495817735091E-002,4.769282348465171E-019) pi_q_relax = 
 (3.164410600299838E-002,8.639033806712926E-011)
 (3.164410600299838E-002,8.639033806712926E-011)
 (TO COMPARE with output) iq =            5 rvect=           0           0
           0 pi_q_unrelax= (8.405495817735091E-002,4.769282348465171E-019)
 (8.405495817735091E-002,4.769282348465171E-019) pi_q_relax = 
 (3.164410600299838E-002,8.639033806712926E-011)
 (3.164410600299838E-002,8.639033806712926E-011)
 (TO COMPARE with output) iq =            5 rvect=           0           0
           0 pi_q_unrelax= (8.405495817735091E-002,4.769282348465171E-019)
 (8.405495817735091E-002,4.769282348465171E-019) pi_q_relax = 
 (3.164410600299838E-002,8.639033806712926E-011)
 (3.164410600299838E-002,8.639033806712926E-011)
 (TO COMPARE with output) iq =            5 rvect=           0           0
           0 pi_q_unrelax= (8.405495817735091E-002,4.769282348465171E-019)
 (8.405495817735091E-002,4.769282348465171E-019) pi_q_relax = 
 (3.164410600299838E-002,8.639033806712926E-011)
 (3.164410600299838E-002,8.639033806712926E-011)

        iq =   5   iwann =   6   rPi_q =     0.03164411     0.00000000   uPi_q =     0.08405496    -0.00000000   SH_q =     0.04202748     0.00000000

        Start LR calculation for the wannier #  7   iq =  5   spin =  1

        SYM : iwann=     7 iq =     5 weight =   0.12500000

      iter #   1 total cpu time :    18.8 secs   av.it.:  13.5
      thresh= 1.000E-06 alpha_mix =  0.700 |ddv_scf|^2 =  5.397E-06

      iter #   2 total cpu time :    18.8 secs   av.it.:  13.6
      thresh= 1.000E-06 alpha_mix =  0.700 |ddv_scf|^2 =  1.599E-05

      iter #   3 total cpu time :    18.9 secs   av.it.:  13.1
      thresh= 1.000E-06 alpha_mix =  0.700 |ddv_scf|^2 =  7.036E-07

      iter #   4 total cpu time :    18.9 secs   av.it.:  12.0
      thresh= 1.000E-06 alpha_mix =  0.700 |ddv_scf|^2 =  9.668E-10

      iter #   5 total cpu time :    18.9 secs   av.it.:  10.8
      thresh= 3.109E-07 alpha_mix =  0.700 |ddv_scf|^2 =  6.338E-11

      iter #   6 total cpu time :    19.0 secs   av.it.:  10.8
      thresh= 7.961E-08 alpha_mix =  0.700 |ddv_scf|^2 =  6.503E-13

      iter #   7 total cpu time :    19.0 secs   av.it.:  11.0
      thresh= 8.064E-09 alpha_mix =  0.700 |ddv_scf|^2 =  1.503E-14

      iter #   8 total cpu time :    19.1 secs   av.it.:  10.8
      thresh= 1.226E-09 alpha_mix =  0.700 |ddv_scf|^2 =  4.327E-17

      iter #   9 total cpu time :    19.1 secs   av.it.:  10.8
      thresh= 6.578E-11 alpha_mix =  0.700 |ddv_scf|^2 =  1.266E-17

      iter #  10 total cpu time :    19.1 secs   av.it.:  10.6
      thresh= 3.559E-11 alpha_mix =  0.700 |ddv_scf|^2 =  1.192E-18

      iter #  11 total cpu time :    19.2 secs   av.it.:  10.8
      thresh= 1.092E-11 alpha_mix =  0.700 |ddv_scf|^2 =  1.504E-18

      iter #  12 total cpu time :    19.2 secs   av.it.:  10.5
      thresh= 1.226E-11 alpha_mix =  0.700 |ddv_scf|^2 =  4.309E-21
 (TO COMPARE with output) iq =            5 rvect=           0           0
           0 pi_q_unrelax= (8.202608790496754E-002,7.136510685811824E-019)
 (8.202608790496754E-002,7.136510685811824E-019) pi_q_relax = 
 (3.493543491444238E-002,-3.724328060887498E-011)
 (3.493543491444238E-002,-3.724328060887498E-011)
 (TO COMPARE with output) iq =            5 rvect=           0           0
           0 pi_q_unrelax= (8.202608790496754E-002,7.136510685811824E-019)
 (8.202608790496754E-002,7.136510685811824E-019) pi_q_relax = 
 (3.493543491444238E-002,-3.724328060887498E-011)
 (3.493543491444238E-002,-3.724328060887498E-011)
 (TO COMPARE with output) iq =            5 rvect=           0           0
           0 pi_q_unrelax= (8.202608790496754E-002,7.136510685811824E-019)
 (8.202608790496754E-002,7.136510685811824E-019) pi_q_relax = 
 (3.493543491444238E-002,-3.724328060887498E-011)
 (3.493543491444238E-002,-3.724328060887498E-011)
 (TO COMPARE with output) iq =            5 rvect=           0           0
           0 pi_q_unrelax= (8.202608790496754E-002,7.136510685811824E-019)
 (8.202608790496754E-002,7.136510685811824E-019) pi_q_relax = 
 (3.493543491444238E-002,-3.724328060887498E-011)
 (3.493543491444238E-002,-3.724328060887498E-011)

        iq =   5   iwann =   7   rPi_q =     0.03493543    -0.00000000   uPi_q =     0.08202609    -0.00000000   SH_q =     0.04101304     0.00000000

        Start LR calculation for the wannier #  8   iq =  5   spin =  1

        SYM : iwann=     8 iq =     5 weight =   0.12500000

      iter #   1 total cpu time :    19.3 secs   av.it.:  13.9
      thresh= 1.000E-06 alpha_mix =  0.700 |ddv_scf|^2 =  8.823E-06

      iter #   2 total cpu time :    19.3 secs   av.it.:  13.9
      thresh= 1.000E-06 alpha_mix =  0.700 |ddv_scf|^2 =  3.617E-05

      iter #   3 total cpu time :    19.4 secs   av.it.:  13.2
      thresh= 1.000E-06 alpha_mix =  0.700 |ddv_scf|^2 =  4.884E-07

      iter #   4 total cpu time :    19.4 secs   av.it.:  12.4
      thresh= 1.000E-06 alpha_mix =  0.700 |ddv_scf|^2 =  1.103E-09

      iter #   5 total cpu time :    19.5 secs   av.it.:  11.4
      thresh= 3.321E-07 alpha_mix =  0.700 |ddv_scf|^2 =  4.150E-11

      iter #   6 total cpu time :    19.5 secs   av.it.:  11.5
      thresh= 6.442E-08 alpha_mix =  0.700 |ddv_scf|^2 =  6.326E-13

      iter #   7 total cpu time :    19.5 secs   av.it.:  11.2
      thresh= 7.954E-09 alpha_mix =  0.700 |ddv_scf|^2 =  1.894E-14

      iter #   8 total cpu time :    19.6 secs   av.it.:  11.5
      thresh= 1.376E-09 alpha_mix =  0.700 |ddv_scf|^2 =  1.806E-15

      iter #   9 total cpu time :    19.6 secs   av.it.:  11.6
      thresh= 4.250E-10 alpha_mix =  0.700 |ddv_scf|^2 =  6.683E-16

      iter #  10 total cpu time :    19.7 secs   av.it.:  11.0
      thresh= 2.585E-10 alpha_mix =  0.700 |ddv_scf|^2 =  9.592E-16

      iter #  11 total cpu time :    19.7 secs   av.it.:  10.8
      thresh= 3.097E-10 alpha_mix =  0.700 |ddv_scf|^2 =  2.391E-18

      iter #  12 total cpu time :    19.7 secs   av.it.:  11.5
      thresh= 1.546E-11 alpha_mix =  0.700 |ddv_scf|^2 =  3.373E-19
 (TO COMPARE with output) iq =            5 rvect=           0           0
           0 pi_q_unrelax= (8.405497548219006E-002,1.494184228826068E-018)
 (8.405497548219006E-002,1.494184228826068E-018) pi_q_relax = 
 (3.164410062471788E-002,-1.054775029706429E-010)
 (3.164410062471788E-002,-1.054775029706429E-010)
 (TO COMPARE with output) iq =            5 rvect=           0           0
           0 pi_q_unrelax= (8.405497548219006E-002,1.494184228826068E-018)
 (8.405497548219006E-002,1.494184228826068E-018) pi_q_relax = 
 (3.164410062471788E-002,-1.054775029706429E-010)
 (3.164410062471788E-002,-1.054775029706429E-010)
 (TO COMPARE with output) iq =            5 rvect=           0           0
           0 pi_q_unrelax= (8.405497548219006E-002,1.494184228826068E-018)
 (8.405497548219006E-002,1.494184228826068E-018) pi_q_relax = 
 (3.164410062471788E-002,-1.054775029706429E-010)
 (3.164410062471788E-002,-1.054775029706429E-010)
 (TO COMPARE with output) iq =            5 rvect=           0           0
           0 pi_q_unrelax= (8.405497548219006E-002,1.494184228826068E-018)
 (8.405497548219006E-002,1.494184228826068E-018) pi_q_relax = 
 (3.164410062471788E-002,-1.054775029706429E-010)
 (3.164410062471788E-002,-1.054775029706429E-010)

        iq =   5   iwann =   8   rPi_q =     0.03164410    -0.00000000   uPi_q =     0.08405498    -0.00000000   SH_q =     0.04202749    -0.00000000


     ==============================================================================
     Calculation of q =   -1.0000000   0.0000000   0.0000000  [Cart ]
     Calculation of q =    0.5000000   0.0000000   0.5000000  [Cryst]
     ==============================================================================

        INFO: prepare_q DONE

        INFO: rhowan_q(r) RETRIEVED

 
     Parallelization info
     --------------------
     sticks:   dense  smooth     PW     G-vecs:    dense   smooth      PW
     Min          73      73     30                  821      821     216
     Max          74      74     31                  823      823     218
     Sum         295     295    121                 3287     3287     869
 
     Using Slab Decomposition
 

     Title: 
     W2K Silicon                                                                


     bravais-lattice index     =            2
     lattice parameter (alat)  =      10.2631  a.u.
     unit-cell volume          =     270.2564 (a.u.)^3
     number of atoms/cell      =            2
     number of atomic types    =            1
     number of electrons       =         8.00 (up:   4.00, down:   4.00)
     number of Kohn-Sham states=            7
     kinetic-energy cutoff     =      20.0000  Ry
     charge density cutoff     =      80.0000  Ry
     Exchange-correlation= PW
                           (   1   4   0   0   0   0   0)

     celldm(1)=  10.263102  celldm(2)=   0.000000  celldm(3)=   0.000000
     celldm(4)=   0.000000  celldm(5)=   0.000000  celldm(6)=   0.000000

     crystal axes: (cart. coord. in units of alat)
               a(1) = (  -0.500000   0.000000   0.500000 )  
               a(2) = (   0.000000   0.500000   0.500000 )  
               a(3) = (  -0.500000   0.500000   0.000000 )  

     reciprocal axes: (cart. coord. in units 2 pi/alat)
               b(1) = ( -1.000000 -1.000000  1.000000 )  
               b(2) = (  1.000000  1.000000  1.000000 )  
               b(3) = ( -1.000000  1.000000 -1.000000 )  


     PseudoPot. # 1 for Si read from file:
     /home/colonna_n/CODES/q-e-kcw/pseudo/Si.upf
     MD5 check sum: 9e2d726316af3d4752eea8ab0afbb951
     Pseudo is Norm-conserving + core correction, Zval =  4.0
     Generated using ONCVPSP code by D. R. Hamann
     Using radial grid of 1510 points,  6 beta functions with: 
                l(1) =   0
                l(2) =   0
                l(3) =   1
                l(4) =   1
                l(5) =   2
                l(6) =   2

     atomic species   valence    mass     pseudopotential
     Si                4.00    28.08500     Si( 1.00)

     Starting magnetic structure 
     atomic species   magnetization
     Si              0.000

     48 Sym. Ops., with inversion, found



   Cartesian axes

     site n.     atom                  positions (alat units)
         1        Si     tau(   1) = (   0.0000000   0.0000000   0.0000000  )
         2        Si     tau(   2) = (  -0.2500000   0.2500000   0.2500000  )

     number of k points=    16
                       cart. coord. in units 2pi/alat
        k(    1) = (   0.0000000   0.0000000   0.0000000), wk =   0.1250000
        k(    2) = (  -1.0000000   0.0000000   0.0000000), wk =   0.0000000
        k(    3) = (  -0.5000000   0.5000000  -0.5000000), wk =   0.1250000
        k(    4) = (  -1.5000000   0.5000000  -0.5000000), wk =   0.0000000
        k(    5) = (   0.5000000   0.5000000   0.5000000), wk =   0.1250000
        k(    6) = (  -0.5000000   0.5000000   0.5000000), wk =   0.0000000
        k(    7) = (   0.0000000   1.0000000   0.0000000), wk =   0.1250000
        k(    8) = (  -1.0000000   1.0000000   0.0000000), wk =   0.0000000
        k(    9) = (  -0.5000000  -0.5000000   0.5000000), wk =   0.1250000
        k(   10) = (  -1.5000000  -0.5000000   0.5000000), wk =   0.0000000
        k(   11) = (  -1.0000000   0.0000000   0.0000000), wk =   0.1250000
        k(   12) = (  -2.0000000   0.0000000   0.0000000), wk =   0.0000000
        k(   13) = (   0.0000000   0.0000000   1.0000000), wk =   0.1250000
        k(   14) = (  -1.0000000   0.0000000   1.0000000), wk =   0.0000000
        k(   15) = (  -0.5000000   0.5000000   0.5000000), wk =   0.1250000
        k(   16) = (  -1.5000000   0.5000000   0.5000000), wk =   0.0000000

     Dense  grid:     3287 G-vectors     FFT dimensions: (  24,  24,  24)

     Estimated max dynamical RAM per process >       1.45 MB

     Estimated total dynamical RAM >       5.78 MB
     Cannot read rho : file not found

     Initial potential from superposition of free atoms
     Starting wfcs are    8 atomic wfcs

     Band Structure Calculation
     Davidson diagonalization with overlap

     ethr =  1.25E-10,  avg # of iterations = 11.0

     total cpu time spent up to now is       -1.0 secs

     End of band structure calculation

 ------ SPIN UP ------------


          k = 0.0000 0.0000 0.0000 (   411 PWs)   bands (ev):

    -6.3172   5.4873   5.4873   5.4873   8.2924   8.2924   8.2924

          k =-1.0000 0.0000 0.0000 (   412 PWs)   bands (ev):

    -2.2473  -2.2473   2.7720   2.7720   6.5280   6.5280  15.6288

          k =-0.5000 0.5000-0.5000 (   410 PWs)   bands (ev):

    -4.0501  -1.3079   4.3414   4.3414   7.1397   9.1372   9.1372

          k =-1.5000 0.5000-0.5000 (   410 PWs)   bands (ev):

    -4.0501  -1.3079   4.3414   4.3414   7.1397   9.1372   9.1372

          k = 0.5000 0.5000 0.5000 (   410 PWs)   bands (ev):

    -4.0501  -1.3079   4.3414   4.3414   7.1397   9.1372   9.1372

          k =-0.5000 0.5000 0.5000 (   410 PWs)   bands (ev):

    -4.0501  -1.3079   4.3414   4.3414   7.1397   9.1372   9.1372

          k = 0.0000 1.0000 0.0000 (   412 PWs)   bands (ev):

    -2.2473  -2.2473   2.7720   2.7720   6.5280   6.5280  15.6288

          k =-1.0000 1.0000 0.0000 (   412 PWs)   bands (ev):

    -2.2473  -2.2473   2.7720   2.7720   6.5280   6.5280  15.6288

          k =-0.5000-0.5000 0.5000 (   410 PWs)   bands (ev):

    -4.0501  -1.3079   4.3414   4.3414   7.1397   9.1372   9.1372

          k =-1.5000-0.5000 0.5000 (   410 PWs)   bands (ev):

    -4.0501  -1.3079   4.3414   4.3414   7.1397   9.1372   9.1372

          k =-1.0000 0.0000 0.0000 (   412 PWs)   bands (ev):

    -2.2473  -2.2473   2.7720   2.7720   6.5280   6.5280  15.6288

          k =-2.0000 0.0000 0.0000 (   411 PWs)   bands (ev):

    -6.3172   5.4873   5.4873   5.4873   8.2924   8.2924   8.2924

          k = 0.0000 0.0000 1.0000 (   412 PWs)   bands (ev):

    -2.2473  -2.2473   2.7720   2.7720   6.5280   6.5280  15.6288

          k =-1.0000 0.0000 1.0000 (   412 PWs)   bands (ev):

    -2.2473  -2.2473   2.7720   2.7720   6.5280   6.5280  15.6288

          k =-0.5000 0.5000 0.5000 (   410 PWs)   bands (ev):

    -4.0501  -1.3079   4.3414   4.3414   7.1397   9.1372   9.1372

          k =-1.5000 0.5000 0.5000 (   410 PWs)   bands (ev):

    -4.0501  -1.3079   4.3414   4.3414   7.1397   9.1372   9.1372

 ------ SPIN DOWN ----------


          k = 0.0000 0.0000 0.0000 (   411 PWs)   bands (ev):

    -6.3172   5.4873   5.4873   5.4873   8.2924   8.2924   8.2924

          k =-1.0000 0.0000 0.0000 (   412 PWs)   bands (ev):

    -2.2473  -2.2473   2.7720   2.7720   6.5280   6.5280  15.6288

          k =-0.5000 0.5000-0.5000 (   410 PWs)   bands (ev):

    -4.0501  -1.3079   4.3414   4.3414   7.1397   9.1372   9.1372

          k =-1.5000 0.5000-0.5000 (   410 PWs)   bands (ev):

    -4.0501  -1.3079   4.3414   4.3414   7.1397   9.1372   9.1372

          k = 0.5000 0.5000 0.5000 (   410 PWs)   bands (ev):

    -4.0501  -1.3079   4.3414   4.3414   7.1397   9.1372   9.1372

          k =-0.5000 0.5000 0.5000 (   410 PWs)   bands (ev):

    -4.0501  -1.3079   4.3414   4.3414   7.1397   9.1372   9.1372

          k = 0.0000 1.0000 0.0000 (   412 PWs)   bands (ev):

    -2.2473  -2.2473   2.7720   2.7720   6.5280   6.5280  15.6288

          k =-1.0000 1.0000 0.0000 (   412 PWs)   bands (ev):

    -2.2473  -2.2473   2.7720   2.7720   6.5280   6.5280  15.6288

          k =-0.5000-0.5000 0.5000 (   410 PWs)   bands (ev):

    -4.0501  -1.3079   4.3414   4.3414   7.1397   9.1372   9.1372

          k =-1.5000-0.5000 0.5000 (   410 PWs)   bands (ev):

    -4.0501  -1.3079   4.3414   4.3414   7.1397   9.1372   9.1372

          k =-1.0000 0.0000 0.0000 (   412 PWs)   bands (ev):

    -2.2473  -2.2473   2.7720   2.7720   6.5280   6.5280  15.6288

          k =-2.0000 0.0000 0.0000 (   411 PWs)   bands (ev):

    -6.3172   5.4873   5.4873   5.4873   8.2924   8.2924   8.2924

          k = 0.0000 0.0000 1.0000 (   412 PWs)   bands (ev):

    -2.2473  -2.2473   2.7720   2.7720   6.5280   6.5280  15.6288

          k =-1.0000 0.0000 1.0000 (   412 PWs)   bands (ev):

    -2.2473  -2.2473   2.7720   2.7720   6.5280   6.5280  15.6288

          k =-0.5000 0.5000 0.5000 (   410 PWs)   bands (ev):

    -4.0501  -1.3079   4.3414   4.3414   7.1397   9.1372   9.1372

          k =-1.5000 0.5000 0.5000 (   410 PWs)   bands (ev):

    -4.0501  -1.3079   4.3414   4.3414   7.1397   9.1372   9.1372

     highest occupied, lowest unoccupied level (ev):     5.4873    6.5280

     Writing all to output data dir /home/colonna_n/CODES/q-e-kcw/tempdir/kcw/q6/Si.save/ :
     XML data file, pseudopotentials, collected wavefunctions

        INFO: NSCF calculation DONE

        INFO: kcw_q initialization DONE


        Start LR calculation for the wannier #  1   iq =  6   spin =  1

        SYM : iwann=     1 iq =     6 weight =   0.12500000

      iter #   1 total cpu time :    20.0 secs   av.it.:  13.4
      thresh= 1.000E-06 alpha_mix =  0.700 |ddv_scf|^2 =  4.259E-06

      iter #   2 total cpu time :    20.0 secs   av.it.:  13.4
      thresh= 1.000E-06 alpha_mix =  0.700 |ddv_scf|^2 =  8.346E-06

      iter #   3 total cpu time :    20.1 secs   av.it.:  13.2
      thresh= 1.000E-06 alpha_mix =  0.700 |ddv_scf|^2 =  2.377E-08

      iter #   4 total cpu time :    20.1 secs   av.it.:  11.4
      thresh= 1.000E-06 alpha_mix =  0.700 |ddv_scf|^2 =  1.491E-10

      iter #   5 total cpu time :    20.1 secs   av.it.:  11.1
      thresh= 1.221E-07 alpha_mix =  0.700 |ddv_scf|^2 =  1.746E-11

      iter #   6 total cpu time :    20.2 secs   av.it.:  11.2
      thresh= 4.178E-08 alpha_mix =  0.700 |ddv_scf|^2 =  2.218E-13

      iter #   7 total cpu time :    20.2 secs   av.it.:  11.2
      thresh= 4.710E-09 alpha_mix =  0.700 |ddv_scf|^2 =  5.075E-15

      iter #   8 total cpu time :    20.3 secs   av.it.:  10.9
      thresh= 7.124E-10 alpha_mix =  0.700 |ddv_scf|^2 =  2.479E-17

      iter #   9 total cpu time :    20.3 secs   av.it.:  11.1
      thresh= 4.979E-11 alpha_mix =  0.700 |ddv_scf|^2 =  3.758E-19
 (TO COMPARE with output) iq =            6 rvect=           0           0
           0 pi_q_unrelax= (7.088917914307948E-002,1.600427255974532E-018)
 (7.088917914307948E-002,1.600427255974532E-018) pi_q_relax = 
 (2.659526248737491E-002,1.056072759295446E-008)
 (2.659526248737491E-002,1.056072759295446E-008)
 (TO COMPARE with output) iq =            6 rvect=           0           0
           0 pi_q_unrelax= (7.088917914307948E-002,1.600427255974532E-018)
 (7.088917914307948E-002,1.600427255974532E-018) pi_q_relax = 
 (2.659526248737491E-002,1.056072759295446E-008)
 (2.659526248737491E-002,1.056072759295446E-008)
 (TO COMPARE with output) iq =            6 rvect=           0           0
           0 pi_q_unrelax= (7.088917914307948E-002,1.600427255974532E-018)
 (7.088917914307948E-002,1.600427255974532E-018) pi_q_relax = 
 (2.659526248737491E-002,1.056072759295446E-008)
 (2.659526248737491E-002,1.056072759295446E-008)
 (TO COMPARE with output) iq =            6 rvect=           0           0
           0 pi_q_unrelax= (7.088917914307948E-002,1.600427255974532E-018)
 (7.088917914307948E-002,1.600427255974532E-018) pi_q_relax = 
 (2.659526248737491E-002,1.056072759295446E-008)
 (2.659526248737491E-002,1.056072759295446E-008)

        iq =   6   iwann =   1   rPi_q =     0.02659526     0.00000001   uPi_q =     0.07088918    -0.00000000   SH_q =     0.03544459     0.00000000

        Start LR calculation for the wannier #  2   iq =  6   spin =  1

        SYM : iwann=     2 iq =     6 weight =   0.12500000

      iter #   1 total cpu time :    20.4 secs   av.it.:  13.4
      thresh= 1.000E-06 alpha_mix =  0.700 |ddv_scf|^2 =  4.258E-06

      iter #   2 total cpu time :    20.4 secs   av.it.:  13.4
      thresh= 1.000E-06 alpha_mix =  0.700 |ddv_scf|^2 =  8.345E-06

      iter #   3 total cpu time :    20.5 secs   av.it.:  13.2
      thresh= 1.000E-06 alpha_mix =  0.700 |ddv_scf|^2 =  2.377E-08

      iter #   4 total cpu time :    20.5 secs   av.it.:  11.4
      thresh= 1.000E-06 alpha_mix =  0.700 |ddv_scf|^2 =  1.491E-10

      iter #   5 total cpu time :    20.5 secs   av.it.:  11.1
      thresh= 1.221E-07 alpha_mix =  0.700 |ddv_scf|^2 =  1.745E-11

      iter #   6 total cpu time :    20.6 secs   av.it.:  11.1
      thresh= 4.178E-08 alpha_mix =  0.700 |ddv_scf|^2 =  2.218E-13

      iter #   7 total cpu time :    20.6 secs   av.it.:  11.2
      thresh= 4.709E-09 alpha_mix =  0.700 |ddv_scf|^2 =  5.072E-15

      iter #   8 total cpu time :    20.7 secs   av.it.:  10.9
      thresh= 7.122E-10 alpha_mix =  0.700 |ddv_scf|^2 =  2.499E-17

      iter #   9 total cpu time :    20.7 secs   av.it.:  11.1
      thresh= 4.999E-11 alpha_mix =  0.700 |ddv_scf|^2 =  6.139E-19
 (TO COMPARE with output) iq =            6 rvect=           0           0
           0 pi_q_unrelax= (7.088077910702073E-002,-2.220019671462439E-018)
 (7.088077910702073E-002,-2.220019671462439E-018) pi_q_relax = 
 (2.659151999697948E-002,-2.819735036431516E-009)
 (2.659151999697948E-002,-2.819735036431516E-009)
 (TO COMPARE with output) iq =            6 rvect=           0           0
           0 pi_q_unrelax= (7.088077910702073E-002,-2.220019671462439E-018)
 (7.088077910702073E-002,-2.220019671462439E-018) pi_q_relax = 
 (2.659151999697948E-002,-2.819735036431516E-009)
 (2.659151999697948E-002,-2.819735036431516E-009)
 (TO COMPARE with output) iq =            6 rvect=           0           0
           0 pi_q_unrelax= (7.088077910702073E-002,-2.220019671462439E-018)
 (7.088077910702073E-002,-2.220019671462439E-018) pi_q_relax = 
 (2.659151999697948E-002,-2.819735036431516E-009)
 (2.659151999697948E-002,-2.819735036431516E-009)
 (TO COMPARE with output) iq =            6 rvect=           0           0
           0 pi_q_unrelax= (7.088077910702073E-002,-2.220019671462439E-018)
 (7.088077910702073E-002,-2.220019671462439E-018) pi_q_relax = 
 (2.659151999697948E-002,-2.819735036431516E-009)
 (2.659151999697948E-002,-2.819735036431516E-009)

        iq =   6   iwann =   2   rPi_q =     0.02659152    -0.00000000   uPi_q =     0.07088078     0.00000000   SH_q =     0.03544039    -0.00000000

        Start LR calculation for the wannier #  3   iq =  6   spin =  1

        SYM : iwann=     3 iq =     6 weight =   0.12500000

      iter #   1 total cpu time :    20.8 secs   av.it.:  13.4
      thresh= 1.000E-06 alpha_mix =  0.700 |ddv_scf|^2 =  4.259E-06

      iter #   2 total cpu time :    20.8 secs   av.it.:  13.4
      thresh= 1.000E-06 alpha_mix =  0.700 |ddv_scf|^2 =  8.346E-06

      iter #   3 total cpu time :    20.9 secs   av.it.:  13.2
      thresh= 1.000E-06 alpha_mix =  0.700 |ddv_scf|^2 =  2.377E-08

      iter #   4 total cpu time :    20.9 secs   av.it.:  11.4
      thresh= 1.000E-06 alpha_mix =  0.700 |ddv_scf|^2 =  1.491E-10

      iter #   5 total cpu time :    21.0 secs   av.it.:  11.0
      thresh= 1.221E-07 alpha_mix =  0.700 |ddv_scf|^2 =  1.745E-11

      iter #   6 total cpu time :    21.0 secs   av.it.:  11.1
      thresh= 4.178E-08 alpha_mix =  0.700 |ddv_scf|^2 =  2.219E-13

      iter #   7 total cpu time :    21.0 secs   av.it.:  11.2
      thresh= 4.710E-09 alpha_mix =  0.700 |ddv_scf|^2 =  5.074E-15

      iter #   8 total cpu time :    21.1 secs   av.it.:  10.9
      thresh= 7.123E-10 alpha_mix =  0.700 |ddv_scf|^2 =  2.498E-17

      iter #   9 total cpu time :    21.1 secs   av.it.:  11.1
      thresh= 4.998E-11 alpha_mix =  0.700 |ddv_scf|^2 =  5.831E-19
 (TO COMPARE with output) iq =            6 rvect=           0           0
           0 pi_q_unrelax= (7.088903923159094E-002,-9.045163128938071E-019)
 (7.088903923159094E-002,-9.045163128938071E-019) pi_q_relax = 
 (2.659522604291319E-002,1.110033656628796E-009)
 (2.659522604291319E-002,1.110033656628796E-009)
 (TO COMPARE with output) iq =            6 rvect=           0           0
           0 pi_q_unrelax= (7.088903923159094E-002,-9.045163128938071E-019)
 (7.088903923159094E-002,-9.045163128938071E-019) pi_q_relax = 
 (2.659522604291319E-002,1.110033656628796E-009)
 (2.659522604291319E-002,1.110033656628796E-009)
 (TO COMPARE with output) iq =            6 rvect=           0           0
           0 pi_q_unrelax= (7.088903923159094E-002,-9.045163128938071E-019)
 (7.088903923159094E-002,-9.045163128938071E-019) pi_q_relax = 
 (2.659522604291319E-002,1.110033656628796E-009)
 (2.659522604291319E-002,1.110033656628796E-009)
 (TO COMPARE with output) iq =            6 rvect=           0           0
           0 pi_q_unrelax= (7.088903923159094E-002,-9.045163128938071E-019)
 (7.088903923159094E-002,-9.045163128938071E-019) pi_q_relax = 
 (2.659522604291319E-002,1.110033656628796E-009)
 (2.659522604291319E-002,1.110033656628796E-009)

        iq =   6   iwann =   3   rPi_q =     0.02659523     0.00000000   uPi_q =     0.07088904    -0.00000000   SH_q =     0.03544452     0.00000000

        Start LR calculation for the wannier #  4   iq =  6   spin =  1

        SYM : iwann=     4 iq =     6 weight =   0.12500000

      iter #   1 total cpu time :    21.2 secs   av.it.:  13.4
      thresh= 1.000E-06 alpha_mix =  0.700 |ddv_scf|^2 =  4.258E-06

      iter #   2 total cpu time :    21.2 secs   av.it.:  13.4
      thresh= 1.000E-06 alpha_mix =  0.700 |ddv_scf|^2 =  8.345E-06

      iter #   3 total cpu time :    21.3 secs   av.it.:  13.2
      thresh= 1.000E-06 alpha_mix =  0.700 |ddv_scf|^2 =  2.377E-08

      iter #   4 total cpu time :    21.3 secs   av.it.:  11.4
      thresh= 1.000E-06 alpha_mix =  0.700 |ddv_scf|^2 =  1.491E-10

      iter #   5 total cpu time :    21.4 secs   av.it.:  10.9
      thresh= 1.221E-07 alpha_mix =  0.700 |ddv_scf|^2 =  1.745E-11

      iter #   6 total cpu time :    21.4 secs   av.it.:  11.2
      thresh= 4.178E-08 alpha_mix =  0.700 |ddv_scf|^2 =  2.218E-13

      iter #   7 total cpu time :    21.4 secs   av.it.:  11.2
      thresh= 4.709E-09 alpha_mix =  0.700 |ddv_scf|^2 =  5.071E-15

      iter #   8 total cpu time :    21.5 secs   av.it.:  10.9
      thresh= 7.121E-10 alpha_mix =  0.700 |ddv_scf|^2 =  2.480E-17

      iter #   9 total cpu time :    21.5 secs   av.it.:  11.1
      thresh= 4.980E-11 alpha_mix =  0.700 |ddv_scf|^2 =  3.695E-19
 (TO COMPARE with output) iq =            6 rvect=           0           0
           0 pi_q_unrelax= (7.088076834027769E-002,3.001345690264954E-018)
 (7.088076834027769E-002,3.001345690264954E-018) pi_q_relax = 
 (2.659151906190237E-002,-9.128565663220128E-009)
 (2.659151906190237E-002,-9.128565663220128E-009)
 (TO COMPARE with output) iq =            6 rvect=           0           0
           0 pi_q_unrelax= (7.088076834027769E-002,3.001345690264954E-018)
 (7.088076834027769E-002,3.001345690264954E-018) pi_q_relax = 
 (2.659151906190237E-002,-9.128565663220128E-009)
 (2.659151906190237E-002,-9.128565663220128E-009)
 (TO COMPARE with output) iq =            6 rvect=           0           0
           0 pi_q_unrelax= (7.088076834027769E-002,3.001345690264954E-018)
 (7.088076834027769E-002,3.001345690264954E-018) pi_q_relax = 
 (2.659151906190237E-002,-9.128565663220128E-009)
 (2.659151906190237E-002,-9.128565663220128E-009)
 (TO COMPARE with output) iq =            6 rvect=           0           0
           0 pi_q_unrelax= (7.088076834027769E-002,3.001345690264954E-018)
 (7.088076834027769E-002,3.001345690264954E-018) pi_q_relax = 
 (2.659151906190237E-002,-9.128565663220128E-009)
 (2.659151906190237E-002,-9.128565663220128E-009)

        iq =   6   iwann =   4   rPi_q =     0.02659152    -0.00000001   uPi_q =     0.07088077    -0.00000000   SH_q =     0.03544038    -0.00000000

        Start LR calculation for the wannier #  5   iq =  6   spin =  1

        SYM : iwann=     5 iq =     6 weight =   0.12500000

      iter #   1 total cpu time :    21.6 secs   av.it.:  13.4
      thresh= 1.000E-06 alpha_mix =  0.700 |ddv_scf|^2 =  4.258E-06

      iter #   2 total cpu time :    21.6 secs   av.it.:  13.4
      thresh= 1.000E-06 alpha_mix =  0.700 |ddv_scf|^2 =  8.345E-06

      iter #   3 total cpu time :    21.7 secs   av.it.:  13.2
      thresh= 1.000E-06 alpha_mix =  0.700 |ddv_scf|^2 =  2.377E-08

      iter #   4 total cpu time :    21.7 secs   av.it.:  11.4
      thresh= 1.000E-06 alpha_mix =  0.700 |ddv_scf|^2 =  1.491E-10

      iter #   5 total cpu time :    21.8 secs   av.it.:  11.0
      thresh= 1.221E-07 alpha_mix =  0.700 |ddv_scf|^2 =  1.745E-11

      iter #   6 total cpu time :    21.8 secs   av.it.:  11.1
      thresh= 4.178E-08 alpha_mix =  0.700 |ddv_scf|^2 =  2.218E-13

      iter #   7 total cpu time :    21.8 secs   av.it.:  11.2
      thresh= 4.709E-09 alpha_mix =  0.700 |ddv_scf|^2 =  5.072E-15

      iter #   8 total cpu time :    21.9 secs   av.it.:  10.9
      thresh= 7.122E-10 alpha_mix =  0.700 |ddv_scf|^2 =  2.502E-17

      iter #   9 total cpu time :    21.9 secs   av.it.:  11.1
      thresh= 5.002E-11 alpha_mix =  0.700 |ddv_scf|^2 =  6.488E-19
 (TO COMPARE with output) iq =            6 rvect=           0           0
           0 pi_q_unrelax= (7.088055614033678E-002,1.722835527856117E-018)
 (7.088055614033678E-002,1.722835527856117E-018) pi_q_relax = 
 (2.659146284677360E-002,-6.532762503727010E-010)
 (2.659146284677360E-002,-6.532762503727010E-010)
 (TO COMPARE with output) iq =            6 rvect=           0           0
           0 pi_q_unrelax= (7.088055614033678E-002,1.722835527856117E-018)
 (7.088055614033678E-002,1.722835527856117E-018) pi_q_relax = 
 (2.659146284677360E-002,-6.532762503727010E-010)
 (2.659146284677360E-002,-6.532762503727010E-010)
 (TO COMPARE with output) iq =            6 rvect=           0           0
           0 pi_q_unrelax= (7.088055614033678E-002,1.722835527856117E-018)
 (7.088055614033678E-002,1.722835527856117E-018) pi_q_relax = 
 (2.659146284677360E-002,-6.532762503727010E-010)
 (2.659146284677360E-002,-6.532762503727010E-010)
 (TO COMPARE with output) iq =            6 rvect=           0           0
           0 pi_q_unrelax= (7.088055614033678E-002,1.722835527856117E-018)
 (7.088055614033678E-002,1.722835527856117E-018) pi_q_relax = 
 (2.659146284677360E-002,-6.532762503727010E-010)
 (2.659146284677360E-002,-6.532762503727010E-010)

        iq =   6   iwann =   5   rPi_q =     0.02659146    -0.00000000   uPi_q =     0.07088056    -0.00000000   SH_q =     0.03544028    -0.00000000

        Start LR calculation for the wannier #  6   iq =  6   spin =  1

        SYM : iwann=     6 iq =     6 weight =   0.12500000

      iter #   1 total cpu time :    22.0 secs   av.it.:  13.4
      thresh= 1.000E-06 alpha_mix =  0.700 |ddv_scf|^2 =  4.259E-06

      iter #   2 total cpu time :    22.0 secs   av.it.:  13.4
      thresh= 1.000E-06 alpha_mix =  0.700 |ddv_scf|^2 =  8.346E-06

      iter #   3 total cpu time :    22.1 secs   av.it.:  13.2
      thresh= 1.000E-06 alpha_mix =  0.700 |ddv_scf|^2 =  2.377E-08

      iter #   4 total cpu time :    22.1 secs   av.it.:  11.4
      thresh= 1.000E-06 alpha_mix =  0.700 |ddv_scf|^2 =  1.491E-10

      iter #   5 total cpu time :    22.2 secs   av.it.:  10.9
      thresh= 1.221E-07 alpha_mix =  0.700 |ddv_scf|^2 =  1.745E-11

      iter #   6 total cpu time :    22.2 secs   av.it.:  11.2
      thresh= 4.178E-08 alpha_mix =  0.700 |ddv_scf|^2 =  2.218E-13

      iter #   7 total cpu time :    22.2 secs   av.it.:  11.2
      thresh= 4.710E-09 alpha_mix =  0.700 |ddv_scf|^2 =  5.074E-15

      iter #   8 total cpu time :    22.3 secs   av.it.:  10.9
      thresh= 7.123E-10 alpha_mix =  0.700 |ddv_scf|^2 =  2.484E-17

      iter #   9 total cpu time :    22.3 secs   av.it.:  11.1
      thresh= 4.984E-11 alpha_mix =  0.700 |ddv_scf|^2 =  3.871E-19
 (TO COMPARE with output) iq =            6 rvect=           0           0
           0 pi_q_unrelax= (7.088924253458578E-002,-5.748171086512177E-019)
 (7.088924253458578E-002,-5.748171086512177E-019) pi_q_relax = 
 (2.659527845426934E-002,7.576722105448863E-009)
 (2.659527845426934E-002,7.576722105448863E-009)
 (TO COMPARE with output) iq =            6 rvect=           0           0
           0 pi_q_unrelax= (7.088924253458578E-002,-5.748171086512177E-019)
 (7.088924253458578E-002,-5.748171086512177E-019) pi_q_relax = 
 (2.659527845426934E-002,7.576722105448863E-009)
 (2.659527845426934E-002,7.576722105448863E-009)
 (TO COMPARE with output) iq =            6 rvect=           0           0
           0 pi_q_unrelax= (7.088924253458578E-002,-5.748171086512177E-019)
 (7.088924253458578E-002,-5.748171086512177E-019) pi_q_relax = 
 (2.659527845426934E-002,7.576722105448863E-009)
 (2.659527845426934E-002,7.576722105448863E-009)
 (TO COMPARE with output) iq =            6 rvect=           0           0
           0 pi_q_unrelax= (7.088924253458578E-002,-5.748171086512177E-019)
 (7.088924253458578E-002,-5.748171086512177E-019) pi_q_relax = 
 (2.659527845426934E-002,7.576722105448863E-009)
 (2.659527845426934E-002,7.576722105448863E-009)

        iq =   6   iwann =   6   rPi_q =     0.02659528     0.00000001   uPi_q =     0.07088924     0.00000000   SH_q =     0.03544462     0.00000000

        Start LR calculation for the wannier #  7   iq =  6   spin =  1

        SYM : iwann=     7 iq =     6 weight =   0.12500000

      iter #   1 total cpu time :    22.4 secs   av.it.:  13.4
      thresh= 1.000E-06 alpha_mix =  0.700 |ddv_scf|^2 =  4.258E-06

      iter #   2 total cpu time :    22.4 secs   av.it.:  13.4
      thresh= 1.000E-06 alpha_mix =  0.700 |ddv_scf|^2 =  8.345E-06

      iter #   3 total cpu time :    22.5 secs   av.it.:  13.2
      thresh= 1.000E-06 alpha_mix =  0.700 |ddv_scf|^2 =  2.377E-08

      iter #   4 total cpu time :    22.5 secs   av.it.:  11.4
      thresh= 1.000E-06 alpha_mix =  0.700 |ddv_scf|^2 =  1.491E-10

      iter #   5 total cpu time :    22.6 secs   av.it.:  11.1
      thresh= 1.221E-07 alpha_mix =  0.700 |ddv_scf|^2 =  1.745E-11

      iter #   6 total cpu time :    22.6 secs   av.it.:  11.2
      thresh= 4.178E-08 alpha_mix =  0.700 |ddv_scf|^2 =  2.218E-13

      iter #   7 total cpu time :    22.6 secs   av.it.:  11.2
      thresh= 4.709E-09 alpha_mix =  0.700 |ddv_scf|^2 =  5.072E-15

      iter #   8 total cpu time :    22.7 secs   av.it.:  10.9
      thresh= 7.122E-10 alpha_mix =  0.700 |ddv_scf|^2 =  2.474E-17

      iter #   9 total cpu time :    22.7 secs   av.it.:  11.1
      thresh= 4.974E-11 alpha_mix =  0.700 |ddv_scf|^2 =  2.851E-19
 (TO COMPARE with output) iq =            6 rvect=           0           0
           0 pi_q_unrelax= (7.088070398709433E-002,-9.665929036821757E-019)
 (7.088070398709433E-002,-9.665929036821757E-019) pi_q_relax = 
 (2.659150197271546E-002,-6.143579195022371E-009)
 (2.659150197271546E-002,-6.143579195022371E-009)
 (TO COMPARE with output) iq =            6 rvect=           0           0
           0 pi_q_unrelax= (7.088070398709433E-002,-9.665929036821757E-019)
 (7.088070398709433E-002,-9.665929036821757E-019) pi_q_relax = 
 (2.659150197271546E-002,-6.143579195022371E-009)
 (2.659150197271546E-002,-6.143579195022371E-009)
 (TO COMPARE with output) iq =            6 rvect=           0           0
           0 pi_q_unrelax= (7.088070398709433E-002,-9.665929036821757E-019)
 (7.088070398709433E-002,-9.665929036821757E-019) pi_q_relax = 
 (2.659150197271546E-002,-6.143579195022371E-009)
 (2.659150197271546E-002,-6.143579195022371E-009)
 (TO COMPARE with output) iq =            6 rvect=           0           0
           0 pi_q_unrelax= (7.088070398709433E-002,-9.665929036821757E-019)
 (7.088070398709433E-002,-9.665929036821757E-019) pi_q_relax = 
 (2.659150197271546E-002,-6.143579195022371E-009)
 (2.659150197271546E-002,-6.143579195022371E-009)

        iq =   6   iwann =   7   rPi_q =     0.02659150    -0.00000001   uPi_q =     0.07088070     0.00000000   SH_q =     0.03544035     0.00000000

        Start LR calculation for the wannier #  8   iq =  6   spin =  1

        SYM : iwann=     8 iq =     6 weight =   0.12500000

      iter #   1 total cpu time :    22.8 secs   av.it.:  13.4
      thresh= 1.000E-06 alpha_mix =  0.700 |ddv_scf|^2 =  4.259E-06

      iter #   2 total cpu time :    22.8 secs   av.it.:  13.4
      thresh= 1.000E-06 alpha_mix =  0.700 |ddv_scf|^2 =  8.346E-06

      iter #   3 total cpu time :    22.9 secs   av.it.:  13.2
      thresh= 1.000E-06 alpha_mix =  0.700 |ddv_scf|^2 =  2.377E-08

      iter #   4 total cpu time :    22.9 secs   av.it.:  11.4
      thresh= 1.000E-06 alpha_mix =  0.700 |ddv_scf|^2 =  1.491E-10

      iter #   5 total cpu time :    23.0 secs   av.it.:  11.1
      thresh= 1.221E-07 alpha_mix =  0.700 |ddv_scf|^2 =  1.745E-11

      iter #   6 total cpu time :    23.0 secs   av.it.:  11.1
      thresh= 4.178E-08 alpha_mix =  0.700 |ddv_scf|^2 =  2.219E-13

      iter #   7 total cpu time :    23.0 secs   av.it.:  11.2
      thresh= 4.710E-09 alpha_mix =  0.700 |ddv_scf|^2 =  5.074E-15

      iter #   8 total cpu time :    23.1 secs   av.it.:  10.9
      thresh= 7.123E-10 alpha_mix =  0.700 |ddv_scf|^2 =  2.494E-17

      iter #   9 total cpu time :    23.1 secs   av.it.:  11.1
      thresh= 4.994E-11 alpha_mix =  0.700 |ddv_scf|^2 =  5.374E-19
 (TO COMPARE with output) iq =            6 rvect=           0           0
           0 pi_q_unrelax= (7.088925382262777E-002,5.483316617510261E-019)
 (7.088925382262777E-002,5.483316617510261E-019) pi_q_relax = 
 (2.659527997829680E-002,-1.056771223617027E-009)
 (2.659527997829680E-002,-1.056771223617027E-009)

        iq =   6   iwann =   8   rPi_q =     0.02659528    -0.00000000   uPi_q =     0.07088925     0.00000000   SH_q =     0.03544463     0.00000000
 (TO COMPARE with output) iq =            6 rvect=           0           0
           0 pi_q_unrelax= (7.088925382262777E-002,5.483316617510261E-019)
 (7.088925382262777E-002,5.483316617510261E-019) pi_q_relax = 
 (2.659527997829680E-002,-1.056771223617027E-009)
 (2.659527997829680E-002,-1.056771223617027E-009)
 (TO COMPARE with output) iq =            6 rvect=           0           0
           0 pi_q_unrelax= (7.088925382262777E-002,5.483316617510261E-019)
 (7.088925382262777E-002,5.483316617510261E-019) pi_q_relax = 
 (2.659527997829680E-002,-1.056771223617027E-009)
 (2.659527997829680E-002,-1.056771223617027E-009)
 (TO COMPARE with output) iq =            6 rvect=           0           0
           0 pi_q_unrelax= (7.088925382262777E-002,5.483316617510261E-019)
 (7.088925382262777E-002,5.483316617510261E-019) pi_q_relax = 
 (2.659527997829680E-002,-1.056771223617027E-009)
 (2.659527997829680E-002,-1.056771223617027E-009)


     ==============================================================================
     Calculation of q =    0.0000000   0.0000000   1.0000000  [Cart ]
     Calculation of q =    0.5000000   0.5000000   0.0000000  [Cryst]
     ==============================================================================

        INFO: prepare_q DONE

        INFO: rhowan_q(r) RETRIEVED

 
     Parallelization info
     --------------------
     sticks:   dense  smooth     PW     G-vecs:    dense   smooth      PW
     Min          73      73     30                  821      821     216
     Max          74      74     31                  823      823     218
     Sum         295     295    121                 3287     3287     869
 
     Using Slab Decomposition
 

     Title: 
     W2K Silicon                                                                


     bravais-lattice index     =            2
     lattice parameter (alat)  =      10.2631  a.u.
     unit-cell volume          =     270.2564 (a.u.)^3
     number of atoms/cell      =            2
     number of atomic types    =            1
     number of electrons       =         8.00 (up:   4.00, down:   4.00)
     number of Kohn-Sham states=            7
     kinetic-energy cutoff     =      20.0000  Ry
     charge density cutoff     =      80.0000  Ry
     Exchange-correlation= PW
                           (   1   4   0   0   0   0   0)

     celldm(1)=  10.263102  celldm(2)=   0.000000  celldm(3)=   0.000000
     celldm(4)=   0.000000  celldm(5)=   0.000000  celldm(6)=   0.000000

     crystal axes: (cart. coord. in units of alat)
               a(1) = (  -0.500000   0.000000   0.500000 )  
               a(2) = (   0.000000   0.500000   0.500000 )  
               a(3) = (  -0.500000   0.500000   0.000000 )  

     reciprocal axes: (cart. coord. in units 2 pi/alat)
               b(1) = ( -1.000000 -1.000000  1.000000 )  
               b(2) = (  1.000000  1.000000  1.000000 )  
               b(3) = ( -1.000000  1.000000 -1.000000 )  


     PseudoPot. # 1 for Si read from file:
     /home/colonna_n/CODES/q-e-kcw/pseudo/Si.upf
     MD5 check sum: 9e2d726316af3d4752eea8ab0afbb951
     Pseudo is Norm-conserving + core correction, Zval =  4.0
     Generated using ONCVPSP code by D. R. Hamann
     Using radial grid of 1510 points,  6 beta functions with: 
                l(1) =   0
                l(2) =   0
                l(3) =   1
                l(4) =   1
                l(5) =   2
                l(6) =   2

     atomic species   valence    mass     pseudopotential
     Si                4.00    28.08500     Si( 1.00)

     Starting magnetic structure 
     atomic species   magnetization
     Si              0.000

     48 Sym. Ops., with inversion, found



   Cartesian axes

     site n.     atom                  positions (alat units)
         1        Si     tau(   1) = (   0.0000000   0.0000000   0.0000000  )
         2        Si     tau(   2) = (  -0.2500000   0.2500000   0.2500000  )

     number of k points=    16
                       cart. coord. in units 2pi/alat
        k(    1) = (   0.0000000   0.0000000   0.0000000), wk =   0.1250000
        k(    2) = (   0.0000000   0.0000000   1.0000000), wk =   0.0000000
        k(    3) = (  -0.5000000   0.5000000  -0.5000000), wk =   0.1250000
        k(    4) = (  -0.5000000   0.5000000   0.5000000), wk =   0.0000000
        k(    5) = (   0.5000000   0.5000000   0.5000000), wk =   0.1250000
        k(    6) = (   0.5000000   0.5000000   1.5000000), wk =   0.0000000
        k(    7) = (   0.0000000   1.0000000   0.0000000), wk =   0.1250000
        k(    8) = (   0.0000000   1.0000000   1.0000000), wk =   0.0000000
        k(    9) = (  -0.5000000  -0.5000000   0.5000000), wk =   0.1250000
        k(   10) = (  -0.5000000  -0.5000000   1.5000000), wk =   0.0000000
        k(   11) = (  -1.0000000   0.0000000   0.0000000), wk =   0.1250000
        k(   12) = (  -1.0000000   0.0000000   1.0000000), wk =   0.0000000
        k(   13) = (   0.0000000   0.0000000   1.0000000), wk =   0.1250000
        k(   14) = (   0.0000000   0.0000000   2.0000000), wk =   0.0000000
        k(   15) = (  -0.5000000   0.5000000   0.5000000), wk =   0.1250000
        k(   16) = (  -0.5000000   0.5000000   1.5000000), wk =   0.0000000

     Dense  grid:     3287 G-vectors     FFT dimensions: (  24,  24,  24)

     Estimated max dynamical RAM per process >       1.45 MB

     Estimated total dynamical RAM >       5.78 MB
     Cannot read rho : file not found

     Initial potential from superposition of free atoms
     Starting wfcs are    8 atomic wfcs

     Band Structure Calculation
     Davidson diagonalization with overlap

     ethr =  1.25E-10,  avg # of iterations = 11.0

     total cpu time spent up to now is       -1.0 secs

     End of band structure calculation

 ------ SPIN UP ------------


          k = 0.0000 0.0000 0.0000 (   411 PWs)   bands (ev):

    -6.3172   5.4873   5.4873   5.4873   8.2924   8.2924   8.2924

          k = 0.0000 0.0000 1.0000 (   412 PWs)   bands (ev):

    -2.2473  -2.2473   2.7720   2.7720   6.5280   6.5280  15.6288

          k =-0.5000 0.5000-0.5000 (   410 PWs)   bands (ev):

    -4.0501  -1.3079   4.3414   4.3414   7.1397   9.1372   9.1372

          k =-0.5000 0.5000 0.5000 (   410 PWs)   bands (ev):

    -4.0501  -1.3079   4.3414   4.3414   7.1397   9.1372   9.1372

          k = 0.5000 0.5000 0.5000 (   410 PWs)   bands (ev):

    -4.0501  -1.3079   4.3414   4.3414   7.1397   9.1372   9.1372

          k = 0.5000 0.5000 1.5000 (   410 PWs)   bands (ev):

    -4.0501  -1.3079   4.3414   4.3414   7.1397   9.1372   9.1372

          k = 0.0000 1.0000 0.0000 (   412 PWs)   bands (ev):

    -2.2473  -2.2473   2.7720   2.7720   6.5280   6.5280  15.6288

          k = 0.0000 1.0000 1.0000 (   412 PWs)   bands (ev):

    -2.2473  -2.2473   2.7720   2.7720   6.5280   6.5280  15.6288

          k =-0.5000-0.5000 0.5000 (   410 PWs)   bands (ev):

    -4.0501  -1.3079   4.3414   4.3414   7.1397   9.1372   9.1372

          k =-0.5000-0.5000 1.5000 (   410 PWs)   bands (ev):

    -4.0501  -1.3079   4.3414   4.3414   7.1397   9.1372   9.1372

          k =-1.0000 0.0000 0.0000 (   412 PWs)   bands (ev):

    -2.2473  -2.2473   2.7720   2.7720   6.5280   6.5280  15.6288

          k =-1.0000 0.0000 1.0000 (   412 PWs)   bands (ev):

    -2.2473  -2.2473   2.7720   2.7720   6.5280   6.5280  15.6288

          k = 0.0000 0.0000 1.0000 (   412 PWs)   bands (ev):

    -2.2473  -2.2473   2.7720   2.7720   6.5280   6.5280  15.6288

          k = 0.0000 0.0000 2.0000 (   411 PWs)   bands (ev):

    -6.3172   5.4873   5.4873   5.4873   8.2924   8.2924   8.2924

          k =-0.5000 0.5000 0.5000 (   410 PWs)   bands (ev):

    -4.0501  -1.3079   4.3414   4.3414   7.1397   9.1372   9.1372

          k =-0.5000 0.5000 1.5000 (   410 PWs)   bands (ev):

    -4.0501  -1.3079   4.3414   4.3414   7.1397   9.1372   9.1372

 ------ SPIN DOWN ----------


          k = 0.0000 0.0000 0.0000 (   411 PWs)   bands (ev):

    -6.3172   5.4873   5.4873   5.4873   8.2924   8.2924   8.2924

          k = 0.0000 0.0000 1.0000 (   412 PWs)   bands (ev):

    -2.2473  -2.2473   2.7720   2.7720   6.5280   6.5280  15.6288

          k =-0.5000 0.5000-0.5000 (   410 PWs)   bands (ev):

    -4.0501  -1.3079   4.3414   4.3414   7.1397   9.1372   9.1372

          k =-0.5000 0.5000 0.5000 (   410 PWs)   bands (ev):

    -4.0501  -1.3079   4.3414   4.3414   7.1397   9.1372   9.1372

          k = 0.5000 0.5000 0.5000 (   410 PWs)   bands (ev):

    -4.0501  -1.3079   4.3414   4.3414   7.1397   9.1372   9.1372

          k = 0.5000 0.5000 1.5000 (   410 PWs)   bands (ev):

    -4.0501  -1.3079   4.3414   4.3414   7.1397   9.1372   9.1372

          k = 0.0000 1.0000 0.0000 (   412 PWs)   bands (ev):

    -2.2473  -2.2473   2.7720   2.7720   6.5280   6.5280  15.6288

          k = 0.0000 1.0000 1.0000 (   412 PWs)   bands (ev):

    -2.2473  -2.2473   2.7720   2.7720   6.5280   6.5280  15.6288

          k =-0.5000-0.5000 0.5000 (   410 PWs)   bands (ev):

    -4.0501  -1.3079   4.3414   4.3414   7.1397   9.1372   9.1372

          k =-0.5000-0.5000 1.5000 (   410 PWs)   bands (ev):

    -4.0501  -1.3079   4.3414   4.3414   7.1397   9.1372   9.1372

          k =-1.0000 0.0000 0.0000 (   412 PWs)   bands (ev):

    -2.2473  -2.2473   2.7720   2.7720   6.5280   6.5280  15.6288

          k =-1.0000 0.0000 1.0000 (   412 PWs)   bands (ev):

    -2.2473  -2.2473   2.7720   2.7720   6.5280   6.5280  15.6288

          k = 0.0000 0.0000 1.0000 (   412 PWs)   bands (ev):

    -2.2473  -2.2473   2.7720   2.7720   6.5280   6.5280  15.6288

          k = 0.0000 0.0000 2.0000 (   411 PWs)   bands (ev):

    -6.3172   5.4873   5.4873   5.4873   8.2924   8.2924   8.2924

          k =-0.5000 0.5000 0.5000 (   410 PWs)   bands (ev):

    -4.0501  -1.3079   4.3414   4.3414   7.1397   9.1372   9.1372

          k =-0.5000 0.5000 1.5000 (   410 PWs)   bands (ev):

    -4.0501  -1.3079   4.3414   4.3414   7.1397   9.1372   9.1372

     highest occupied, lowest unoccupied level (ev):     5.4873    6.5280

     Writing all to output data dir /home/colonna_n/CODES/q-e-kcw/tempdir/kcw/q7/Si.save/ :
     XML data file, pseudopotentials, collected wavefunctions

        INFO: NSCF calculation DONE

        INFO: kcw_q initialization DONE


        Start LR calculation for the wannier #  1   iq =  7   spin =  1

        SYM : iwann=     1 iq =     7 weight =   0.12500000

      iter #   1 total cpu time :    23.4 secs   av.it.:  13.4
      thresh= 1.000E-06 alpha_mix =  0.700 |ddv_scf|^2 =  4.259E-06

      iter #   2 total cpu time :    23.4 secs   av.it.:  13.4
      thresh= 1.000E-06 alpha_mix =  0.700 |ddv_scf|^2 =  8.346E-06

      iter #   3 total cpu time :    23.5 secs   av.it.:  13.2
      thresh= 1.000E-06 alpha_mix =  0.700 |ddv_scf|^2 =  2.377E-08

      iter #   4 total cpu time :    23.5 secs   av.it.:  11.4
      thresh= 1.000E-06 alpha_mix =  0.700 |ddv_scf|^2 =  1.491E-10

      iter #   5 total cpu time :    23.5 secs   av.it.:  11.0
      thresh= 1.221E-07 alpha_mix =  0.700 |ddv_scf|^2 =  1.745E-11

      iter #   6 total cpu time :    23.6 secs   av.it.:  11.1
      thresh= 4.178E-08 alpha_mix =  0.700 |ddv_scf|^2 =  2.218E-13

      iter #   7 total cpu time :    23.6 secs   av.it.:  11.2
      thresh= 4.710E-09 alpha_mix =  0.700 |ddv_scf|^2 =  5.072E-15

      iter #   8 total cpu time :    23.7 secs   av.it.:  10.9
      thresh= 7.122E-10 alpha_mix =  0.700 |ddv_scf|^2 =  2.523E-17

      iter #   9 total cpu time :    23.7 secs   av.it.:  11.1
      thresh= 5.023E-11 alpha_mix =  0.700 |ddv_scf|^2 =  9.911E-19
 (TO COMPARE with output) iq =            7 rvect=           0           0
           0 pi_q_unrelax= (7.088910271489220E-002,-6.272606216302050E-019)
 (7.088910271489220E-002,-6.272606216302050E-019) pi_q_relax = 
 (2.659523662145358E-002,9.724429519314172E-009)
 (2.659523662145358E-002,9.724429519314172E-009)
 (TO COMPARE with output) iq =            7 rvect=           0           0
           0 pi_q_unrelax= (7.088910271489220E-002,-6.272606216302050E-019)
 (7.088910271489220E-002,-6.272606216302050E-019) pi_q_relax = 
 (2.659523662145358E-002,9.724429519314172E-009)
 (2.659523662145358E-002,9.724429519314172E-009)
 (TO COMPARE with output) iq =            7 rvect=           0           0
           0 pi_q_unrelax= (7.088910271489220E-002,-6.272606216302050E-019)
 (7.088910271489220E-002,-6.272606216302050E-019) pi_q_relax = 
 (2.659523662145358E-002,9.724429519314172E-009)
 (2.659523662145358E-002,9.724429519314172E-009)
 (TO COMPARE with output) iq =            7 rvect=           0           0
           0 pi_q_unrelax= (7.088910271489220E-002,-6.272606216302050E-019)
 (7.088910271489220E-002,-6.272606216302050E-019) pi_q_relax = 
 (2.659523662145358E-002,9.724429519314172E-009)
 (2.659523662145358E-002,9.724429519314172E-009)

        iq =   7   iwann =   1   rPi_q =     0.02659524     0.00000001   uPi_q =     0.07088910     0.00000000   SH_q =     0.03544455    -0.00000000

        Start LR calculation for the wannier #  2   iq =  7   spin =  1

        SYM : iwann=     2 iq =     7 weight =   0.12500000

      iter #   1 total cpu time :    23.8 secs   av.it.:  13.4
      thresh= 1.000E-06 alpha_mix =  0.700 |ddv_scf|^2 =  4.258E-06

      iter #   2 total cpu time :    23.8 secs   av.it.:  13.4
      thresh= 1.000E-06 alpha_mix =  0.700 |ddv_scf|^2 =  8.345E-06

      iter #   3 total cpu time :    23.9 secs   av.it.:  13.2
      thresh= 1.000E-06 alpha_mix =  0.700 |ddv_scf|^2 =  2.377E-08

      iter #   4 total cpu time :    23.9 secs   av.it.:  11.4
      thresh= 1.000E-06 alpha_mix =  0.700 |ddv_scf|^2 =  1.491E-10

      iter #   5 total cpu time :    23.9 secs   av.it.:  11.0
      thresh= 1.221E-07 alpha_mix =  0.700 |ddv_scf|^2 =  1.745E-11

      iter #   6 total cpu time :    24.0 secs   av.it.:  11.1
      thresh= 4.177E-08 alpha_mix =  0.700 |ddv_scf|^2 =  2.218E-13

      iter #   7 total cpu time :    24.0 secs   av.it.:  11.2
      thresh= 4.709E-09 alpha_mix =  0.700 |ddv_scf|^2 =  5.070E-15

      iter #   8 total cpu time :    24.1 secs   av.it.:  10.9
      thresh= 7.121E-10 alpha_mix =  0.700 |ddv_scf|^2 =  2.496E-17

      iter #   9 total cpu time :    24.1 secs   av.it.:  11.1
      thresh= 4.995E-11 alpha_mix =  0.700 |ddv_scf|^2 =  5.690E-19
 (TO COMPARE with output) iq =            7 rvect=           0           0
           0 pi_q_unrelax= (7.088074144090786E-002,2.078047449008472E-018)
 (7.088074144090786E-002,2.078047449008472E-018) pi_q_relax = 
 (2.659150352769642E-002,-9.853758371599429E-009)
 (2.659150352769642E-002,-9.853758371599429E-009)
 (TO COMPARE with output) iq =            7 rvect=           0           0
           0 pi_q_unrelax= (7.088074144090786E-002,2.078047449008472E-018)
 (7.088074144090786E-002,2.078047449008472E-018) pi_q_relax = 
 (2.659150352769642E-002,-9.853758371599429E-009)
 (2.659150352769642E-002,-9.853758371599429E-009)
 (TO COMPARE with output) iq =            7 rvect=           0           0
           0 pi_q_unrelax= (7.088074144090786E-002,2.078047449008472E-018)
 (7.088074144090786E-002,2.078047449008472E-018) pi_q_relax = 
 (2.659150352769642E-002,-9.853758371599429E-009)
 (2.659150352769642E-002,-9.853758371599429E-009)
 (TO COMPARE with output) iq =            7 rvect=           0           0
           0 pi_q_unrelax= (7.088074144090786E-002,2.078047449008472E-018)
 (7.088074144090786E-002,2.078047449008472E-018) pi_q_relax = 
 (2.659150352769642E-002,-9.853758371599429E-009)
 (2.659150352769642E-002,-9.853758371599429E-009)

        iq =   7   iwann =   2   rPi_q =     0.02659150    -0.00000001   uPi_q =     0.07088074    -0.00000000   SH_q =     0.03544037     0.00000000

        Start LR calculation for the wannier #  3   iq =  7   spin =  1

        SYM : iwann=     3 iq =     7 weight =   0.12500000

      iter #   1 total cpu time :    24.2 secs   av.it.:  13.4
      thresh= 1.000E-06 alpha_mix =  0.700 |ddv_scf|^2 =  4.259E-06

      iter #   2 total cpu time :    24.2 secs   av.it.:  13.4
      thresh= 1.000E-06 alpha_mix =  0.700 |ddv_scf|^2 =  8.346E-06

      iter #   3 total cpu time :    24.3 secs   av.it.:  13.2
      thresh= 1.000E-06 alpha_mix =  0.700 |ddv_scf|^2 =  2.377E-08

      iter #   4 total cpu time :    24.3 secs   av.it.:  11.4
      thresh= 1.000E-06 alpha_mix =  0.700 |ddv_scf|^2 =  1.491E-10

      iter #   5 total cpu time :    24.3 secs   av.it.:  11.0
      thresh= 1.221E-07 alpha_mix =  0.700 |ddv_scf|^2 =  1.745E-11

      iter #   6 total cpu time :    24.4 secs   av.it.:  11.2
      thresh= 4.178E-08 alpha_mix =  0.700 |ddv_scf|^2 =  2.219E-13

      iter #   7 total cpu time :    24.4 secs   av.it.:  11.2
      thresh= 4.710E-09 alpha_mix =  0.700 |ddv_scf|^2 =  5.075E-15

      iter #   8 total cpu time :    24.5 secs   av.it.:  10.9
      thresh= 7.124E-10 alpha_mix =  0.700 |ddv_scf|^2 =  2.494E-17

      iter #   9 total cpu time :    24.5 secs   av.it.:  11.1
      thresh= 4.994E-11 alpha_mix =  0.700 |ddv_scf|^2 =  5.384E-19
 (TO COMPARE with output) iq =            7 rvect=           0           0
           0 pi_q_unrelax= (7.088903286447795E-002,4.066698626532374E-019)
 (7.088903286447795E-002,4.066698626532374E-019) pi_q_relax = 
 (2.659522127135357E-002,1.680656679713429E-009)
 (2.659522127135357E-002,1.680656679713429E-009)
 (TO COMPARE with output) iq =            7 rvect=           0           0
           0 pi_q_unrelax= (7.088903286447795E-002,4.066698626532374E-019)
 (7.088903286447795E-002,4.066698626532374E-019) pi_q_relax = 
 (2.659522127135357E-002,1.680656679713429E-009)
 (2.659522127135357E-002,1.680656679713429E-009)
 (TO COMPARE with output) iq =            7 rvect=           0           0
           0 pi_q_unrelax= (7.088903286447795E-002,4.066698626532374E-019)
 (7.088903286447795E-002,4.066698626532374E-019) pi_q_relax = 
 (2.659522127135357E-002,1.680656679713429E-009)
 (2.659522127135357E-002,1.680656679713429E-009)
 (TO COMPARE with output) iq =            7 rvect=           0           0
           0 pi_q_unrelax= (7.088903286447795E-002,4.066698626532374E-019)
 (7.088903286447795E-002,4.066698626532374E-019) pi_q_relax = 
 (2.659522127135357E-002,1.680656679713429E-009)
 (2.659522127135357E-002,1.680656679713429E-009)

        iq =   7   iwann =   3   rPi_q =     0.02659522     0.00000000   uPi_q =     0.07088903     0.00000000   SH_q =     0.03544452    -0.00000000

        Start LR calculation for the wannier #  4   iq =  7   spin =  1

        SYM : iwann=     4 iq =     7 weight =   0.12500000

      iter #   1 total cpu time :    24.6 secs   av.it.:  13.4
      thresh= 1.000E-06 alpha_mix =  0.700 |ddv_scf|^2 =  4.258E-06

      iter #   2 total cpu time :    24.6 secs   av.it.:  13.4
      thresh= 1.000E-06 alpha_mix =  0.700 |ddv_scf|^2 =  8.345E-06

      iter #   3 total cpu time :    24.7 secs   av.it.:  13.2
      thresh= 1.000E-06 alpha_mix =  0.700 |ddv_scf|^2 =  2.377E-08

      iter #   4 total cpu time :    24.7 secs   av.it.:  11.4
      thresh= 1.000E-06 alpha_mix =  0.700 |ddv_scf|^2 =  1.491E-10

      iter #   5 total cpu time :    24.8 secs   av.it.:  11.0
      thresh= 1.221E-07 alpha_mix =  0.700 |ddv_scf|^2 =  1.745E-11

      iter #   6 total cpu time :    24.8 secs   av.it.:  11.2
      thresh= 4.178E-08 alpha_mix =  0.700 |ddv_scf|^2 =  2.218E-13

      iter #   7 total cpu time :    24.9 secs   av.it.:  11.2
      thresh= 4.709E-09 alpha_mix =  0.700 |ddv_scf|^2 =  5.072E-15

      iter #   8 total cpu time :    24.9 secs   av.it.:  10.9
      thresh= 7.122E-10 alpha_mix =  0.700 |ddv_scf|^2 =  2.492E-17

      iter #   9 total cpu time :    24.9 secs   av.it.:  11.1
      thresh= 4.992E-11 alpha_mix =  0.700 |ddv_scf|^2 =  5.143E-19
 (TO COMPARE with output) iq =            7 rvect=           0           0
           0 pi_q_unrelax= (7.088075038147992E-002,-4.212938653782563E-020)
 (7.088075038147992E-002,-4.212938653782563E-020) pi_q_relax = 
 (2.659151371723860E-002,-2.608355328151144E-010)
 (2.659151371723860E-002,-2.608355328151144E-010)
 (TO COMPARE with output) iq =            7 rvect=           0           0
           0 pi_q_unrelax= (7.088075038147992E-002,-4.212938653782563E-020)
 (7.088075038147992E-002,-4.212938653782563E-020) pi_q_relax = 
 (2.659151371723860E-002,-2.608355328151144E-010)
 (2.659151371723860E-002,-2.608355328151144E-010)
 (TO COMPARE with output) iq =            7 rvect=           0           0
           0 pi_q_unrelax= (7.088075038147992E-002,-4.212938653782563E-020)
 (7.088075038147992E-002,-4.212938653782563E-020) pi_q_relax = 
 (2.659151371723860E-002,-2.608355328151144E-010)
 (2.659151371723860E-002,-2.608355328151144E-010)
 (TO COMPARE with output) iq =            7 rvect=           0           0
           0 pi_q_unrelax= (7.088075038147992E-002,-4.212938653782563E-020)
 (7.088075038147992E-002,-4.212938653782563E-020) pi_q_relax = 
 (2.659151371723860E-002,-2.608355328151144E-010)
 (2.659151371723860E-002,-2.608355328151144E-010)

        iq =   7   iwann =   4   rPi_q =     0.02659151    -0.00000000   uPi_q =     0.07088075     0.00000000   SH_q =     0.03544038     0.00000000

        Start LR calculation for the wannier #  5   iq =  7   spin =  1

        SYM : iwann=     5 iq =     7 weight =   0.12500000

      iter #   1 total cpu time :    25.0 secs   av.it.:  13.4
      thresh= 1.000E-06 alpha_mix =  0.700 |ddv_scf|^2 =  4.258E-06

      iter #   2 total cpu time :    25.1 secs   av.it.:  13.4
      thresh= 1.000E-06 alpha_mix =  0.700 |ddv_scf|^2 =  8.345E-06

      iter #   3 total cpu time :    25.1 secs   av.it.:  13.2
      thresh= 1.000E-06 alpha_mix =  0.700 |ddv_scf|^2 =  2.377E-08

      iter #   4 total cpu time :    25.2 secs   av.it.:  11.4
      thresh= 1.000E-06 alpha_mix =  0.700 |ddv_scf|^2 =  1.491E-10

      iter #   5 total cpu time :    25.2 secs   av.it.:  11.0
      thresh= 1.221E-07 alpha_mix =  0.700 |ddv_scf|^2 =  1.745E-11

      iter #   6 total cpu time :    25.2 secs   av.it.:  11.2
      thresh= 4.178E-08 alpha_mix =  0.700 |ddv_scf|^2 =  2.218E-13

      iter #   7 total cpu time :    25.3 secs   av.it.:  11.2
      thresh= 4.709E-09 alpha_mix =  0.700 |ddv_scf|^2 =  5.072E-15

      iter #   8 total cpu time :    25.3 secs   av.it.:  10.9
      thresh= 7.122E-10 alpha_mix =  0.700 |ddv_scf|^2 =  2.491E-17

      iter #   9 total cpu time :    25.4 secs   av.it.:  11.1
      thresh= 4.991E-11 alpha_mix =  0.700 |ddv_scf|^2 =  4.985E-19
 (TO COMPARE with output) iq =            7 rvect=           0           0
           0 pi_q_unrelax= (7.088054777640081E-002,-2.079171728164072E-019)
 (7.088054777640081E-002,-2.079171728164072E-019) pi_q_relax = 
 (2.659145837602514E-002,-1.417734849758643E-010)
 (2.659145837602514E-002,-1.417734849758643E-010)
 (TO COMPARE with output) iq =            7 rvect=           0           0
           0 pi_q_unrelax= (7.088054777640081E-002,-2.079171728164072E-019)
 (7.088054777640081E-002,-2.079171728164072E-019) pi_q_relax = 
 (2.659145837602514E-002,-1.417734849758643E-010)
 (2.659145837602514E-002,-1.417734849758643E-010)
 (TO COMPARE with output) iq =            7 rvect=           0           0
           0 pi_q_unrelax= (7.088054777640081E-002,-2.079171728164072E-019)
 (7.088054777640081E-002,-2.079171728164072E-019) pi_q_relax = 
 (2.659145837602514E-002,-1.417734849758643E-010)
 (2.659145837602514E-002,-1.417734849758643E-010)
 (TO COMPARE with output) iq =            7 rvect=           0           0
           0 pi_q_unrelax= (7.088054777640081E-002,-2.079171728164072E-019)
 (7.088054777640081E-002,-2.079171728164072E-019) pi_q_relax = 
 (2.659145837602514E-002,-1.417734849758643E-010)
 (2.659145837602514E-002,-1.417734849758643E-010)

        iq =   7   iwann =   5   rPi_q =     0.02659146    -0.00000000   uPi_q =     0.07088055     0.00000000   SH_q =     0.03544027     0.00000000

        Start LR calculation for the wannier #  6   iq =  7   spin =  1

        SYM : iwann=     6 iq =     7 weight =   0.12500000

      iter #   1 total cpu time :    25.4 secs   av.it.:  13.4
      thresh= 1.000E-06 alpha_mix =  0.700 |ddv_scf|^2 =  4.259E-06

      iter #   2 total cpu time :    25.5 secs   av.it.:  13.4
      thresh= 1.000E-06 alpha_mix =  0.700 |ddv_scf|^2 =  8.346E-06

      iter #   3 total cpu time :    25.6 secs   av.it.:  13.2
      thresh= 1.000E-06 alpha_mix =  0.700 |ddv_scf|^2 =  2.377E-08

      iter #   4 total cpu time :    25.7 secs   av.it.:  11.4
      thresh= 1.000E-06 alpha_mix =  0.700 |ddv_scf|^2 =  1.491E-10

      iter #   5 total cpu time :    25.8 secs   av.it.:  11.0
      thresh= 1.221E-07 alpha_mix =  0.700 |ddv_scf|^2 =  1.745E-11

      iter #   6 total cpu time :    25.8 secs   av.it.:  11.2
      thresh= 4.178E-08 alpha_mix =  0.700 |ddv_scf|^2 =  2.219E-13

      iter #   7 total cpu time :    25.9 secs   av.it.:  11.2
      thresh= 4.710E-09 alpha_mix =  0.700 |ddv_scf|^2 =  5.074E-15

      iter #   8 total cpu time :    25.9 secs   av.it.:  10.9
      thresh= 7.123E-10 alpha_mix =  0.700 |ddv_scf|^2 =  2.508E-17

      iter #   9 total cpu time :    26.0 secs   av.it.:  11.1
      thresh= 5.008E-11 alpha_mix =  0.700 |ddv_scf|^2 =  7.610E-19
 (TO COMPARE with output) iq =            7 rvect=           0           0
           0 pi_q_unrelax= (7.088922209815959E-002,-1.172677007574653E-018)
 (7.088922209815959E-002,-1.172677007574653E-018) pi_q_relax = 
 (2.659527334543235E-002,1.562194873673164E-009)
 (2.659527334543235E-002,1.562194873673164E-009)
 (TO COMPARE with output) iq =            7 rvect=           0           0
           0 pi_q_unrelax= (7.088922209815959E-002,-1.172677007574653E-018)
 (7.088922209815959E-002,-1.172677007574653E-018) pi_q_relax = 
 (2.659527334543235E-002,1.562194873673164E-009)
 (2.659527334543235E-002,1.562194873673164E-009)
 (TO COMPARE with output) iq =            7 rvect=           0           0
           0 pi_q_unrelax= (7.088922209815959E-002,-1.172677007574653E-018)
 (7.088922209815959E-002,-1.172677007574653E-018) pi_q_relax = 
 (2.659527334543235E-002,1.562194873673164E-009)
 (2.659527334543235E-002,1.562194873673164E-009)
 (TO COMPARE with output) iq =            7 rvect=           0           0
           0 pi_q_unrelax= (7.088922209815959E-002,-1.172677007574653E-018)
 (7.088922209815959E-002,-1.172677007574653E-018) pi_q_relax = 
 (2.659527334543235E-002,1.562194873673164E-009)
 (2.659527334543235E-002,1.562194873673164E-009)

        iq =   7   iwann =   6   rPi_q =     0.02659527     0.00000000   uPi_q =     0.07088922     0.00000000   SH_q =     0.03544461     0.00000000

        Start LR calculation for the wannier #  7   iq =  7   spin =  1

        SYM : iwann=     7 iq =     7 weight =   0.12500000

      iter #   1 total cpu time :    26.0 secs   av.it.:  13.4
      thresh= 1.000E-06 alpha_mix =  0.700 |ddv_scf|^2 =  4.258E-06

      iter #   2 total cpu time :    26.1 secs   av.it.:  13.4
      thresh= 1.000E-06 alpha_mix =  0.700 |ddv_scf|^2 =  8.345E-06

      iter #   3 total cpu time :    26.1 secs   av.it.:  13.2
      thresh= 1.000E-06 alpha_mix =  0.700 |ddv_scf|^2 =  2.377E-08

      iter #   4 total cpu time :    26.2 secs   av.it.:  11.4
      thresh= 1.000E-06 alpha_mix =  0.700 |ddv_scf|^2 =  1.491E-10

      iter #   5 total cpu time :    26.2 secs   av.it.:  11.0
      thresh= 1.221E-07 alpha_mix =  0.700 |ddv_scf|^2 =  1.745E-11

      iter #   6 total cpu time :    26.3 secs   av.it.:  11.1
      thresh= 4.177E-08 alpha_mix =  0.700 |ddv_scf|^2 =  2.218E-13

      iter #   7 total cpu time :    26.3 secs   av.it.:  11.2
      thresh= 4.709E-09 alpha_mix =  0.700 |ddv_scf|^2 =  5.071E-15

      iter #   8 total cpu time :    26.4 secs   av.it.:  10.9
      thresh= 7.121E-10 alpha_mix =  0.700 |ddv_scf|^2 =  2.491E-17

      iter #   9 total cpu time :    26.4 secs   av.it.:  11.1
      thresh= 4.991E-11 alpha_mix =  0.700 |ddv_scf|^2 =  4.945E-19
 (TO COMPARE with output) iq =            7 rvect=           0           0
           0 pi_q_unrelax= (7.088062553925048E-002,4.937836611421476E-019)
 (7.088062553925048E-002,4.937836611421476E-019) pi_q_relax = 
 (2.659147646875328E-002,-8.023857726963319E-009)
 (2.659147646875328E-002,-8.023857726963319E-009)
 (TO COMPARE with output) iq =            7 rvect=           0           0
           0 pi_q_unrelax= (7.088062553925048E-002,4.937836611421476E-019)
 (7.088062553925048E-002,4.937836611421476E-019) pi_q_relax = 
 (2.659147646875328E-002,-8.023857726963319E-009)
 (2.659147646875328E-002,-8.023857726963319E-009)
 (TO COMPARE with output) iq =            7 rvect=           0           0
           0 pi_q_unrelax= (7.088062553925048E-002,4.937836611421476E-019)
 (7.088062553925048E-002,4.937836611421476E-019) pi_q_relax = 
 (2.659147646875328E-002,-8.023857726963319E-009)
 (2.659147646875328E-002,-8.023857726963319E-009)
 (TO COMPARE with output) iq =            7 rvect=           0           0
           0 pi_q_unrelax= (7.088062553925048E-002,4.937836611421476E-019)
 (7.088062553925048E-002,4.937836611421476E-019) pi_q_relax = 
 (2.659147646875328E-002,-8.023857726963319E-009)
 (2.659147646875328E-002,-8.023857726963319E-009)

        iq =   7   iwann =   7   rPi_q =     0.02659148    -0.00000001   uPi_q =     0.07088063    -0.00000000   SH_q =     0.03544031     0.00000000

        Start LR calculation for the wannier #  8   iq =  7   spin =  1

        SYM : iwann=     8 iq =     7 weight =   0.12500000

      iter #   1 total cpu time :    26.5 secs   av.it.:  13.4
      thresh= 1.000E-06 alpha_mix =  0.700 |ddv_scf|^2 =  4.259E-06

      iter #   2 total cpu time :    26.5 secs   av.it.:  13.4
      thresh= 1.000E-06 alpha_mix =  0.700 |ddv_scf|^2 =  8.346E-06

      iter #   3 total cpu time :    26.6 secs   av.it.:  13.2
      thresh= 1.000E-06 alpha_mix =  0.700 |ddv_scf|^2 =  2.377E-08

      iter #   4 total cpu time :    26.6 secs   av.it.:  11.4
      thresh= 1.000E-06 alpha_mix =  0.700 |ddv_scf|^2 =  1.491E-10

      iter #   5 total cpu time :    26.6 secs   av.it.:  11.0
      thresh= 1.221E-07 alpha_mix =  0.700 |ddv_scf|^2 =  1.745E-11

      iter #   6 total cpu time :    26.7 secs   av.it.:  11.1
      thresh= 4.178E-08 alpha_mix =  0.700 |ddv_scf|^2 =  2.219E-13

      iter #   7 total cpu time :    26.7 secs   av.it.:  11.2
      thresh= 4.710E-09 alpha_mix =  0.700 |ddv_scf|^2 =  5.073E-15

      iter #   8 total cpu time :    26.8 secs   av.it.:  10.9
      thresh= 7.122E-10 alpha_mix =  0.700 |ddv_scf|^2 =  2.513E-17

      iter #   9 total cpu time :    26.8 secs   av.it.:  11.1
      thresh= 5.013E-11 alpha_mix =  0.700 |ddv_scf|^2 =  8.337E-19
 (TO COMPARE with output) iq =            7 rvect=           0           0
           0 pi_q_unrelax= (7.088921304638346E-002,-1.538520798101522E-018)
 (7.088921304638346E-002,-1.538520798101522E-018) pi_q_relax = 
 (2.659526256935802E-002,7.895118833858609E-009)
 (2.659526256935802E-002,7.895118833858609E-009)
 (TO COMPARE with output) iq =            7 rvect=           0           0
           0 pi_q_unrelax= (7.088921304638346E-002,-1.538520798101522E-018)
 (7.088921304638346E-002,-1.538520798101522E-018) pi_q_relax = 
 (2.659526256935802E-002,7.895118833858609E-009)
 (2.659526256935802E-002,7.895118833858609E-009)
 (TO COMPARE with output) iq =            7 rvect=           0           0
           0 pi_q_unrelax= (7.088921304638346E-002,-1.538520798101522E-018)
 (7.088921304638346E-002,-1.538520798101522E-018) pi_q_relax = 
 (2.659526256935802E-002,7.895118833858609E-009)
 (2.659526256935802E-002,7.895118833858609E-009)
 (TO COMPARE with output) iq =            7 rvect=           0           0
           0 pi_q_unrelax= (7.088921304638346E-002,-1.538520798101522E-018)
 (7.088921304638346E-002,-1.538520798101522E-018) pi_q_relax = 
 (2.659526256935802E-002,7.895118833858609E-009)
 (2.659526256935802E-002,7.895118833858609E-009)

        iq =   7   iwann =   8   rPi_q =     0.02659526     0.00000001   uPi_q =     0.07088921     0.00000000   SH_q =     0.03544461    -0.00000000


     ==============================================================================
     Calculation of q =   -0.5000000   0.5000000   0.5000000  [Cart ]
     Calculation of q =    0.5000000   0.5000000   0.5000000  [Cryst]
     ==============================================================================

        INFO: prepare_q DONE

        INFO: rhowan_q(r) RETRIEVED

 
     Parallelization info
     --------------------
     sticks:   dense  smooth     PW     G-vecs:    dense   smooth      PW
     Min          73      73     27                  821      821     186
     Max          74      74     28                  823      823     189
     Sum         295     295    109                 3287     3287     749
 
     Using Slab Decomposition
 

     Title: 
     W2K Silicon                                                                


     bravais-lattice index     =            2
     lattice parameter (alat)  =      10.2631  a.u.
     unit-cell volume          =     270.2564 (a.u.)^3
     number of atoms/cell      =            2
     number of atomic types    =            1
     number of electrons       =         8.00 (up:   4.00, down:   4.00)
     number of Kohn-Sham states=            7
     kinetic-energy cutoff     =      20.0000  Ry
     charge density cutoff     =      80.0000  Ry
     Exchange-correlation= PW
                           (   1   4   0   0   0   0   0)

     celldm(1)=  10.263102  celldm(2)=   0.000000  celldm(3)=   0.000000
     celldm(4)=   0.000000  celldm(5)=   0.000000  celldm(6)=   0.000000

     crystal axes: (cart. coord. in units of alat)
               a(1) = (  -0.500000   0.000000   0.500000 )  
               a(2) = (   0.000000   0.500000   0.500000 )  
               a(3) = (  -0.500000   0.500000   0.000000 )  

     reciprocal axes: (cart. coord. in units 2 pi/alat)
               b(1) = ( -1.000000 -1.000000  1.000000 )  
               b(2) = (  1.000000  1.000000  1.000000 )  
               b(3) = ( -1.000000  1.000000 -1.000000 )  


     PseudoPot. # 1 for Si read from file:
     /home/colonna_n/CODES/q-e-kcw/pseudo/Si.upf
     MD5 check sum: 9e2d726316af3d4752eea8ab0afbb951
     Pseudo is Norm-conserving + core correction, Zval =  4.0
     Generated using ONCVPSP code by D. R. Hamann
     Using radial grid of 1510 points,  6 beta functions with: 
                l(1) =   0
                l(2) =   0
                l(3) =   1
                l(4) =   1
                l(5) =   2
                l(6) =   2

     atomic species   valence    mass     pseudopotential
     Si                4.00    28.08500     Si( 1.00)

     Starting magnetic structure 
     atomic species   magnetization
     Si              0.000

     48 Sym. Ops., with inversion, found



   Cartesian axes

     site n.     atom                  positions (alat units)
         1        Si     tau(   1) = (   0.0000000   0.0000000   0.0000000  )
         2        Si     tau(   2) = (  -0.2500000   0.2500000   0.2500000  )

     number of k points=    16
                       cart. coord. in units 2pi/alat
        k(    1) = (   0.0000000   0.0000000   0.0000000), wk =   0.1250000
        k(    2) = (  -0.5000000   0.5000000   0.5000000), wk =   0.0000000
        k(    3) = (  -0.5000000   0.5000000  -0.5000000), wk =   0.1250000
        k(    4) = (  -1.0000000   1.0000000  -0.0000000), wk =   0.0000000
        k(    5) = (   0.5000000   0.5000000   0.5000000), wk =   0.1250000
        k(    6) = (   0.0000000   1.0000000   1.0000000), wk =   0.0000000
        k(    7) = (   0.0000000   1.0000000   0.0000000), wk =   0.1250000
        k(    8) = (  -0.5000000   1.5000000   0.5000000), wk =   0.0000000
        k(    9) = (  -0.5000000  -0.5000000   0.5000000), wk =   0.1250000
        k(   10) = (  -1.0000000  -0.0000000   1.0000000), wk =   0.0000000
        k(   11) = (  -1.0000000   0.0000000   0.0000000), wk =   0.1250000
        k(   12) = (  -1.5000000   0.5000000   0.5000000), wk =   0.0000000
        k(   13) = (   0.0000000   0.0000000   1.0000000), wk =   0.1250000
        k(   14) = (  -0.5000000   0.5000000   1.5000000), wk =   0.0000000
        k(   15) = (  -0.5000000   0.5000000   0.5000000), wk =   0.1250000
        k(   16) = (  -1.0000000   1.0000000   1.0000000), wk =   0.0000000

     Dense  grid:     3287 G-vectors     FFT dimensions: (  24,  24,  24)

     Estimated max dynamical RAM per process >       1.44 MB

     Estimated total dynamical RAM >       5.76 MB
     Cannot read rho : file not found

     Initial potential from superposition of free atoms
     Starting wfcs are    8 atomic wfcs

     Band Structure Calculation
     Davidson diagonalization with overlap

     ethr =  1.25E-10,  avg # of iterations = 11.0

     total cpu time spent up to now is       -1.0 secs

     End of band structure calculation

 ------ SPIN UP ------------


          k = 0.0000 0.0000 0.0000 (   411 PWs)   bands (ev):

    -6.3172   5.4873   5.4873   5.4873   8.2924   8.2924   8.2924

          k =-0.5000 0.5000 0.5000 (   410 PWs)   bands (ev):

    -4.0501  -1.3079   4.3414   4.3414   7.1397   9.1372   9.1372

          k =-0.5000 0.5000-0.5000 (   410 PWs)   bands (ev):

    -4.0501  -1.3079   4.3414   4.3414   7.1397   9.1372   9.1372

          k =-1.0000 1.0000-0.0000 (   412 PWs)   bands (ev):

    -2.2473  -2.2473   2.7720   2.7720   6.5280   6.5280  15.6288

          k = 0.5000 0.5000 0.5000 (   410 PWs)   bands (ev):

    -4.0501  -1.3079   4.3414   4.3414   7.1397   9.1372   9.1372

          k = 0.0000 1.0000 1.0000 (   412 PWs)   bands (ev):

    -2.2473  -2.2473   2.7720   2.7720   6.5280   6.5280  15.6288

          k = 0.0000 1.0000 0.0000 (   412 PWs)   bands (ev):

    -2.2473  -2.2473   2.7720   2.7720   6.5280   6.5280  15.6288

          k =-0.5000 1.5000 0.5000 (   410 PWs)   bands (ev):

    -4.0501  -1.3079   4.3414   4.3414   7.1397   9.1372   9.1372

          k =-0.5000-0.5000 0.5000 (   410 PWs)   bands (ev):

    -4.0501  -1.3079   4.3414   4.3414   7.1397   9.1372   9.1372

          k =-1.0000-0.0000 1.0000 (   412 PWs)   bands (ev):

    -2.2473  -2.2473   2.7720   2.7720   6.5280   6.5280  15.6288

          k =-1.0000 0.0000 0.0000 (   412 PWs)   bands (ev):

    -2.2473  -2.2473   2.7720   2.7720   6.5280   6.5280  15.6288

          k =-1.5000 0.5000 0.5000 (   410 PWs)   bands (ev):

    -4.0501  -1.3079   4.3414   4.3414   7.1397   9.1372   9.1372

          k = 0.0000 0.0000 1.0000 (   412 PWs)   bands (ev):

    -2.2473  -2.2473   2.7720   2.7720   6.5280   6.5280  15.6288

          k =-0.5000 0.5000 1.5000 (   410 PWs)   bands (ev):

    -4.0501  -1.3079   4.3414   4.3414   7.1397   9.1372   9.1372

          k =-0.5000 0.5000 0.5000 (   410 PWs)   bands (ev):

    -4.0501  -1.3079   4.3414   4.3414   7.1397   9.1372   9.1372

          k =-1.0000 1.0000 1.0000 (   411 PWs)   bands (ev):

    -6.3172   5.4873   5.4873   5.4873   8.2924   8.2924   8.2924

 ------ SPIN DOWN ----------


          k = 0.0000 0.0000 0.0000 (   411 PWs)   bands (ev):

    -6.3172   5.4873   5.4873   5.4873   8.2924   8.2924   8.2924

          k =-0.5000 0.5000 0.5000 (   410 PWs)   bands (ev):

    -4.0501  -1.3079   4.3414   4.3414   7.1397   9.1372   9.1372

          k =-0.5000 0.5000-0.5000 (   410 PWs)   bands (ev):

    -4.0501  -1.3079   4.3414   4.3414   7.1397   9.1372   9.1372

          k =-1.0000 1.0000-0.0000 (   412 PWs)   bands (ev):

    -2.2473  -2.2473   2.7720   2.7720   6.5280   6.5280  15.6288

          k = 0.5000 0.5000 0.5000 (   410 PWs)   bands (ev):

    -4.0501  -1.3079   4.3414   4.3414   7.1397   9.1372   9.1372

          k = 0.0000 1.0000 1.0000 (   412 PWs)   bands (ev):

    -2.2473  -2.2473   2.7720   2.7720   6.5280   6.5280  15.6288

          k = 0.0000 1.0000 0.0000 (   412 PWs)   bands (ev):

    -2.2473  -2.2473   2.7720   2.7720   6.5280   6.5280  15.6288

          k =-0.5000 1.5000 0.5000 (   410 PWs)   bands (ev):

    -4.0501  -1.3079   4.3414   4.3414   7.1397   9.1372   9.1372

          k =-0.5000-0.5000 0.5000 (   410 PWs)   bands (ev):

    -4.0501  -1.3079   4.3414   4.3414   7.1397   9.1372   9.1372

          k =-1.0000-0.0000 1.0000 (   412 PWs)   bands (ev):

    -2.2473  -2.2473   2.7720   2.7720   6.5280   6.5280  15.6288

          k =-1.0000 0.0000 0.0000 (   412 PWs)   bands (ev):

    -2.2473  -2.2473   2.7720   2.7720   6.5280   6.5280  15.6288

          k =-1.5000 0.5000 0.5000 (   410 PWs)   bands (ev):

    -4.0501  -1.3079   4.3414   4.3414   7.1397   9.1372   9.1372

          k = 0.0000 0.0000 1.0000 (   412 PWs)   bands (ev):

    -2.2473  -2.2473   2.7720   2.7720   6.5280   6.5280  15.6288

          k =-0.5000 0.5000 1.5000 (   410 PWs)   bands (ev):

    -4.0501  -1.3079   4.3414   4.3414   7.1397   9.1372   9.1372

          k =-0.5000 0.5000 0.5000 (   410 PWs)   bands (ev):

    -4.0501  -1.3079   4.3414   4.3414   7.1397   9.1372   9.1372

          k =-1.0000 1.0000 1.0000 (   411 PWs)   bands (ev):

    -6.3172   5.4873   5.4873   5.4873   8.2924   8.2924   8.2924

     highest occupied, lowest unoccupied level (ev):     5.4873    6.5280

     Writing all to output data dir /home/colonna_n/CODES/q-e-kcw/tempdir/kcw/q8/Si.save/ :
     XML data file, pseudopotentials, collected wavefunctions

        INFO: NSCF calculation DONE

        INFO: kcw_q initialization DONE


        Start LR calculation for the wannier #  1   iq =  8   spin =  1

        SYM : iwann=     1 iq =     8 weight =   0.12500000

      iter #   1 total cpu time :    27.0 secs   av.it.:  13.9
      thresh= 1.000E-06 alpha_mix =  0.700 |ddv_scf|^2 =  8.823E-06

      iter #   2 total cpu time :    27.1 secs   av.it.:  13.9
      thresh= 1.000E-06 alpha_mix =  0.700 |ddv_scf|^2 =  3.617E-05

      iter #   3 total cpu time :    27.1 secs   av.it.:  13.2
      thresh= 1.000E-06 alpha_mix =  0.700 |ddv_scf|^2 =  4.884E-07

      iter #   4 total cpu time :    27.2 secs   av.it.:  12.4
      thresh= 1.000E-06 alpha_mix =  0.700 |ddv_scf|^2 =  1.103E-09

      iter #   5 total cpu time :    27.2 secs   av.it.:  11.5
      thresh= 3.321E-07 alpha_mix =  0.700 |ddv_scf|^2 =  4.150E-11

      iter #   6 total cpu time :    27.3 secs   av.it.:  11.8
      thresh= 6.442E-08 alpha_mix =  0.700 |ddv_scf|^2 =  6.326E-13

      iter #   7 total cpu time :    27.3 secs   av.it.:  11.4
      thresh= 7.954E-09 alpha_mix =  0.700 |ddv_scf|^2 =  1.894E-14

      iter #   8 total cpu time :    27.4 secs   av.it.:  11.4
      thresh= 1.376E-09 alpha_mix =  0.700 |ddv_scf|^2 =  1.806E-15

      iter #   9 total cpu time :    27.4 secs   av.it.:  11.6
      thresh= 4.250E-10 alpha_mix =  0.700 |ddv_scf|^2 =  6.677E-16

      iter #  10 total cpu time :    27.4 secs   av.it.:  11.2
      thresh= 2.584E-10 alpha_mix =  0.700 |ddv_scf|^2 =  9.596E-16

      iter #  11 total cpu time :    27.5 secs   av.it.:  10.8
      thresh= 3.098E-10 alpha_mix =  0.700 |ddv_scf|^2 =  2.388E-18

      iter #  12 total cpu time :    27.5 secs   av.it.:  11.5
      thresh= 1.545E-11 alpha_mix =  0.700 |ddv_scf|^2 =  3.373E-19
 (TO COMPARE with output) iq =            8 rvect=           0           0
           0 pi_q_unrelax= (8.405488956596333E-002,-7.651276110421536E-019)
 (8.405488956596333E-002,-7.651276110421536E-019) pi_q_relax = 
 (3.164411041194435E-002,1.160429585612758E-010)
 (3.164411041194435E-002,1.160429585612758E-010)
 (TO COMPARE with output) iq =            8 rvect=           0           0
           0 pi_q_unrelax= (8.405488956596333E-002,-7.651276110421536E-019)
 (8.405488956596333E-002,-7.651276110421536E-019) pi_q_relax = 
 (3.164411041194435E-002,1.160429585612758E-010)
 (3.164411041194435E-002,1.160429585612758E-010)
 (TO COMPARE with output) iq =            8 rvect=           0           0
           0 pi_q_unrelax= (8.405488956596333E-002,-7.651276110421536E-019)
 (8.405488956596333E-002,-7.651276110421536E-019) pi_q_relax = 
 (3.164411041194435E-002,1.160429585612758E-010)
 (3.164411041194435E-002,1.160429585612758E-010)
 (TO COMPARE with output) iq =            8 rvect=           0           0
           0 pi_q_unrelax= (8.405488956596333E-002,-7.651276110421536E-019)
 (8.405488956596333E-002,-7.651276110421536E-019) pi_q_relax = 
 (3.164411041194435E-002,1.160429585612758E-010)
 (3.164411041194435E-002,1.160429585612758E-010)

        iq =   8   iwann =   1   rPi_q =     0.03164411     0.00000000   uPi_q =     0.08405489    -0.00000000   SH_q =     0.04202744    -0.00000000

        Start LR calculation for the wannier #  2   iq =  8   spin =  1

        SYM : iwann=     2 iq =     8 weight =   0.12500000

      iter #   1 total cpu time :    27.6 secs   av.it.:  13.9
      thresh= 1.000E-06 alpha_mix =  0.700 |ddv_scf|^2 =  8.822E-06

      iter #   2 total cpu time :    27.6 secs   av.it.:  13.9
      thresh= 1.000E-06 alpha_mix =  0.700 |ddv_scf|^2 =  3.616E-05

      iter #   3 total cpu time :    27.7 secs   av.it.:  13.2
      thresh= 1.000E-06 alpha_mix =  0.700 |ddv_scf|^2 =  4.885E-07

      iter #   4 total cpu time :    27.7 secs   av.it.:  12.4
      thresh= 1.000E-06 alpha_mix =  0.700 |ddv_scf|^2 =  1.103E-09

      iter #   5 total cpu time :    27.8 secs   av.it.:  11.5
      thresh= 3.321E-07 alpha_mix =  0.700 |ddv_scf|^2 =  4.150E-11

      iter #   6 total cpu time :    27.8 secs   av.it.:  11.6
      thresh= 6.442E-08 alpha_mix =  0.700 |ddv_scf|^2 =  6.326E-13

      iter #   7 total cpu time :    27.8 secs   av.it.:  11.6
      thresh= 7.953E-09 alpha_mix =  0.700 |ddv_scf|^2 =  1.894E-14

      iter #   8 total cpu time :    27.9 secs   av.it.:  11.4
      thresh= 1.376E-09 alpha_mix =  0.700 |ddv_scf|^2 =  1.806E-15

      iter #   9 total cpu time :    27.9 secs   av.it.:  11.9
      thresh= 4.250E-10 alpha_mix =  0.700 |ddv_scf|^2 =  6.677E-16

      iter #  10 total cpu time :    28.0 secs   av.it.:  11.0
      thresh= 2.584E-10 alpha_mix =  0.700 |ddv_scf|^2 =  9.596E-16

      iter #  11 total cpu time :    28.0 secs   av.it.:  10.8
      thresh= 3.098E-10 alpha_mix =  0.700 |ddv_scf|^2 =  2.387E-18

      iter #  12 total cpu time :    28.1 secs   av.it.:  11.6
      thresh= 1.545E-11 alpha_mix =  0.700 |ddv_scf|^2 =  3.372E-19
 (TO COMPARE with output) iq =            8 rvect=           0           0
           0 pi_q_unrelax= (8.404746025041294E-002,-1.165668137458717E-019)
 (8.404746025041294E-002,-1.165668137458717E-019) pi_q_relax = 
 (3.164068807102940E-002,2.597510551921245E-010)
 (3.164068807102940E-002,2.597510551921245E-010)
 (TO COMPARE with output) iq =            8 rvect=           0           0
           0 pi_q_unrelax= (8.404746025041294E-002,-1.165668137458717E-019)
 (8.404746025041294E-002,-1.165668137458717E-019) pi_q_relax = 
 (3.164068807102940E-002,2.597510551921245E-010)
 (3.164068807102940E-002,2.597510551921245E-010)
 (TO COMPARE with output) iq =            8 rvect=           0           0
           0 pi_q_unrelax= (8.404746025041294E-002,-1.165668137458717E-019)
 (8.404746025041294E-002,-1.165668137458717E-019) pi_q_relax = 
 (3.164068807102940E-002,2.597510551921245E-010)
 (3.164068807102940E-002,2.597510551921245E-010)
 (TO COMPARE with output) iq =            8 rvect=           0           0
           0 pi_q_unrelax= (8.404746025041294E-002,-1.165668137458717E-019)
 (8.404746025041294E-002,-1.165668137458717E-019) pi_q_relax = 
 (3.164068807102940E-002,2.597510551921245E-010)
 (3.164068807102940E-002,2.597510551921245E-010)

        iq =   8   iwann =   2   rPi_q =     0.03164069     0.00000000   uPi_q =     0.08404746    -0.00000000   SH_q =     0.04202373    -0.00000000

        Start LR calculation for the wannier #  3   iq =  8   spin =  1

        SYM : iwann=     3 iq =     8 weight =   0.12500000

      iter #   1 total cpu time :    28.1 secs   av.it.:  13.4
      thresh= 1.000E-06 alpha_mix =  0.700 |ddv_scf|^2 =  5.398E-06

      iter #   2 total cpu time :    28.2 secs   av.it.:  13.5
      thresh= 1.000E-06 alpha_mix =  0.700 |ddv_scf|^2 =  1.599E-05

      iter #   3 total cpu time :    28.2 secs   av.it.:  13.1
      thresh= 1.000E-06 alpha_mix =  0.700 |ddv_scf|^2 =  7.036E-07

      iter #   4 total cpu time :    28.2 secs   av.it.:  12.0
      thresh= 1.000E-06 alpha_mix =  0.700 |ddv_scf|^2 =  9.669E-10

      iter #   5 total cpu time :    28.3 secs   av.it.:  10.8
      thresh= 3.110E-07 alpha_mix =  0.700 |ddv_scf|^2 =  6.339E-11

      iter #   6 total cpu time :    28.3 secs   av.it.:  10.8
      thresh= 7.962E-08 alpha_mix =  0.700 |ddv_scf|^2 =  6.504E-13

      iter #   7 total cpu time :    28.4 secs   av.it.:  10.8
      thresh= 8.065E-09 alpha_mix =  0.700 |ddv_scf|^2 =  1.504E-14

      iter #   8 total cpu time :    28.4 secs   av.it.:  10.8
      thresh= 1.226E-09 alpha_mix =  0.700 |ddv_scf|^2 =  4.319E-17

      iter #   9 total cpu time :    28.4 secs   av.it.:  10.8
      thresh= 6.572E-11 alpha_mix =  0.700 |ddv_scf|^2 =  1.236E-17

      iter #  10 total cpu time :    28.5 secs   av.it.:  10.6
      thresh= 3.516E-11 alpha_mix =  0.700 |ddv_scf|^2 =  4.993E-19
 (TO COMPARE with output) iq =            8 rvect=           0           0
           0 pi_q_unrelax= (8.203671610290580E-002,-8.927939006676508E-019)
 (8.203671610290580E-002,-8.927939006676508E-019) pi_q_relax = 
 (3.493988080290746E-002,-2.824167109438300E-009)
 (3.493988080290746E-002,-2.824167109438300E-009)
 (TO COMPARE with output) iq =            8 rvect=           0           0
           0 pi_q_unrelax= (8.203671610290580E-002,-8.927939006676508E-019)
 (8.203671610290580E-002,-8.927939006676508E-019) pi_q_relax = 
 (3.493988080290746E-002,-2.824167109438300E-009)
 (3.493988080290746E-002,-2.824167109438300E-009)
 (TO COMPARE with output) iq =            8 rvect=           0           0
           0 pi_q_unrelax= (8.203671610290580E-002,-8.927939006676508E-019)
 (8.203671610290580E-002,-8.927939006676508E-019) pi_q_relax = 
 (3.493988080290746E-002,-2.824167109438300E-009)
 (3.493988080290746E-002,-2.824167109438300E-009)
 (TO COMPARE with output) iq =            8 rvect=           0           0
           0 pi_q_unrelax= (8.203671610290580E-002,-8.927939006676508E-019)
 (8.203671610290580E-002,-8.927939006676508E-019) pi_q_relax = 
 (3.493988080290746E-002,-2.824167109438300E-009)
 (3.493988080290746E-002,-2.824167109438300E-009)

        iq =   8   iwann =   3   rPi_q =     0.03493988    -0.00000000   uPi_q =     0.08203672     0.00000000   SH_q =     0.04101836    -0.00000000

        Start LR calculation for the wannier #  4   iq =  8   spin =  1

        SYM : iwann=     4 iq =     8 weight =   0.12500000

      iter #   1 total cpu time :    28.5 secs   av.it.:  13.8
      thresh= 1.000E-06 alpha_mix =  0.700 |ddv_scf|^2 =  8.822E-06

      iter #   2 total cpu time :    28.6 secs   av.it.:  13.9
      thresh= 1.000E-06 alpha_mix =  0.700 |ddv_scf|^2 =  3.616E-05

      iter #   3 total cpu time :    28.6 secs   av.it.:  13.2
      thresh= 1.000E-06 alpha_mix =  0.700 |ddv_scf|^2 =  4.885E-07

      iter #   4 total cpu time :    28.7 secs   av.it.:  12.2
      thresh= 1.000E-06 alpha_mix =  0.700 |ddv_scf|^2 =  1.103E-09

      iter #   5 total cpu time :    28.7 secs   av.it.:  11.2
      thresh= 3.321E-07 alpha_mix =  0.700 |ddv_scf|^2 =  4.150E-11

      iter #   6 total cpu time :    28.8 secs   av.it.:  11.5
      thresh= 6.442E-08 alpha_mix =  0.700 |ddv_scf|^2 =  6.326E-13

      iter #   7 total cpu time :    28.8 secs   av.it.:  11.2
      thresh= 7.953E-09 alpha_mix =  0.700 |ddv_scf|^2 =  1.894E-14

      iter #   8 total cpu time :    28.9 secs   av.it.:  11.2
      thresh= 1.376E-09 alpha_mix =  0.700 |ddv_scf|^2 =  1.806E-15

      iter #   9 total cpu time :    28.9 secs   av.it.:  11.6
      thresh= 4.250E-10 alpha_mix =  0.700 |ddv_scf|^2 =  6.674E-16

      iter #  10 total cpu time :    28.9 secs   av.it.:  10.9
      thresh= 2.583E-10 alpha_mix =  0.700 |ddv_scf|^2 =  9.597E-16

      iter #  11 total cpu time :    29.0 secs   av.it.:  10.8
      thresh= 3.098E-10 alpha_mix =  0.700 |ddv_scf|^2 =  2.385E-18

      iter #  12 total cpu time :    29.0 secs   av.it.:  11.5
      thresh= 1.544E-11 alpha_mix =  0.700 |ddv_scf|^2 =  3.371E-19
 (TO COMPARE with output) iq =            8 rvect=           0           0
           0 pi_q_unrelax= (8.404750428378389E-002,-2.689569498346293E-018)
 (8.404750428378389E-002,-2.689569498346293E-018) pi_q_relax = 
 (3.164070569345586E-002,1.405000938213655E-011)
 (3.164070569345586E-002,1.405000938213655E-011)
 (TO COMPARE with output) iq =            8 rvect=           0           0
           0 pi_q_unrelax= (8.404750428378389E-002,-2.689569498346293E-018)
 (8.404750428378389E-002,-2.689569498346293E-018) pi_q_relax = 
 (3.164070569345586E-002,1.405000938213655E-011)
 (3.164070569345586E-002,1.405000938213655E-011)
 (TO COMPARE with output) iq =            8 rvect=           0           0
           0 pi_q_unrelax= (8.404750428378389E-002,-2.689569498346293E-018)
 (8.404750428378389E-002,-2.689569498346293E-018) pi_q_relax = 
 (3.164070569345586E-002,1.405000938213655E-011)
 (3.164070569345586E-002,1.405000938213655E-011)
 (TO COMPARE with output) iq =            8 rvect=           0           0
           0 pi_q_unrelax= (8.404750428378389E-002,-2.689569498346293E-018)
 (8.404750428378389E-002,-2.689569498346293E-018) pi_q_relax = 
 (3.164070569345586E-002,1.405000938213655E-011)
 (3.164070569345586E-002,1.405000938213655E-011)

        iq =   8   iwann =   4   rPi_q =     0.03164071     0.00000000   uPi_q =     0.08404750     0.00000000   SH_q =     0.04202375    -0.00000000

        Start LR calculation for the wannier #  5   iq =  8   spin =  1

        SYM : iwann=     5 iq =     8 weight =   0.12500000

      iter #   1 total cpu time :    29.1 secs   av.it.:  13.4
      thresh= 1.000E-06 alpha_mix =  0.700 |ddv_scf|^2 =  5.397E-06

      iter #   2 total cpu time :    29.1 secs   av.it.:  13.5
      thresh= 1.000E-06 alpha_mix =  0.700 |ddv_scf|^2 =  1.599E-05

      iter #   3 total cpu time :    29.2 secs   av.it.:  13.1
      thresh= 1.000E-06 alpha_mix =  0.700 |ddv_scf|^2 =  7.036E-07

      iter #   4 total cpu time :    29.2 secs   av.it.:  12.0
      thresh= 1.000E-06 alpha_mix =  0.700 |ddv_scf|^2 =  9.668E-10

      iter #   5 total cpu time :    29.3 secs   av.it.:  10.8
      thresh= 3.109E-07 alpha_mix =  0.700 |ddv_scf|^2 =  6.338E-11

      iter #   6 total cpu time :    29.3 secs   av.it.:  10.8
      thresh= 7.961E-08 alpha_mix =  0.700 |ddv_scf|^2 =  6.504E-13

      iter #   7 total cpu time :    29.4 secs   av.it.:  10.8
      thresh= 8.065E-09 alpha_mix =  0.700 |ddv_scf|^2 =  1.503E-14

      iter #   8 total cpu time :    29.4 secs   av.it.:  10.8
      thresh= 1.226E-09 alpha_mix =  0.700 |ddv_scf|^2 =  4.334E-17

      iter #   9 total cpu time :    29.4 secs   av.it.:  10.8
      thresh= 6.583E-11 alpha_mix =  0.700 |ddv_scf|^2 =  1.281E-17

      iter #  10 total cpu time :    29.5 secs   av.it.:  10.6
      thresh= 3.579E-11 alpha_mix =  0.700 |ddv_scf|^2 =  1.508E-18

      iter #  11 total cpu time :    29.5 secs   av.it.:  10.8
      thresh= 1.228E-11 alpha_mix =  0.700 |ddv_scf|^2 =  1.691E-18

      iter #  12 total cpu time :    29.6 secs   av.it.:  10.5
      thresh= 1.300E-11 alpha_mix =  0.700 |ddv_scf|^2 =  5.440E-21
 (TO COMPARE with output) iq =            8 rvect=           0           0
           0 pi_q_unrelax= (8.202598130480158E-002,4.433160563208233E-019)
 (8.202598130480158E-002,4.433160563208233E-019) pi_q_relax = 
 (3.493540996952918E-002,9.745493761536764E-011)
 (3.493540996952918E-002,9.745493761536764E-011)
 (TO COMPARE with output) iq =            8 rvect=           0           0
           0 pi_q_unrelax= (8.202598130480158E-002,4.433160563208233E-019)
 (8.202598130480158E-002,4.433160563208233E-019) pi_q_relax = 
 (3.493540996952918E-002,9.745493761536764E-011)
 (3.493540996952918E-002,9.745493761536764E-011)
 (TO COMPARE with output) iq =            8 rvect=           0           0
           0 pi_q_unrelax= (8.202598130480158E-002,4.433160563208233E-019)
 (8.202598130480158E-002,4.433160563208233E-019) pi_q_relax = 
 (3.493540996952918E-002,9.745493761536764E-011)
 (3.493540996952918E-002,9.745493761536764E-011)
 (TO COMPARE with output) iq =            8 rvect=           0           0
           0 pi_q_unrelax= (8.202598130480158E-002,4.433160563208233E-019)
 (8.202598130480158E-002,4.433160563208233E-019) pi_q_relax = 
 (3.493540996952918E-002,9.745493761536764E-011)
 (3.493540996952918E-002,9.745493761536764E-011)

        iq =   8   iwann =   5   rPi_q =     0.03493541     0.00000000   uPi_q =     0.08202598    -0.00000000   SH_q =     0.04101299     0.00000000

        Start LR calculation for the wannier #  6   iq =  8   spin =  1

        SYM : iwann=     6 iq =     8 weight =   0.12500000

      iter #   1 total cpu time :    29.6 secs   av.it.:  13.8
      thresh= 1.000E-06 alpha_mix =  0.700 |ddv_scf|^2 =  8.823E-06

      iter #   2 total cpu time :    29.7 secs   av.it.:  13.9
      thresh= 1.000E-06 alpha_mix =  0.700 |ddv_scf|^2 =  3.617E-05

      iter #   3 total cpu time :    29.7 secs   av.it.:  13.2
      thresh= 1.000E-06 alpha_mix =  0.700 |ddv_scf|^2 =  4.884E-07

      iter #   4 total cpu time :    29.8 secs   av.it.:  12.2
      thresh= 1.000E-06 alpha_mix =  0.700 |ddv_scf|^2 =  1.103E-09

      iter #   5 total cpu time :    29.8 secs   av.it.:  11.4
      thresh= 3.321E-07 alpha_mix =  0.700 |ddv_scf|^2 =  4.150E-11

      iter #   6 total cpu time :    29.8 secs   av.it.:  11.5
      thresh= 6.442E-08 alpha_mix =  0.700 |ddv_scf|^2 =  6.326E-13

      iter #   7 total cpu time :    29.9 secs   av.it.:  11.4
      thresh= 7.954E-09 alpha_mix =  0.700 |ddv_scf|^2 =  1.894E-14

      iter #   8 total cpu time :    29.9 secs   av.it.:  11.2
      thresh= 1.376E-09 alpha_mix =  0.700 |ddv_scf|^2 =  1.806E-15

      iter #   9 total cpu time :    30.0 secs   av.it.:  11.6
      thresh= 4.250E-10 alpha_mix =  0.700 |ddv_scf|^2 =  6.679E-16

      iter #  10 total cpu time :    30.0 secs   av.it.:  11.0
      thresh= 2.584E-10 alpha_mix =  0.700 |ddv_scf|^2 =  9.597E-16

      iter #  11 total cpu time :    30.0 secs   av.it.:  10.8
      thresh= 3.098E-10 alpha_mix =  0.700 |ddv_scf|^2 =  2.388E-18

      iter #  12 total cpu time :    30.1 secs   av.it.:  11.4
      thresh= 1.545E-11 alpha_mix =  0.700 |ddv_scf|^2 =  3.373E-19
 (TO COMPARE with output) iq =            8 rvect=           0           0
           0 pi_q_unrelax= (8.405502297262638E-002,1.550046211619713E-018)
 (8.405502297262638E-002,1.550046211619713E-018) pi_q_relax = 
 (3.164414249118467E-002,-2.134171528502366E-010)
 (3.164414249118467E-002,-2.134171528502366E-010)
 (TO COMPARE with output) iq =            8 rvect=           0           0
           0 pi_q_unrelax= (8.405502297262638E-002,1.550046211619713E-018)
 (8.405502297262638E-002,1.550046211619713E-018) pi_q_relax = 
 (3.164414249118467E-002,-2.134171528502366E-010)
 (3.164414249118467E-002,-2.134171528502366E-010)
 (TO COMPARE with output) iq =            8 rvect=           0           0
           0 pi_q_unrelax= (8.405502297262638E-002,1.550046211619713E-018)
 (8.405502297262638E-002,1.550046211619713E-018) pi_q_relax = 
 (3.164414249118467E-002,-2.134171528502366E-010)
 (3.164414249118467E-002,-2.134171528502366E-010)
 (TO COMPARE with output) iq =            8 rvect=           0           0
           0 pi_q_unrelax= (8.405502297262638E-002,1.550046211619713E-018)
 (8.405502297262638E-002,1.550046211619713E-018) pi_q_relax = 
 (3.164414249118467E-002,-2.134171528502366E-010)
 (3.164414249118467E-002,-2.134171528502366E-010)

        iq =   8   iwann =   6   rPi_q =     0.03164414    -0.00000000   uPi_q =     0.08405502    -0.00000000   SH_q =     0.04202751     0.00000000

        Start LR calculation for the wannier #  7   iq =  8   spin =  1

        SYM : iwann=     7 iq =     8 weight =   0.12500000

      iter #   1 total cpu time :    30.1 secs   av.it.:  13.9
      thresh= 1.000E-06 alpha_mix =  0.700 |ddv_scf|^2 =  8.822E-06

      iter #   2 total cpu time :    30.2 secs   av.it.:  13.9
      thresh= 1.000E-06 alpha_mix =  0.700 |ddv_scf|^2 =  3.616E-05

      iter #   3 total cpu time :    30.2 secs   av.it.:  13.2
      thresh= 1.000E-06 alpha_mix =  0.700 |ddv_scf|^2 =  4.885E-07

      iter #   4 total cpu time :    30.3 secs   av.it.:  12.4
      thresh= 1.000E-06 alpha_mix =  0.700 |ddv_scf|^2 =  1.103E-09

      iter #   5 total cpu time :    30.3 secs   av.it.:  11.4
      thresh= 3.321E-07 alpha_mix =  0.700 |ddv_scf|^2 =  4.150E-11

      iter #   6 total cpu time :    30.4 secs   av.it.:  11.8
      thresh= 6.442E-08 alpha_mix =  0.700 |ddv_scf|^2 =  6.326E-13

      iter #   7 total cpu time :    30.4 secs   av.it.:  11.5
      thresh= 7.954E-09 alpha_mix =  0.700 |ddv_scf|^2 =  1.894E-14

      iter #   8 total cpu time :    30.5 secs   av.it.:  11.4
      thresh= 1.376E-09 alpha_mix =  0.700 |ddv_scf|^2 =  1.806E-15

      iter #   9 total cpu time :    30.5 secs   av.it.:  11.6
      thresh= 4.250E-10 alpha_mix =  0.700 |ddv_scf|^2 =  6.676E-16

      iter #  10 total cpu time :    30.5 secs   av.it.:  11.0
      thresh= 2.584E-10 alpha_mix =  0.700 |ddv_scf|^2 =  9.596E-16

      iter #  11 total cpu time :    30.6 secs   av.it.:  10.8
      thresh= 3.098E-10 alpha_mix =  0.700 |ddv_scf|^2 =  2.386E-18

      iter #  12 total cpu time :    30.6 secs   av.it.:  11.5
      thresh= 1.545E-11 alpha_mix =  0.700 |ddv_scf|^2 =  3.372E-19
 (TO COMPARE with output) iq =            8 rvect=           0           0
           0 pi_q_unrelax= (8.404737139243214E-002,3.285954108531728E-018)
 (8.404737139243214E-002,3.285954108531728E-018) pi_q_relax = 
 (3.164067626746591E-002,1.361519007718051E-010)
 (3.164067626746591E-002,1.361519007718051E-010)
 (TO COMPARE with output) iq =            8 rvect=           0           0
           0 pi_q_unrelax= (8.404737139243214E-002,3.285954108531728E-018)
 (8.404737139243214E-002,3.285954108531728E-018) pi_q_relax = 
 (3.164067626746591E-002,1.361519007718051E-010)
 (3.164067626746591E-002,1.361519007718051E-010)
 (TO COMPARE with output) iq =            8 rvect=           0           0
           0 pi_q_unrelax= (8.404737139243214E-002,3.285954108531728E-018)
 (8.404737139243214E-002,3.285954108531728E-018) pi_q_relax = 
 (3.164067626746591E-002,1.361519007718051E-010)
 (3.164067626746591E-002,1.361519007718051E-010)
 (TO COMPARE with output) iq =            8 rvect=           0           0
           0 pi_q_unrelax= (8.404737139243214E-002,3.285954108531728E-018)
 (8.404737139243214E-002,3.285954108531728E-018) pi_q_relax = 
 (3.164067626746591E-002,1.361519007718051E-010)
 (3.164067626746591E-002,1.361519007718051E-010)

        iq =   8   iwann =   7   rPi_q =     0.03164068     0.00000000   uPi_q =     0.08404737    -0.00000000   SH_q =     0.04202369    -0.00000000

        Start LR calculation for the wannier #  8   iq =  8   spin =  1

        SYM : iwann=     8 iq =     8 weight =   0.12500000

      iter #   1 total cpu time :    30.7 secs   av.it.:  13.9
      thresh= 1.000E-06 alpha_mix =  0.700 |ddv_scf|^2 =  8.823E-06

      iter #   2 total cpu time :    30.7 secs   av.it.:  13.9
      thresh= 1.000E-06 alpha_mix =  0.700 |ddv_scf|^2 =  3.617E-05

      iter #   3 total cpu time :    30.8 secs   av.it.:  13.2
      thresh= 1.000E-06 alpha_mix =  0.700 |ddv_scf|^2 =  4.884E-07

      iter #   4 total cpu time :    30.8 secs   av.it.:  12.4
      thresh= 1.000E-06 alpha_mix =  0.700 |ddv_scf|^2 =  1.103E-09

      iter #   5 total cpu time :    30.9 secs   av.it.:  11.5
      thresh= 3.321E-07 alpha_mix =  0.700 |ddv_scf|^2 =  4.150E-11

      iter #   6 total cpu time :    30.9 secs   av.it.:  11.6
      thresh= 6.442E-08 alpha_mix =  0.700 |ddv_scf|^2 =  6.326E-13

      iter #   7 total cpu time :    30.9 secs   av.it.:  11.6
      thresh= 7.954E-09 alpha_mix =  0.700 |ddv_scf|^2 =  1.894E-14

      iter #   8 total cpu time :    31.0 secs   av.it.:  11.5
      thresh= 1.376E-09 alpha_mix =  0.700 |ddv_scf|^2 =  1.806E-15

      iter #   9 total cpu time :    31.0 secs   av.it.:  11.9
      thresh= 4.250E-10 alpha_mix =  0.700 |ddv_scf|^2 =  6.675E-16

      iter #  10 total cpu time :    31.1 secs   av.it.:  11.1
      thresh= 2.584E-10 alpha_mix =  0.700 |ddv_scf|^2 =  9.594E-16

      iter #  11 total cpu time :    31.1 secs   av.it.:  10.8
      thresh= 3.097E-10 alpha_mix =  0.700 |ddv_scf|^2 =  2.388E-18

      iter #  12 total cpu time :    31.1 secs   av.it.:  11.6
      thresh= 1.545E-11 alpha_mix =  0.700 |ddv_scf|^2 =  3.373E-19
 (TO COMPARE with output) iq =            8 rvect=           0           0
           0 pi_q_unrelax= (8.405497443615498E-002,2.587962535204866E-018)
 (8.405497443615498E-002,2.587962535204866E-018) pi_q_relax = 
 (3.164411999668623E-002,5.018631686931979E-011)
 (3.164411999668623E-002,5.018631686931979E-011)

 (TO COMPARE with output) iq =            8 rvect=           0           0
           0 pi_q_unrelax= (8.405497443615498E-002,2.587962535204866E-018)
 (8.405497443615498E-002,2.587962535204866E-018) pi_q_relax = 
 (3.164411999668623E-002,5.018631686931979E-011)
 (3.164411999668623E-002,5.018631686931979E-011)
 (TO COMPARE with output) iq =            8 rvect=           0           0
           0 pi_q_unrelax= (8.405497443615498E-002,2.587962535204866E-018)
 (8.405497443615498E-002,2.587962535204866E-018) pi_q_relax = 
 (3.164411999668623E-002,5.018631686931979E-011)
 (3.164411999668623E-002,5.018631686931979E-011)
 (TO COMPARE with output) iq =            8 rvect=           0           0
           0 pi_q_unrelax= (8.405497443615498E-002,2.587962535204866E-018)
 (8.405497443615498E-002,2.587962535204866E-018) pi_q_relax = 
 (3.164411999668623E-002,5.018631686931979E-011)
 (3.164411999668623E-002,5.018631686931979E-011)
        iq =   8   iwann =   8   rPi_q =     0.03164412     0.00000000   uPi_q =     0.08405497    -0.00000000   SH_q =     0.04202749     0.00000000


     INFO: LR CALCULATION ... DONE





        iwann  =     1   relaxed =      0.22721936   unrelaxed =      1.02835427   alpha =  0.22095436   self Hartree =  0.51417713

        iwann  =     2   relaxed =      0.22719068   unrelaxed =      1.02829142   alpha =  0.22093997   self Hartree =  0.51414571

        iwann  =     3   relaxed =      0.22721911   unrelaxed =      1.02835324   alpha =  0.22095434   self Hartree =  0.51417662

        iwann  =     4   relaxed =      0.22719073   unrelaxed =      1.02829147   alpha =  0.22094001   self Hartree =  0.51414574

        iwann  =     5   relaxed =      0.22719029   unrelaxed =      1.02828924   alpha =  0.22094006   self Hartree =  0.51414462

        iwann  =     6   relaxed =      0.22721955   unrelaxed =      1.02835539   alpha =  0.22095430   self Hartree =  0.51417769

        iwann  =     7   relaxed =      0.22719054   unrelaxed =      1.02829032   alpha =  0.22094008   self Hartree =  0.51414516

        iwann  =     8   relaxed =      0.22721950   unrelaxed =      1.02835534   alpha =  0.22095426   self Hartree =  0.51417767




 
     init_run     :      0.03s CPU      0.03s WALL (       7 calls)
     electrons    :      0.98s CPU      1.06s WALL (       7 calls)

     Called by init_run:
     wfcinit      :      0.00s CPU      0.00s WALL (       7 calls)
     wfcinit:atom :      0.00s CPU      0.00s WALL (     224 calls)
     wfcinit:wfcr :      0.08s CPU      0.08s WALL (     224 calls)
     potinit      :      0.01s CPU      0.01s WALL (       7 calls)
     hinit0       :      0.01s CPU      0.01s WALL (       7 calls)

     Called by electrons:
     c_bands      :      0.98s CPU      1.06s WALL (       7 calls)
     v_of_rho     :      0.01s CPU      0.01s WALL (       8 calls)
     v_h          :      0.00s CPU      0.00s WALL (       8 calls)
     v_xc         :      0.01s CPU      0.01s WALL (       8 calls)

     Called by c_bands:
     init_us_2    :      0.24s CPU      0.28s WALL (   10816 calls)
     cegterg      :      0.87s CPU      0.94s WALL (     224 calls)

     Called by sum_band:

     Called by *egterg:
     cdiaghg      :      0.21s CPU      0.22s WALL (    2688 calls)
     cegterg:over :      0.05s CPU      0.05s WALL (    2464 calls)
     cegterg:upda :      0.02s CPU      0.02s WALL (    2464 calls)
     cegterg:last :      0.01s CPU      0.01s WALL (     868 calls)
     h_psi        :     18.48s CPU     20.87s WALL (  143381 calls)
     g_psi        :      0.01s CPU      0.01s WALL (    2464 calls)

     Called by h_psi:
     h_psi:calbec :      1.28s CPU      1.45s WALL (  143381 calls)
     vloc_psi     :     15.78s CPU     17.83s WALL (  143381 calls)
                                        0.00s GPU  (  143381 calls)
     add_vuspsi   :      0.81s CPU      0.91s WALL (  143381 calls)

     General routines
     calbec       :      1.09s CPU      1.24s WALL (  143381 calls)
     fft          :      0.07s CPU      0.08s WALL (    3350 calls)
     ffts         :      0.53s CPU      0.55s WALL (   29760 calls)
     fftw         :     14.42s CPU     16.34s WALL ( 1243048 calls)
     davcio       :      0.43s CPU      1.02s WALL (   59336 calls)
 
     Parallel routines
 
     KCW          :     27.04s CPU     31.17s WALL

     INITIALIZATION: 
 
     init_vloc    :      0.01s CPU      0.01s WALL (       8 calls)
     init_us_1    :      0.00s CPU      0.00s WALL (       8 calls)
 
     solve_linter :     24.99s CPU     28.97s WALL (      64 calls)
     kcw_run_nscf :      1.04s CPU      1.14s WALL (       7 calls)
 
     solve_linter :     24.99s CPU     28.97s WALL (      64 calls)
     ortho        :      0.10s CPU      0.11s WALL (   10592 calls)
     cgsolve      :     21.02s CPU     23.77s WALL (   10592 calls)
     incdrhoscf   :      1.46s CPU      1.66s WALL (   10592 calls)
                                        0.00s GPU  (   10592 calls)
     dv_of_drho   :      0.07s CPU      0.08s WALL (     662 calls)
     mix_pot      :      0.27s CPU      0.46s WALL (     662 calls)
 
 
     cgsolve      :     21.02s CPU     23.77s WALL (   10592 calls)
     ch_psi       :     19.99s CPU     22.60s WALL (  140469 calls)
 
     ch_psi       :     19.99s CPU     22.60s WALL (  140469 calls)
     h_psi        :     18.48s CPU     20.87s WALL (  143381 calls)
     last         :      1.41s CPU      1.60s WALL (  140469 calls)
 
     h_psi        :     18.48s CPU     20.87s WALL (  143381 calls)
     add_vuspsi   :      0.81s CPU      0.91s WALL (  143381 calls)
 
     incdrhoscf   :      1.46s CPU      1.66s WALL (   10592 calls)
                                        0.00s GPU  (   10592 calls)
 
 
      General routines
     calbec       :      1.09s CPU      1.24s WALL (  143381 calls)
     fft          :      0.07s CPU      0.08s WALL (    3350 calls)
     ffts         :      0.53s CPU      0.55s WALL (   29760 calls)
     fftw         :     14.42s CPU     16.34s WALL ( 1243048 calls)
     davcio       :      0.43s CPU      1.02s WALL (   59336 calls)
 
 
     KCW          :     27.04s CPU     31.17s WALL

 
   This run was terminated on:  16:33:57  14Apr2025            

=------------------------------------------------------------------------------=
   JOB DONE.
=------------------------------------------------------------------------------=
